stat,hard,koef_hard,line,fs1_public,prest,p2,p3,p1_1,p1_2,punkt,kodific,f10r13p1,f10r14p1_1,f10r14p1_2,f10r151_03,f10r14p1_6,f10r18p1,f10r18p1_2,f10r19p1um,f10r19p113,f10r19p114,f10r19p121,f10r211p1,f10r22p1,f10r24p1,f10r24p1gr,f10r24p2,f10r24p3,f10r25p1,f10r25p1gr,f10r25p2,f10r25p3,f10r27p1,f11r9p1_05,f11r9_no11,f11r9p1_21,f11r9p1_22,f11r9p1212,f11r9_no01,f11r91_24,f11r10no13,f11r17_01,f11r17_02,f11r17_03,f11r17_04,f11r17_07,f20r30_82,f60r15,f60r15p7,status,ord_r,fe1r32p1,fe1r33p1,fe1r33_16,fe1r331_12,fe1r331_20,fe1r34_04,fe1r351p1,fe2r18_33,fl1,fl1_2,fl1_wom,fl1_bwom,fl1_ml,fl1_nl,fl1u,fl1u_2,fl1u_wom,fl1u_bwom,fl1u_ml,fl1u_nl,fs1_neost,fs1r566_3o,fs1r567_1o,fs1r567_2,fs1r567_3o,fs1r567_4o,fs1r62_21,fs1r62_02,fs1r62_03,fs1r62_05,fs1r62_06,fs1r62_07,fs1r62_08,fs1r62_09,fs1r62_10,fs1r62_11,fs1r62_12,fs1r62_16,fs1r70_01,fs1r64,fs1r64_add,fs1r64_nn,fs1r64_0,fs1r64_05n,fs1r64_05x,fs1r64_06n,fs1r64_06x,fs1r64_09n,fs1r64_09x,fs1r64_12n,fs1r64_12x,fs1r64_11n,fs1r64_11x,fs1r64_01n,fs1r64_01x,fs1r65_o,fs1r65_n,fs1r65_02n,fs1r65_02x,d_izm,id
ст.99 ч.1,4,13240,1,,1,0990001,FE1R10P1,Убийство,Адам ґлтiру,,,,,,,,,,,ALL,,,,,01,,,,,,,,,,,,,,,,,,,,,,,,,2,0,,,NO,,,,,,ALL,,,,,,ALL,,,,,,,,,ALL,,,,ALL,,,,,,,,,,,,01,,"05,06,11,",,,,,,,,,,,,8,15,,,,,2015-01-01,1
ст.99 ч.1,4,13230,1,,1,0990001,FE1R10P1,Убийство,Адам ґлтiру,,,,,,,,,,,ALL,,,,,01,,,,,,,,,,,,,,,,,,,,,,,,,2,0,,,NO,,,,,,ALL,,,,,,ALL,,,,,,,,,ALL,,,,ALL,,,,,,,,,,,,01,,"05,06,11,",,,,,,,,,,,,8,15,,,,,2015-01-01,2
ст.99 ч.1,4,13240,1,,1,0990001,FE1R10P1,Убийство,Адам ґлтiру,,,,,,,,,,,ALL,,,,,01,,,,,,,,,,,,,,,,,,,,,,,,,1,0,,,NO,,,,,,ALL,,,,,,ALL,,,,,,,,,ALL,,,,ALL,,,,,,,,,,,,01,,"05,06,11,",,,,,,,,,,,,8,15,,,,,2024-06-15,3
ст.99 ч.2,4,14470,1,,1,0990002,FE1R10P1,Убийство,Адам ґлтiру,"01,02,03,04,05,06,07,08,09,10,11,12,13,14,15",,,,,07,07,07,,13,ALL,01,,14,04,ALL,,,,,,,,09,11,02,03,,05,,,12,,06,15,,,08,,,2,0,,,NO,08>,11>,,,,ALL,01,04,04,,14,ALL,01,04,04,,14,,14,,ALL,,,13,,"07,",,10,"03,04",02,05,06,15,,,15,"01,03",,"05,06,11,",,,,,,,,,,,,15,20,,01,,,2015-01-01,4
ст.99 ч.2,4,14500,1,,1,0990002,FE1R10P1,Убийство,Адам ґлтiру,"01,02,03,04,05,06,07,08,09,10,11,12,13,14,15",,,,,07,07,07,,13,ALL,01,,14,04,ALL,,,,,,,,09,11,02,03,,05,,,12,,06,15,,,08,,,1,0,,,NO,08>,11>,,,,ALL,01,04,04,,14,ALL,01,04,04,,14,,14,,ALL,,,13,,"07,",,10,"03,04",02,05,06,15,,,15,"01,03",,"05,06,11,",,,,,,,,,,,,15,20,,01,,,2024-06-15,5
ст.99 ч.2,4,14500,1,,1,0990002,FE1R10P1,Убийство,Адам ґлтiру,"01,02,03,04,05,06,07,08,09,10,11,12,13,14,15",,,,,07,07,07,,13,ALL,01,,14,04,ALL,,,,,,,,09,11,02,03,,05,,,12,,06,15,,,08,,,2,0,,,NO,08>,11>,,,,ALL,01,04,04,,14,ALL,01,04,04,,14,,14,,ALL,,,13,,"07,",,10,"03,04",02,05,06,15,,,15,"01,03",,"05,06,11,",,,,,,,,,,,,15,20,,01,,,2015-01-01,6
ст.99 ч.3,4,14700,1,,1,0990003,FE1R10P1,Убийство,Адам ґлтiру,,,,,,,,,,,ALL,,,,,01,,,,,,,,,,,,,,,,,,,,,,,,,2,0,,,NO,,,,,,ALL,,,,ALL,ALL,ALL,,,,ALL,ALL,,ALL,,ALL,,,,,,,,ALL,,,,,,,,"01,03",,"05,06,11,",,,,,,,,,,,,20,20,22,01,,,2020-01-11,7
ст.99 ч.3,4,14700,1,,1,0990003,FE1R10P1,Убийство,Адам ґлтiру,,,,,,,,,,,ALL,,,,,01,,,,,,,,,,,,,,,,,,,,,,,,,1,0,,,NO,,,,,,ALL,,,,ALL,ALL,ALL,,,,ALL,ALL,,ALL,,ALL,,,,,,,,ALL,,,,,,,,03,1,"01,05,06,11,",,,,,,,,,,,,,,,,,,2024-06-15,8
ст.100,2,5490,1,,1,1000001,FE1R10P1,Убийство матерью новорожденного ребенка,Жаѕа туєан баланы анасыныѕ ґлтiруi,,,,,,,,,,,ALL,,,ALL,,ALL,,,,,,,,,,,,,,,,,,,,,,,,,1,0,,,NO,,,,,,ALL,,,,ALL,,ALL,,,,ALL,,,ALL,,,,,,ALL,,,,,,,,,,,,"11,01",,"05,06,",,,,,,,,,,,4,,4,,,,,2015-01-01,9
ст.101 ч.1,2,4120,1,,1,1010001,FE1R10P1,"Убийство, совершенное в состоянии аффекта",Аффект жаєдайында жасалєан адам ґлтiру,,,,,,,,,,,ALL,,,,,ALL,,,,,,,,,,,,,,,,,,,,,,,,,1,0,,,NO,,,,,,ALL,,,,,,ALL,,,,,,,,,,,,,ALL,,,,,,,,,,,,"11,01",,"05,06,",,,,,,,,,,,3,,3,,,,,2015-01-01,10
ст.101 ч.2,2,6050,1,,1,1010002,FE1R10P1,"Убийство, совершенное в состоянии аффекта",Аффект жаєдайында жасалєан адам ґлтiру,,,,,,,,,,,ALL,2,,,,ALL,,,,,,,,,,,,,,,,,,,,,,,,,1,0,,,NO,,,,,,ALL,ALL,,,,,ALL,ALL,,,,,,,,,,,,,,,,,,,,,,,,01,,"05,06,11,",,,,,,,,,,,,,5,,,,,2015-01-01,11
ст.102,1,2370,1,,1,1020001,FE1R10P1,"Убийство, совершенное при превышении пределов необ",Ќажеттi ќорєаныс шегiнен шыєу кезiнде жасалєан ада,,,,,,,,,,,ALL,,,,,ALL,,,,,,,,,,,,,,,,,,,,,,,,,1,0,,,NO,,,,,,ALL,,,,,,ALL,,,,,,,,,,,,,ALL,,,,,,,,,,,,"11,01",,"05,06,",,,,,,,,,,,2,,2,,,,,2015-01-01,12
ст.103,2,4130,1,,1,1030001,FE1R10P1,"Убийство, совершенное при превышении мер, необходи",Ќылмыс жасаєан адамды ўстап алу їшiн ќажеттi шарал,,,,,,,,,,,ALL,,,,,ALL,,,,,,,,,,,,,,,,,,,,,,,,,1,0,,,NO,,,,,,ALL,,,,,,ALL,,,,,,,,,,,,,ALL,,,,,,,,,,,,"11,01",,"05,06,",,,,,,,,,,,3,,3,,,,,2015-01-01,13
ст.104 ч.1,1,4110,1,,1,1040001,FE1R10P1,Причинение смерти по неосторожности,Абайсызда ќазаєа ўшырату,,,,,,,,,,,ALL,,,,,ALL,,,,,,,,,,,,,,,,,,,,,,,,,1,0,,,NO,,,,,,ALL,,,,,,ALL,,,,,,ALL,,,,,,,ALL,,,,,,,,,,,,"11,01",,"05,06,",,,,,,,,,,,3,,3,,,,,2015-01-01,14
ст.104 ч.2,1,6390,1,,1,1040002,FE1R10P1,Причинение смерти по неосторожности,Абайсызда ќазаєа ўшырату,,,,,,,,,,,ALL,ALL,,,,ALL,,,,,,,,,,,,,,,,,,,,,,,,,1,0,,,NO,,,,,,ALL,,,,,,ALL,,,,,,ALL,,,,,,,,,,,,,,,,,,,"11,01",,"05,06,",,,,,,,,,,,5,,5,,,,,2015-01-01,15
ст.105 ч.1,2,4200,1,,1,1050001,FE1R10P1,"Доведение до самоубийства, склонение к совершению","Ґзін-ґзі ґлтіруге дейін жеткізу, ґзін-ґзі ґлтіруге",,,,,,,,,,,ALL,,,,,,,,,,,,,,,,,,,,,,,,,,,,,,1,0,,,NO,,,,,,ALL,,,,,,,,,,,,,,,,,,,ALL,,,,,,,,,,,,"11,01",,"05,06,",,,,,,,,,,,3,,3,,,,,2024-06-15,16
ст.105 ч.1,2,4140,1,,1,1050001,FE1R10P1,Доведение до самоубийства,Ґзiн-ґзi ґлтiруге дейiн жеткiзу,,,,,,,,,,,ALL,,,,,,,,,,,,,,,,,,,,,,,,,,,,,,2,0,,,NO,,,,,,ALL,,,,,,,,,,,,,,,,,,,ALL,,,,,,,,,,,,"11,01",,"05,06,",,,,,,,,,,,3,,3,,,,,2015-01-01,17
ст.105 ч.1,2,4180,1,,1,1050001,FE1R10P1,Доведение до самоубийства,Ґзiн-ґзi ґлтiруге дейiн жеткiзу,,,,,,,,,,,ALL,,,,,,,,,,,,,,,,,,,,,,,,,,,,,,2,0,,,NO,,,,,,ALL,,,,,,,,,,,,,,,,,,,ALL,,,,,,,,,,,,"11,01",,"05,06,",,,,,,,,,,,3,,3,,,,,2019-01-09,18
ст.105 ч.2,2,6500,1,,1,1050002,FE1R10P1,Доведение до самоубийства,Ґзiн-ґзi ґлтiруге дейiн жеткiзу,"01,02,03,04",,,,,,,,,,ALL,,,,,,,,,,,,,,,,,,,,,,,,,,,,,,2,0,,,NO,,,,,,ALL,,,,,,,,,,,,,,,,,,,,03,,,01,,,,,,,03,"11,01",,"05,06,",,,,,,,,,,,5,,5,,,,,2019-01-09,19
ст.105 ч.2,2,6520,1,,1,1050002,FE1R10P1,"Доведение до самоубийства, склонение к совершению","Ґзін-ґзі ґлтіруге дейін жеткізу, ґзін-ґзі ґлтіруге","01,02,03,04",,,,,,,,,,ALL,,,,,,,,,,,,,,,,,,,,,,,,,,,,,,1,0,,,NO,,,,,,ALL,,,,,,,,,,,,,,,,,,,,03,,,01,,,,,,,03,"11,01",,"05,06,",,,,,,,,,,,5,,5,,,,,2024-06-15,20
ст.105 ч.2,2,6450,1,,1,1050002,FE1R10P1,Доведение до самоубийства,Ґзiн-ґзi ґлтiруге дейiн жеткiзу,,,,,,,,,,,ALL,,,,,,,,,,,,,,,,,,,,,,,,,,,,,,2,0,,,NO,,,,,,ALL,,,,,,,,,,,,,,,,,,,,03,,,01,,,,,,,03,"11,01",,"05,06,",,,,,,,,,,,5,,5,,,,,2015-01-01,21
ст.105 ч.3,3,10420,1,,1,1050003,FE1R10P1,Доведение до самоубийства,Ґзiн-ґзi ґлтiруге дейiн жеткiзу,,,,,,,,,,,ALL,,,ALL,,,,,,,,,,,,,,,,,,,,,,,,,,,2,0,,,NO,,,,,,ALL,,,,,,,,,,,,,ALL,,,,,,,,,,,,,,,,,,01,,"05,06,11,",,,,,,,,,,,,3,8,,,,,2020-01-11,22
ст.105 ч.3,3,10760,1,,1,1050003,FE1R10P1,"Доведение до самоубийства, склонение к совершению","Ґзін-ґзі ґлтіруге дейін жеткізу, ґзін-ґзі ґлтіруге",,,,,,,,,,,ALL,,,ALL,,,,,,,,,,,,,,,,,,,,,,,,,,,1,0,,,NO,,,,,,ALL,,,,,,,,,,,,,ALL,,,,,,,,,,,,,,,,,,01,,"05,06,11,",,,,,,,,,,,,5,9,,,,,2024-06-15,23
ст.105 ч.3,3,8820,1,,1,1050003,FE1R10P1,Доведение до самоубийства,Ґзiн-ґзi ґлтiруге дейiн жеткiзу,,,,,,,,,,,ALL,,,ALL,,,,,,,,,,,,,,,,,,,,,,,,,,,2,0,,,NO,,,,,,ALL,,,,,,,,,,,,,ALL,,,,,,,,,,,,,,,,,,01,,"05,06,11,",,,,,,,,,,,,3,7,,,,,2015-01-01,24
ст.105 ч.3,3,8980,1,,1,1050003,FE1R10P1,Доведение до самоубийства,Ґзiн-ґзi ґлтiруге дейiн жеткiзу,,,,,,,,,,,ALL,,,ALL,,,,,,,,,,,,,,,,,,,,,,,,,,,2,0,,,NO,,,,,,ALL,,,,,,,,,,,,,ALL,,,,,,,,,,,,,,,,,,01,,"05,06,11,",,,,,,,,,,,,3,7,,,,,2019-01-09,25
ст.106 ч.1,3,10550,1,,1,1060001,FE1R10P1,Умышленное причинение тяжкого вреда здоровью,Денсаулыќќа ќасаќана ауыр зиян келтiру,,,,,,,,,,,ALL,,,,,,,,,,,,,,,,,,,,,,,,,,,,,,1,0,,,NO,,,,,,ALL,,,,,,,,,,,,,,ALL,,,,,ALL,,,,,,,,,,,,"11,01",,"05,06,",,,,,,,,,,3,8,3,8,,,,,2020-01-11,26
ст.106 ч.1,3,9520,1,,1,1060001,FE1R10P1,Умышленное причинение тяжкого вреда здоровью,Денсаулыќќа ќасаќана ауыр зиян келтiру,,,,,,,,,,,ALL,,,,,,,,,,,,,,,,,,,,,,,,,,,,,,2,0,,,NO,,,,,,ALL,,,,,,,,,,,,,,ALL,,,,,ALL,,,,,,,,,,,,"11,01",,"05,06,",,,,,,,,,,3,7,3,7,,,,,2015-01-01,27
ст.106 ч.2,3,11940,1,,1,1060002,FE1R10P1,Умышленное причинение тяжкого вреда здоровью,Денсаулыќќа ќасаќана ауыр зиян келтiру,"01,02,03,04,05,06,07,08,09,10,11,12",,,,,05,05,,,10,ALL,,01,11,,,,,,,,,,07,08,02,03,,04,,,09,,,12,,,,06,,1,0,,,NO,06>,08,,,,ALL,01,,,,11,,,,,,,,11,ALL,,,,10,ALL,05,,,03,02,04,,12,,,,01,,"05,06,11,",,,,,,,,,,,,6,10,,,,,2020-01-11,28
ст.106 ч.2,3,11090,1,,1,1060002,FE1R10P1,Умышленное причинение тяжкого вреда здоровью,Денсаулыќќа ќасаќана ауыр зиян келтiру,"01,02,03,04,05,06,07,08,09,10,11,12",,,,,05,05,,,10,ALL,,01,11,,,,,,,,,,07,08,02,03,,04,,,09,,,12,,,,06,,2,0,,,NO,06>,08,,,,ALL,01,,,,11,,,,,,,,11,ALL,,,,10,ALL,05,,,03,02,04,,12,,,,01,,"05,06,11,",,,,,,,,,,,,5,10,,,,,2015-01-01,29
ст.106 ч.3,3,12930,1,,1,1060003,FE1R10P1,Умышленное причинение тяжкого вреда здоровью,Денсаулыќќа ќасаќана ауыр зиян келтiру,,,,,,,,ALL -,,,ALL,,,,,ALL -,,,,,,,,,,,,,,,,,,,,,,,,,1,0,,,NO,,,,,,ALL,,,,,,ALL,,,,,,,,,,,,,ALL,ALL,,,,,,,,,,ALL,01,,"05,06,11,",,,,,,,,,,,,8,12,,,,,2015-01-01,30
ст.107 ч.1,1,2700,1,,1,1070001,FE1R10P1,Умышленное причинение средней тяжести вреда здоров,Денсаулыќќа ќасаќана ауырлыєы орташа зиян келтiру,,,,,,,,,,,ALL,,,,,,,,,,,,,,,,,,,,,,,,,,,,,,1,0,,,NO,,,,,,ALL,,,,,,,,,,,,,,,,,,,,,,,,,,,,,,,"05,06,09,11,01",,,,,1000,,1000,,600,,,,2,,2,,,,,2015-01-01,31
ст.107 ч.2,2,4550,1,,1,1070002,FE1R10P1,Умышленное причинение средней тяжести вреда здоров,Денсаулыќќа ќасаќана ауырлыєы орташа зиян келтiру,"01,02,03,04,05,06,07,08",,,,,,04,04,,07,ALL,,01,08,,,,,,,,,,05,06,02,,,,03,,,,,,,,,,,1,0,,,NO,,06,,,,ALL,01,,,,08,,,,,,,,08,,,,,07,,04,,,,02,03,,,,,04,"05,06,09,11,01",,,,,2000,,2000,,800,,,,3,,3,,,,,2015-01-01,32
ст.108,0,2030,1,1,2,1080001,FE1R10P1,Умышленное причинение легкого вреда здоровью,Денсаулыќќа ќасаќана жеѕіл зиян келтiру,,1,,,,,,,,,ALL,,,,,,,,,,,,,,,,,,,,,,,,,,,,,,2,0,,,NO,,,,,,ALL,,,,,,,,,,,,,,,,,,,,,,,,,,,,,,,"05,06,09,12",,,,,200,,200,,180,,60,,,,,,,,,2015-01-01,33
ст.108,0,2040,1,1,2,1080001,FE1R10P1,Умышленное причинение легкого вреда здоровью,Денсаулыќќа ќасаќана жеѕіл зиян келтiру,,1,,,,,,,,,ALL,,,,,,,,,,,,,,,,,,,,,,,,,,,,,,3,0,,,NO,,,,,,ALL,,,,,,,,,,,,,,,,,,,,,,,,,,,,,,,"05,06,09,12",,,,,200,,200,,180,,60,,,,,,,,,2017-07-20,34
ст.108-1 ч.1,0,1720,1,1,2,1080101,FE1R10P1,Умышленное причинение легкого вреда здоровью,Денсаулыќќа ќасаќана жеѕіл зиян келтiру,,,,,,,,,,,ALL,,,,,,,,,,,,,,,,,,,,,,,,,,,,,,1,0,,,NO,,,,,,ALL,,,,,,,,,,,,,,,,,,,,,,,,,,,,,,,"05,06,09,12",,,,,200,,200,,200,,50,,,,,,,,,2024-06-15,35
ст.108-1 ч.2,1,2750,1,1,1,1080102,FE1R10P1,Умышленное причинение легкого вреда здоровью,Денсаулыќќа ќасаќана жеѕіл зиян келтiру,"01,02,03,04,05,06,07,08",,,,,,,,,,ALL,,,,,,,,,,,,,,,,,,,,,,,,,,,,,,1,0,,,NO,,,,,,ALL,,,,,,,,,,,,,08,,,,,,,04,,,03,02,03,,,,,,"05,06,09,01,11",,,,,1000,,1000,,600,,,,2,,2,,,,,2024-06-15,36
ст.109,0,1180,,1,2,1090001,FE1R10P1,Побои,Ўрып-соєу,,1,,,,,,,,,ALL,,,,,,,,,,,,,,,,,,,,,,,,,,,,,,3,0,,,NO,,,,,,ALL,,,,,,,,,,,,,,,,,,,,,,,,,,,,,,,"05,06,09,12",,,,,100,,100,,120,,45,,,,,,,,,2015-01-01,37
ст.109-1 ч.1,0,340,1,1,2,1090101,FE1R10P1,Побои,Ўрып-соєу,,,,,,,,,,,ALL,,,,,,,,,,,,,,,,,,,,,,,,,,,,,,1,0,,,NO,,,,,,ALL,,,,,,,,,,,,,,,,,,,,,,,,,,,,,,,"05,06,09,12",,,,,80,,80,,80,,25,,,,,,,,,2024-06-15,38
ст.109-1 ч.2,0,2020,1,1,2,1090102,FE1R10P1,Побои,Ўрып-соєу,"01,02,03,04,05,06,07,08",,,,,,,,,,ALL,,,,,,,,,,,,,,,,,,,,,,,,,,,,,,1,0,,,NO,,,,,,ALL,,,,,,,,,,,,,08,,,,,07,,04,,,03,02,,,,,,,"05,06,09,12",,,,100,200,100,200,100,200,30,50,,,,,,,,,2024-06-15,39
ст.110 ч.1,2,4100,,1,1,1100001,FE1R10P1,Истязание,Ќинау,,,,,,,,,,,ALL,,,,,,,,,,,,,,,,,,,,,,,,,,,,,,1,0,,,NO,,,,,,ALL,,,,,,,,,,,,,,,,,,,,,,,,,ALL,,,,,,"05,06,09,01",,,,,1000,,1000,,600,,,,,,3,,,,,2024-06-15,40
ст.110 ч.1,1,2740,,1,1,1100001,FE1R10P1,Истязание,Ќинау,,,,,,,,,,,ALL,,,,,,,,,,,,,,,,,,,,,,,,,,,,,,2,0,,,NO,,,,,,ALL,,,,,,,,,,,,,,,,,,,,,,,,,ALL,,,,,,"05,06,09,11,01",,,,,1000,,1000,,600,,,,2,,2,,,,,2023-05-19,41
ст.110 ч.1,1,2710,,1,1,1100001,FE1R10P1,Истязание,Ќинау,,,,,,,,,,,ALL,,,,,,,,,,,,,,,,,,,,,,,,,,,,,,2,0,,,NO,,,,,,ALL,,,,,,,,,,,,,,,,,,,,,,,,,ALL,,,,,,"05,06,09,11,01",,,,,1000,,1000,,600,,,,2,,2,,,,,2015-01-01,42
ст.110 ч.2,3,9530,,,1,1100002,FE1R10P1,Истязание,Ќинау,"01,02,03,04,05,06",,,,,,,,,,ALL,,,01 -,03,,,,,,,,,,06,,,,,,,,,,,,,,,,2,0,,,NO,05,06,,,,ALL,02,03,03,,,,,,,,,,,"02,03,05,06",,,,,,,,,03,,,,,,,,"11,01",,"05,06,",,,,,,,,,,3,7,3,7,,,,,2015-01-01,43
ст.110 ч.2,3,9890,,,1,1100002,FE1R10P1,Истязание,Ќинау,"01,02,03,04,05,06",,,,,,,,,,ALL,,,01 -,03,,,,,,,,,,06,,,,,,,,,,,,,,,,1,0,,,NO,05,06,,,,ALL,02,03,03,,,,,,,,,,,"02,03,05,06",,,,,,,,,03,,,,,,,,01,,"05,06,",,,,,,,,,,,,4,7,,,,,2024-06-15,44
ст.110 ч.2,3,9990,,,1,1100002,FE1R10P1,Истязание,Ќинау,"01,02,03,04,05,06",,,,,,,,,,ALL,,,01 -,03,,,,,,,,,,06,,,,,,,,,,,,,,,,2,0,,,NO,05,06,,,,ALL,02,03,03,,,,,,,,,,,"02,03,05,06",,,,,,,,,03,,,,,,,,"11,01",,"05,06,",,,,,,,,,,4,7,4,7,,,,,2023-05-19,45
ст.110 ч.2,3,9980,,,1,1100002,FE1R10P1,Истязание,Ќинау,"01,02,03,04,05,06",,,,,,,,,,ALL,,,01 -,03,,,,,,,,,,06,,,,,,,,,,,,,,,,2,0,,,NO,05,06,,,,ALL,02,03,03,,,,,,,,,,,"02,03,05,06",,,,,,,,,03,,,,,,,,"11,01",,"05,06,",,,,,,,,,,4,7,4,7,,,,,2020-01-11,46
ст.111,0,390,1,,2,1110001,FE1R10P1,Причинение вреда здоровью в состоянии аффекта,Аффект жаєдайында денсаулыќќа зиян келтiру,,1,,,,,,,,,ALL,,,,,,,,,,,,,,,,,,,,,,,,,,,,,,1,0,,,NO,,,,,,ALL,,,,,,,,,,,,,,,,,,,ALL,,,,,,,,,,,,"05,06,09,12",,,,,120,,120,,120,,30,,,,,,,,,2015-01-01,47
ст.112 ч.1,1,2190,1,,1,1120001,FE1R10P1,Причинение тяжкого вреда здоровью при превышении п,Ќажеттi ќорєаныс шегiнен шыєу кезiнде денсаулыќќа,,,,,,,,,,,ALL,,,,,,,,,,,,,,,,,,,,,,,,,,,,,,1,0,,,NO,,,,,,ALL,,,,,,,,,,,,,,,,,,,ALL,,,,,,,,,,,,"05,06,09,11,01",,,,,1000,,1000,,400,,,,1,,1,,,,,2015-01-01,48
ст.112 ч.2,1,2380,1,,1,1120002,FE1R10P1,Причинение тяжкого вреда здоровью при превышении п,Ќажеттi ќорєаныс шегiнен шыєу кезiнде денсаулыќќа,,,,,,,,,,,ALL,,,,,ALL,,,,,,,,,,,,,,,,,,,,,,,,,1,0,,,NO,,,,,,ALL,,,,,,ALL,,,,,,,,,,,,,ALL,,,,,,,,,,,,"11,01",,"05,06,",,,,,,,,,,,2,,2,,,,,2015-01-01,49
ст.113,1,2200,1,,1,1130001,FE1R10P1,Причинение тяжкого вреда здоровью при задержании л,Ќылмыс жасаєан адамды ўстап алу кезiнде денсаулыќќ,,,,,,,,,,,ALL,,,,,,,,,,,,,,,,,,,,,,,,,,,,,,1,0,,,NO,,,,,,ALL,,,,,,,,,,,,,,,,,,,ALL,,,,,,,,,,,,"05,06,09,11,01",,,,,1000,,1000,,400,,,,1,,1,,,,,2015-01-01,50
ст.114 ч.1,0,190,,1,2,1140001,FE1R10P1,Неосторожное причинение вреда здоровью,Денсаулыќќа абайсызда зиян келтiру,,1,,,,,,,,,ALL,,,,,,,,,,,,,,,,,,,,,,,,,,,,,,1,0,,,NO,,,,,,ALL,,,,,,,,,,,,ALL,,,,,,,,,,,,,,,,,,,"05,06,09,12",,,,,80,,80,,80,,20,,,,,,,,,2015-01-01,51
ст.114 ч.2,0,360,,1,2,1140002,FE1R10P1,Неосторожное причинение вреда здоровью,Денсаулыќќа абайсызда зиян келтiру,,1,,,,,,,,,ALL,,ALL,,,,,,,,,,,,,,,,,,,,,,,,,,,,1,0,,,NO,,,,,,ALL,,,,,,,,,,,,ALL,,,,,,,,,,,,,,,,,,,"05,06,09,12",,,,,120,,120,,120,,30,,,,,,,,,2015-01-01,52
ст.114 ч.3,1,2160,,,1,1140003,FE1R10P1,Неосторожное причинение вреда здоровью,Денсаулыќќа абайсызда зиян келтiру,,,,,,,,,,,ALL,,,,,,,,,,,,,,,,,,,,,,,,,,,,,,1,0,,,NO,,,,,,ALL,,,,,,,,,,,,ALL,,,,,,,ALL,,,,,,,,,,,,"05,06,09,11,01",,,,,1000,,1000,,400,,,,1,,1,,,,,2015-01-01,53
ст.114 ч.4,1,2800,,,1,1140004,FE1R10P1,Неосторожное причинение вреда здоровью,Денсаулыќќа абайсызда зиян келтiру,,,,,,,,,,,ALL,,ALL,,,,,,,,,,,,,,,,,,,,,,,,,,,,1,0,,,NO,,,,,,ALL,,,,,,,,,,,,ALL,,,,,,,,,,,,,,,,,,,"05,06,09,11,01",,,,,2000,,2000,,600,,,,2,,2,,,,,2015-01-01,54
ст.115,0,400,1,2,2,1150001,FE1R10P1,Угроза,Ќорќыту,,1,,,,,,,,,ALL,,,,,,,,,,,,,,,,,,,,,,,,,,,,,,1,0,,,NO,,,,,,ALL,,,,,,,,,,,,,,,,,,,,,,,,,,ALL,,,,,"05,06,09,12",,,,,120,,120,,120,,30,,,,,,,,,2015-01-01,55
ст.115-1,0,1730,1,2,2,1150101,FE1R10P1,Сталкинг,Сталкинг,,1,,,,,,,,,ALL,,,,,,,,,,,,,,,,,,,,,,,,,,,,,,1,0,,,NO,,,,,,ALL,,,,,,,,,,,,,,,,,,,,,,,,,,,,,,,"05,06,09,12",,,,,200,,200,,200,,50,,,,,,,,,2025-09-16,56
ст.116 ч.1,2,6260,1,,1,1160001,FE1R10P1,Принуждение к изъятию или незаконное изъятие орган,Адамныѕ аєзалары мен тiндерiн алып ќоюєа мјжбїрлеу,,,,,,,,,,,ALL,,,,,,,,,,,,,,,,,,,,,,,,,,,,,,1,0,,,NO,,,,,,ALL,,,,,,,,,,,,,,,,,,,,,,,,,,,,,,,01,,"05,06,11,",,,,,,,,,,,,,5,,02,,3,2015-01-01,57
ст.116 ч.2,3,11550,1,,1,1160002,FE1R10P1,Принуждение к изъятию или незаконное изъятие орган,Адамныѕ аєзалары мен тiндерiн алып ќоюєа мјжбїрлеу,"01,02,03,04,05,06,07,08,09,10",,,,,04,04,,,05,ALL,,03,02,07,,09,,,,,06,,,,,,01,,,,,,,,,,,,,2,0,,,NO,,,,"06,",,ALL,03,07,07,,02,,,,07,,,,02,"01,03,04,05,06,07,08,09,10",,,,05,,04,,,"01,07",,,,,,,,01,,"05,06,11,",,,,,,,,,,,,5,10,,"01,02",,5,2015-01-01,58
ст.116 ч.2,3,11960,1,,1,1160002,FE1R10P1,Принуждение к изъятию или незаконное изъятие орган,Адамныѕ аєзалары мен тiндерiн алып ќоюєа мјжбїрлеу,"01,02,03,04,05,06,07,08,09,10",,,,,04,04,,,05,ALL,,03,02,07,,09,,,,,06,,,,,,01,,,,,,,,,,,,,1,0,,,NO,,,,"06,",,ALL,03,07,07,,02,,,,07,,,,02,"01,03,04,05,06,07,08,09,10",,,,05,,04,,,"01,07",,,,,,,,01,,"05,06,11,",,,,,,,,,,,,6,10,,"01,02",,6,2020-01-11,59
ст.116 ч.3,3,13020,1,,1,1160003,FE1R10P1,Принуждение к изъятию или незаконное изъятие орган,Адамныѕ аєзалары мен тiндерiн алып ќоюєа мјжбїрлеу,,,,,,,,ALL -,,,ALL,,,,,ALL -,,,,,,,,,,,,,,,,,,,,,,,,,1,0,,,NO,,,,,,ALL,,,,,,ALL,,,,,,,,,,,,,ALL,ALL,,,,,,,,,,ALL,01,,"05,06,11,",,,,,,,,,,,,8,12,"01,02",,,10,2020-01-11,60
ст.116 ч.3,3,12950,1,,1,1160003,FE1R10P1,Принуждение к изъятию или незаконное изъятие орган,Адамныѕ аєзалары мен тiндерiн алып ќоюєа мјжбїрлеу,,,,,,,,ALL -,,,ALL,,,,,ALL -,,,,,,,,,,,,,,,,,,,,,,,,,2,0,,,NO,,,,,,ALL,,,,,,ALL,,,,,,,,,,,,,ALL,ALL,,,,,,,,,,ALL,01,,"05,06,11,",,,,,,,,,,,,8,12,,"01,02",,10,2015-01-01,61
ст.117 ч.1,0,1190,,,2,1170001,FE1R10P1,Заражение венерической болезнью,Соз ауруын жўќтыру,,1,,,,,,,,,ALL,,,,,,,,,,,,,,,,,,,,,,,,,,,,,,1,0,,,NO,,,,,,ALL,,,,,,,,,,,,,,,,,,,ALL,,,,,,,,,,,,"05,06,09,12",,,,,100,,100,,120,,45,,,,,,,,,2015-01-01,62
ст.117 ч.2,1,2970,,,1,1170002,FE1R10P1,Заражение венерической болезнью,Соз ауруын жўќтыру,,,,,,,,,,,ALL,,2 и б,2 и б,,,,,,,,,,,,,,,,,,,,,,,,,,,1,0,,,NO,,,,,,ALL,ALL,,,,,,,,,,,,,,,,,,,,,,,,,,,,,,"05,06,09,11,01",,,,,2000,,2000,,600,,,,2,,2,,,,,2015-01-01,63
ст.118 ч.1,0,1360,1,,2,1180001,FE1R10P1,Заражение вирусом иммунодефицита человека (ВИЧ/СПИ,Адамныѕ иммун тапшылыєы вирусын (АИТВ/ЖИТС) жўќтыр,,1,,,,,,,,,ALL,,,,,,,,,,,,,,,,,,,,,,,,,,,,,,1,0,,,NO,,,,,,ALL,,,,,,,,,,,,,,,,,,,ALL,,,,,,,,,,,,"05,06,09,12",,,,,200,,200,,180,,50,,,,,,,,,2015-01-01,64
ст.118 ч.2,2,6060,1,,1,1180002,FE1R10P1,Заражение вирусом иммунодефицита человека (ВИЧ/СПИ,Адамныѕ иммун тапшылыєы вирусын (АИТВ/ЖИТС) жўќтыр,,,,,,,,,,,ALL,,,,,,,,,,,,,,,,,,,,,,,,,,,,,,1,0,,,NO,,,,,,ALL,,,,,,,,,,,,,,,,,,,,,,,,,,,,,,,01,,"05,06,11,",,,,,,,,,,,,,5,,,,,2015-01-01,65
ст.118 ч.3,3,10570,1,,1,1180003,FE1R10P1,Заражение вирусом иммунодефицита человека (ВИЧ/СПИ,Адамныѕ иммун тапшылыєы вирусын (АИТВ/ЖИТС) жўќтыр,,,,,,,,,,,ALL,,ALL -,ALL -,,,,,,,,,,,,,,,,,,,,,,,,,,,2,0,,,NO,,,,,,ALL,ALL,,,,,,,,,,,,,ALL,,,,,,,,,,,,,,,,,01,,"05,06,11,",,,,,,,,,,,,4,8,,,,,2015-01-01,66
ст.118 ч.3,3,11400,1,,1,1180003,FE1R10P1,Заражение вирусом иммунодефицита человека (ВИЧ/СПИ,Адамныѕ иммун тапшылыєы вирусын (АИТВ/ЖИТС) жўќтыр,,,,,,,,,,,ALL,,ALL -,ALL -,,,,,,,,,,,,,,,,,,,,,,,,,,,1,0,,,NO,,,,,,ALL,ALL,,,,,,,,,,,,,ALL,,,,,,,,,,,,,,,,,01,,"05,06,11,",,,,,,,,,,,,5,10,,,,,2020-01-11,67
ст.119 ч.1,0,1200,1,,2,1190001,FE1R10P1,Оставление в опасности,Ќауiптi жаєдайда ќалдыру,,1,,,,,,,,,ALL,,,малол,,,,,,,,,,,,,,,,,,,,,,,,,,,1,0,,,NO,,,,,,ALL,,,,,,,,,,,,,,,,,,,,,,,ALL,,,,,,,,"05,06,09,12",,,,,100,,100,,120,,45,,,,,,,,,2015-01-01,68
ст.119 ч.2,1,2410,1,,1,1190002,FE1R10P1,Оставление в опасности,Ќауiптi жаєдайда ќалдыру,,,,,,,,,,,ALL,,,,,,,,,,,,,,,,,,,,,,,,,,,,,,1,0,,,NO,,,,,,ALL,,,,,,,,,,,,,,,,,,,ALL,,,,ALL,,,,,,,,"05,06,11,01",,,,,2000,,2000,,,,,,2,,2,,,,,2015-01-01,69
ст.119 ч.3,2,4150,1,,1,1190003,FE1R10P1,Оставление в опасности,Ќауiптi жаєдайда ќалдыру,,,,,,,,,,,ALL,,,,,ALL,,,,,,,,,,,,,,,,,,,,,,,,,1,0,,,NO,,,,,,ALL,,,,,,ALL,,,,,,,,,,,,,ALL,,,,ALL,,,,,,,,"11,01",,"05,06,",,,,,,,,,,,3,,3,,,,,2015-01-01,70
ст.119 ч.4,2,6460,1,,1,1190004,FE1R10P1,Оставление в опасности,Ќауiптi жаєдайда ќалдыру,,,,,,,,,,,ALL,ALL,,,,,,,,,,,,,,,,,,,,,,,,,,,,,1,0,,,NO,,,,,,ALL,ALL,,,,,ALL,,,,,,,,,,,,,ALL,,,,,,,,,,,,"11,01",,"05,06,",,,,,,,,,,,5,,5,,,,,2015-01-01,71
ст.120 ч.1,3,10690,1,,1,1200001,FE1R10P1,Изнасилование,Зорлау,,,,,,,,,,,ALL,,,,ALL,,,,,,,,,,,,,,,,,,,,,,,,,,1,0,,,NO,,,ALL,,NO,ALL,,ALL,,,,,,,,,,,,ALL,,,,,,,,,,,,,,,,,01,,"05,06,11,",,,,,,,,,,,,5,8,,,,,2021-01-11,72
ст.120 ч.1,2,7710,1,2,1,1200001,FE1R10P1,Изнасилование,Зорлау,,,,,,,,,,,ALL,,,,ALL,,,,,,,,,,,,,,,,,,,,,,,,,,2,0,,,NO,,,ALL,,NO,ALL,,ALL,,,,,,,,,,,,ALL,,,,,,,,,,,,,,,,,01,,"05,06,11,",,,,,,,,,,,,3,5,,,,,2019-04-13,73
ст.120 ч.1,2,7690,1,2,1,1200001,FE1R10P1,Изнасилование,Зорлау,,,,,,,,,,,ALL,,,,ALL,,,,,,,,,,,,,,,,,,,,,,,,,,2,0,,,NO,,,ALL,,NO,ALL,,ALL,,,,,,,,,,,,ALL,,,,,,,,,,,,,,,,,01,,"05,06,11,",,,,,,,,,,,,3,5,,,,,2015-01-01,74
ст.120 ч.1,3,10670,1,,1,1200001,FE1R10P1,Изнасилование,Зорлау,,,,,,,,,,,ALL,,,,ALL,,,,,,,,,,,,,,,,,,,,,,,,,,2,0,,,NO,,,ALL,,NO,ALL,,ALL,,,,,,,,,,,,ALL,,,,,,,,,,,,,,,,,01,,"05,06,11,",,,,,,,,,,,,5,8,,,,,2020-01-11,75
ст.120 ч.2,3,11370,1,,1,1200002,FE1R10P1,Изнасилование,Зорлау,"01,02,03,04",,,,,01,01,,,04,ALL,,,,ALL,,,,,,,,,,,,,,,,,,,,,,,,,,2,0,,,NO,,,ALL,,NO,ALL,,ALL,,,,,,,,,,,,ALL,,,,04,03,01,,,,,02,,,,,,01,,"05,06,11,",,,,,,,,,,,,5,10,,,,,2019-04-13,76
ст.120 ч.2,3,13050,1,,1,1200002,FE1R10P1,Изнасилование,Зорлау,"01,02,03,04,05",,,,,01,01,,,04,ALL,,,,ALL,,,,,,,,,,,,,,,,,,,,,,,,,,1,0,,,NO,,,ALL,,NO,ALL,,ALL,,,,,,,,,,,,ALL,,,,04,03,01,,,,,02,,,,,,01,,"05,06,11,",,,,,,,,,,,,9,12,,,,,2021-01-11,77
ст.120 ч.2,3,13030,1,,1,1200002,FE1R10P1,Изнасилование,Зорлау,"01,02,03,04,05",,,,,01,01,,,04,ALL,,,,ALL,,,,,,,,,,,,,,,,,,,,,,,,,,2,0,,,NO,,,ALL,,NO,ALL,,ALL,,,,,,,,,,,,ALL,,,,04,03,01,,,,,02,,,,,,01,,"05,06,11,",,,,,,,,,,,,9,12,,,,,2020-01-11,78
ст.120 ч.2,3,11100,1,,1,1200002,FE1R10P1,Изнасилование,Зорлау,"01,02,03,04",,,,,01,01,,,04,ALL,,,,ALL,,,,,,,,,,,,,,,,,,,,,,,,,,2,0,,,NO,,,ALL,,NO,ALL,,ALL,,,,,,,,,,,,ALL,,,,04,03,01,,,,,02,,,,,,01,,"05,06,11,",,,,,,,,,,,,5,10,,,,,2015-01-01,79
ст.120 ч.3,4,13610,1,,1,1200003,FE1R10P1,Изнасилование,Зорлау,"01,02,04,06",,,,,,,06,,,ALL,,,,ALL,01,,,,,,,,,,,,,,,,,,,04,,,,,,2,0,,,NO,,,ALL,,,ALL,,ALL,,,,01,,,,,,,,ALL,,,,,02,,,,,,,,04,,,,01,,"05,06,11,",,,,,,,,,,,,10,15,,02,10,10,2019-04-13,80
ст.120 ч.3,4,13590,1,,1,1200003,FE1R10P1,Изнасилование,Зорлау,"01,02,03,04,05,06",,,,,,,06,,,ALL,,,"03,05",ALL,01,,,,,,,,,,,,,,,,,,,04,,,,,,2,0,,,NO,,,ALL,,05,ALL,,ALL,,,"03,05",01,,,,,,,,ALL,,,,,02,,,,,,,,04,,,,01,,"05,06,11,",,,,,,,,,,,,10,15,,02,10,10,2015-01-01,81
ст.120 ч.3,4,13960,1,,1,1200003,FE1R10P1,Изнасилование,Зорлау,"02,04",,,,,,,06,,,ALL,,,,ALL,,,,,,,,,,,,,,,,,,,,04,,,,,,1,0,,,NO,,,ALL,,,ALL,,ALL,,,,01,,,,,,,,ALL,,,,,02,,,,,,,,04,,,,01,,"05,06,11,",,,,,,,,,,,,12,15,,02,10,10,2021-01-11,82
ст.120 ч.3,4,13940,1,,1,1200003,FE1R10P1,Изнасилование,Зорлау,"02,04,06",,,,,,,06,,,ALL,,,,ALL,,,,,,,,,,,,,,,,,,,,04,,,,,,2,0,,,NO,,,ALL,,,ALL,,ALL,,,,01,,,,,,,,ALL,,,,,02,,,,,,,,04,,,,01,,"05,06,11,",,,,,,,,,,,,12,15,,02,10,10,2020-01-11,83
ст.120 ч.4,4,14580,1,,1,1200004,FE1R10P1,Изнасилование,Зорлау,,,,,,,,,,,ALL,,,ALL,ALL,,,,,,,,,,,,,,,,,,,,,,,,,,2,0,,,NO,,,ALL,,,ALL,,ALL,,ALL,,,,,,,,,,,,,,,ALL,,,,ALL,,,,,,,,"01,03",,"05,06,11,",,,,,,,,,,,,15,20,22,,,,2015-01-01,84
ст.120 ч.4,4,14660,1,,1,1200004,FE1R10P1,Изнасилование,Зорлау,,,,,,,,,,,ALL,,,ALL,ALL,,,,,,,,,,,,,,,,,,,,,,,,,,2,0,,,NO,,,ALL,,,ALL,,ALL,,ALL,,,,,,,,,,,,,,,ALL,,,,ALL,,,,,,,,"01,03",,"05,06,11,",,,,,,,,,,,,20,20,22,,,,2020-01-11,85
ст.120 ч.4,4,14680,1,,1,1200004,FE1R10P1,Изнасилование,Зорлау,,,,,,,,,,,ALL,,,ALL,ALL,,,,,,,,,,,,,,,,,,,,,,,,,,1,0,,,NO,,,ALL,,,ALL,,ALL,,ALL,,,,,,,,,,,,,,,ALL,,,,ALL,,,,,,,,"01,03",,"05,06,11,",,,,,,,,,,,,20,20,22,,,,2021-01-11,86
ст.120 ч.4,4,14600,1,,1,1200004,FE1R10P1,Изнасилование,Зорлау,,,,,,,,,,,ALL,,,ALL,ALL,,,,,,,,,,,,,,,,,,,,,,,,,,2,0,,,NO,,,ALL,,,ALL,,ALL,,ALL,,,,,,,,,,,,,,,ALL,,,,ALL,,,,,,,,"01,03",,"05,06,11,",,,,,,,,,,,,17,20,22,,,,2019-04-13,87
ст.120 ч.3-1,4,14110,1,,1,1200031,FE1R10P1,Изнасилование,Зорлау,"01,02",,,,,,,,,,ALL,,,ALL,ALL,,,,,,,,,,,,,,,,,,,,,,,,,,2,0,,,NO,,,ALL,,02,ALL,,ALL,,,ALL,,,,,,,,,02,,01,,,,03,,,,,,,,,,03,01,,"05,06,11,",,,,,,,,,,,,12,17,22,,,,2019-04-13,88
ст.120 ч.3-1,4,14160,1,,1,1200031,FE1R10P1,Изнасилование,Зорлау,"01,03",,,,,,,,,,ALL,,,ALL,ALL,,,,,,,,,,,,,,,,,,,,,,,,,,1,0,,,NO,,,ALL,,02,ALL,,ALL,,,ALL,,,,,,,,,03,,01,,,,03,,,,,,,,,,03,01,,"05,06,11,",,,,,,,,,,,,15,17,22,,,,2021-01-11,89
ст.120 ч.3-2,4,14620,1,,1,1200032,FE1R10P1,Изнасилование,Зорлау,"01,02",,,,,,,,,,ALL,,,ALL,ALL,,,,,,,,,,,,,,,,,,,,,,,,,,2,0,,,NO,,,ALL,,,ALL,,ALL,,,01,02,,,,,,,,,,ALL,,,,,,,,,,,,,,,"01,03",,"05,06,11,",,,,,,,,,,,,17,20,22,,,,2020-01-11,90
ст.120 ч.3-2,4,14640,1,,1,1200032,FE1R10P1,Изнасилование,Зорлау,"01,03",,,,,,,,,,ALL,,,ALL,ALL,,,,,,,,,,,,,,,,,,,,,,,,,,1,0,,,NO,,,ALL,,,ALL,,ALL,,,01,02,,,,,,,,,,ALL,,,,,,,,,,,,,,,"01,03",,"05,06,11,",,,,,,,,,,,,17,20,22,,,,2021-01-11,91
ст.121 ч.1,3,10680,1,2,1,1210001,FE1R10P1,Насильственные действия сексуального характера,Сексуалдыќ сипаттаєы зорлыќ-зомбылыќ јрекеттері,,,,,,,,,,,ALL,,,,,,,,,,,,,,,,,,,,,,,,,,,,,,2,0,,,NO,,,ALL,,NO,ALL,,,,,,,,,,,,,,ALL,,,,,,,,,,,,,,,,,01,,"05,06,11,",,,,,,,,,,,,5,8,,,,,2020-01-11,92
ст.121 ч.1,2,7700,1,2,1,1210001,FE1R10P1,Насильственные действия сексуального характера,Сексуалдыќ сипаттаєы зорлыќ-зомбылыќ јрекеттері,,,,,,,,,,,ALL,,,,,,,,,,,,,,,,,,,,,,,,,,,,,,2,0,,,NO,,,ALL,,NO,ALL,,,,,,,,,,,,,,ALL,,,,,,,,,,,,,,,,,01,,"05,06,11,",,,,,,,,,,,,3,5,,,,,2015-01-01,93
ст.121 ч.1,2,7720,1,2,1,1210001,FE1R10P1,Насильственные действия сексуального характера,Сексуалдыќ сипаттаєы зорлыќ-зомбылыќ јрекеттері,,,,,,,,,,,ALL,,,,,,,,,,,,,,,,,,,,,,,,,,,,,,2,0,,,NO,,,ALL,,NO,ALL,,,,,,,,,,,,,,ALL,,,,,,,,,,,,,,,,,01,,"05,06,11,",,,,,,,,,,,,3,5,,,,,2019-04-13,94
ст.121 ч.1,3,10700,1,2,1,1210001,FE1R10P1,Насильственные действия сексуального характера,Сексуалдыќ сипаттаєы зорлыќ-зомбылыќ јрекеттері,,,,,,,,,,,ALL,,,,,,,,,,,,,,,,,,,,,,,,,,,,,,1,0,,,NO,,,ALL,,NO,ALL,,,,,,,,,,,,,,ALL,,,,,,,,,,,,,,,,,01,,"05,06,11,",,,,,,,,,,,,5,8,,,,,2021-01-11,95
ст.121 ч.2,3,13060,1,,1,1210002,FE1R10P1,Насильственные действия сексуального характера,Сексуалдыќ сипаттаєы зорлыќ-зомбылыќ јрекеттері,"01,02,03,04,05",,,,,01,01,,,04,ALL,,,,,,,,,,,,,,,,,,,,,,,,,,,,,,1,0,,,NO,,,ALL,,NO,ALL,,,,,,,,,,,,,,ALL,,,,04,03,01,,,,,02,,,,,,01,,"05,06,11,",,,,,,,,,,,,9,12,,,,,2021-01-11,96
ст.121 ч.2,3,11110,1,,1,1210002,FE1R10P1,Насильственные действия сексуального характера,Сексуалдыќ сипаттаєы зорлыќ-зомбылыќ јрекеттері,"01,02,03,04",,,,,01,01,,,04,ALL,,,,,,,,,,,,,,,,,,,,,,,,,,,,,,2,0,,,NO,,,ALL,,NO,ALL,,,,,,,,,,,,,,ALL,,,,04,03,01,,,,,02,,,,,,01,,"05,06,11,",,,,,,,,,,,,5,10,,,,,2015-01-01,97
ст.121 ч.2,3,11380,1,,1,1210002,FE1R10P1,Насильственные действия сексуального характера,Сексуалдыќ сипаттаєы зорлыќ-зомбылыќ јрекеттері,"01,02,03,04",,,,,01,01,,,04,ALL,,,,,,,,,,,,,,,,,,,,,,,,,,,,,,2,0,,,NO,,,ALL,,NO,ALL,,,,,,,,,,,,,,ALL,,,,04,03,01,,,,,02,,,,,,01,,"05,06,11,",,,,,,,,,,,,5,10,,,,,2019-04-13,98
ст.121 ч.2,3,13040,1,,1,1210002,FE1R10P1,Насильственные действия сексуального характера,Сексуалдыќ сипаттаєы зорлыќ-зомбылыќ јрекеттері,"01,02,03,04,05",,,,,01,01,,,04,ALL,,,,,,,,,,,,,,,,,,,,,,,,,,,,,,2,0,,,NO,,,ALL,,NO,ALL,,,,,,,,,,,,,,ALL,,,,04,03,01,,,,,02,,,,,,01,,"05,06,11,",,,,,,,,,,,,9,12,,,,,2020-01-11,99
ст.121 ч.3,4,13950,1,,1,1210003,FE1R10P1,Насильственные действия сексуального характера,Сексуалдыќ сипаттаєы зорлыќ-зомбылыќ јрекеттері,"02,04,06",,,,,,,06,,,ALL,,,,,,,,,,,,,,,,,,,,,,,,04,,,,,,2,0,,,NO,,,ALL,,,ALL,,,,,,01,,,,,,,,ALL,,,,,02,,,,,,,,04,,,,01,,"05,06,11,",,,,,,,,,,,,12,15,,02,10,10,2020-01-11,100
ст.121 ч.3,4,13620,1,,1,1210003,FE1R10P1,Насильственные действия сексуального характера,Сексуалдыќ сипаттаєы зорлыќ-зомбылыќ јрекеттері,"01,02,04,06",,,,,,,06,,,ALL,,,,,01,,,,,,,,,,,,,,,,,,,04,,,,,,2,0,,,NO,,,ALL,,,ALL,,,,,,01,,,,,,,,ALL,,,,,02,,,,,,,,04,,,,01,,"05,06,11,",,,,,,,,,,,,10,15,,02,10,10,2019-04-13,101
ст.121 ч.3,4,13600,1,,1,1210003,FE1R10P1,Насильственные действия сексуального характера,Сексуалдыќ сипаттаєы зорлыќ-зомбылыќ јрекеттері,"01,02,03,04,05,06",,,,,,,06,,,ALL,,,"03,05",,01,,,,,,,,,,,,,,,,,,,04,,,,,,2,0,,,NO,,,ALL,,05,ALL,,,,,"03,05",01,,,,,,,,ALL,,,,,02,,,,,,,,04,,,,01,,"05,06,11,",,,,,,,,,,,,10,15,,02,10,10,2015-01-01,102
ст.121 ч.3,4,13970,1,,1,1210003,FE1R10P1,Насильственные действия сексуального характера,Сексуалдыќ сипаттаєы зорлыќ-зомбылыќ јрекеттері,"02,04",,,,,,,06,,,ALL,,,,,,,,,,,,,,,,,,,,,,,,04,,,,,,1,0,,,NO,,,ALL,,,ALL,,,,,,01,,,,,,,,ALL,,,,,02,,,,,,,,04,,,,01,,"05,06,11,",,,,,,,,,,,,12,15,,02,10,10,2021-01-11,103
ст.121 ч.4,4,14610,1,,1,1210004,FE1R10P1,Насильственные действия сексуального характера,Сексуалдыќ сипаттаєы зорлыќ-зомбылыќ јрекеттері,,,,,,,,,,,ALL,,,ALL,,,,,,,,,,,,,,,,,,,,,,,,,,,2,0,,,NO,,,ALL,,,ALL,,,,ALL,,,,,,,,,,,,,,,ALL,,,,,,,,,,,,"01,03",,"05,06,11,",,,,,,,,,,,,17,20,22,,,,2019-04-13,104
ст.121 ч.4,4,14670,1,,1,1210004,FE1R10P1,Насильственные действия сексуального характера,Сексуалдыќ сипаттаєы зорлыќ-зомбылыќ јрекеттері,,,,,,,,,,,ALL,,,ALL,,,,,,,,,,,,,,,,,,,,,,,,,,,2,0,,,NO,,,ALL,,,ALL,,,,ALL,,,,,,,,,,,,,,,ALL,,,,,,,,,,,,"01,03",,"05,06,11,",,,,,,,,,,,,20,20,22,,,,2020-01-11,105
ст.121 ч.4,4,14690,1,,1,1210004,FE1R10P1,Насильственные действия сексуального характера,Сексуалдыќ сипаттаєы зорлыќ-зомбылыќ јрекеттері,,,,,,,,,,,ALL,,,ALL,,,,,,,,,,,,,,,,,,,,,,,,,,,1,0,,,NO,,,ALL,,,ALL,,,,ALL,,,,,,,,,,,,,,,ALL,,,,,,,,,,,,"01,03",,"05,06,11,",,,,,,,,,,,,20,20,22,,,,2021-01-11,106
ст.121 ч.4,4,14590,1,,1,1210004,FE1R10P1,Насильственные действия сексуального характера,Сексуалдыќ сипаттаєы зорлыќ-зомбылыќ јрекеттері,,,,,,,,,,,ALL,,,ALL,,,,,,,,,,,,,,,,,,,,,,,,,,,2,0,,,NO,,,ALL,,,ALL,,,,ALL,,,,,,,,,,,,,,,ALL,,,,,,,,,,,,"01,03",,"05,06,11,",,,,,,,,,,,,15,20,22,,,,2015-01-01,107
ст.121 ч.3-1,4,14140,1,,1,1210031,FE1R10P1,Насильственные действия сексуального характера,Сексуалдыќ сипаттаєы зорлыќ-зомбылыќ јрекеттері,"01,02",,,,,,,,,,ALL,,,ALL,,,,,,,,,,,,,,,,,,,,,,,,,,,2,0,,,NO,,,ALL,,ALL,ALL,,,,,ALL,,,,,,,,,02,,01,,,,03,,,,,,,,,,03,01,,"05,06,11,",,,,,,,,,,,,12,17,22,02,10,10,2019-04-13,108
ст.121 ч.3-1,4,14170,1,,1,1210031,FE1R10P1,Насильственные действия сексуального характера,Сексуалдыќ сипаттаєы зорлыќ-зомбылыќ јрекеттері,"01,03",,,,,,,,,,ALL,,,ALL,,,,,,,,,,,,,,,,,,,,,,,,,,,1,0,,,NO,,,ALL,,ALL,ALL,,,,,ALL,,,,,,,,,03,,01,,,,03,,,,,,,,,,03,01,,"05,06,11,",,,,,,,,,,,,15,17,22,,,,2021-01-11,109
ст.121 ч.3-1,4,14150,1,,1,1210031,FE1R10P1,Насильственные действия сексуального характера,Сексуалдыќ сипаттаєы зорлыќ-зомбылыќ јрекеттері,"01,02",,,,,,,,,,ALL,,,ALL,,,,,,,,,,,,,,,,,,,,,,,,,,,2,0,,,NO,,,ALL,,ALL,ALL,,,,,ALL,,,,,,,,,02,,01,,,,03,,,,,,,,,,03,01,,"05,06,11,",,,,,,,,,,,,12,17,22,02,10,10,2020-01-11,110
ст.121 ч.3-2,4,14650,1,,1,1210032,FE1R10P1,Насильственные действия сексуального характера,Сексуалдыќ сипаттаєы зорлыќ-зомбылыќ јрекеттері,"01,03",,,,,,,,,,ALL,,,ALL,,,,,,,,,,,,,,,,,,,,,,,,,,,1,0,,,NO,,,ALL,,,ALL,,,,,01,02,,,,,,,,,,ALL,,,,,,,,,,,,,,,"01,03",,"05,06,11,",,,,,,,,,,,,17,20,22,,,,2021-01-11,111
ст.121 ч.3-2,4,14630,1,,1,1210032,FE1R10P1,Насильственные действия сексуального характера,Сексуалдыќ сипаттаєы зорлыќ-зомбылыќ јрекеттері,"01,02",,,,,,,,,,ALL,,,ALL,,,,,,,,,,,,,,,,,,,,,,,,,,,2,0,,,NO,,,ALL,,,ALL,,,,,01,02,,,,,,,,,,ALL,,,,,,,,,,,,,,,"01,03",,"05,06,11,",,,,,,,,,,,,17,20,22,,,,2020-01-11,112
ст.121-1 ч.1,0,1440,1,1,2,1210101,FE1R10P1,"Приставание сексуального характера к лицам, не дос",Он алты жасќа толмаєан адамдарєа сексуалдыќ сипатт,,,,,,,,,,,ALL,,,,,,,,,,,,,,,,,,,,,,,,,,,,,,1,0,,,NO,,,,,,ALL,,,,,,,,,,,,,,,,ALL,,,,,,,,,,,,,,,"06,09,12",,,,,,,200,,200,,50,,,,,,02,,3,2024-06-15,113
ст.122 ч.1,2,6470,1,,1,1220001,FE1R10P1,Половое сношение или иные действия сексуального ха,Он алты жасќа толмаєан адаммен жыныстыќ ќатынас не,,,,,,,,,,,ALL,,,ALL,,,,,,,,,,,,,,,,,,,,,,,,,,,2,0,,,NO,,,,,NO,ALL,,,,,ALL,,,,,,,,,,,ALL,,,,,,,,,,,,,,,"11,01",,"05,06,",,,,,,,,,,,5,,5,,,,,2015-01-01,114
ст.122 ч.1,2,6530,1,,1,1220001,FE1R10P1,Половое сношение или иные действия сексуального ха,Он алты жасќа толмаєан адаммен жыныстыќ ќатынас не,,,,,,,,,,,ALL,,,ALL,,,,,,,,,,,,,,,,,,,,,,,,,,,2,0,,,NO,,,,,NO,ALL,,,,,ALL,,,,,,,,,,,ALL,,,,,,,,,,,,,,,"11,01",,"05,06,",,,,,,,,,,,5,,5,,,,,2020-01-11,115
ст.122 ч.1,2,6610,1,,1,1220001,FE1R10P1,Половое сношение или иные действия сексуального ха,Он алты жасќа толмаєан адаммен жыныстыќ ќатынас не,,,,,,,,,,,ALL,,,ALL,,,,,,,,,,,,,,,,,,,,,,,,,,,1,0,,,NO,,,,,NO,ALL,,,,,ALL,,,,,,,,,,,ALL,,,,,,,,,,,,,,,"11,01",,"05,06,",,,,,,,,,,,5,,5,22,,,,2024-09-04,116
ст.122 ч.1,2,6490,1,,1,1220001,FE1R10P1,Половое сношение или иные действия сексуального ха,Он алты жасќа толмаєан адаммен жыныстыќ ќатынас не,,,,,,,,,,,ALL,,,ALL,,,,,,,,,,,,,,,,,,,,,,,,,,,2,0,,,NO,,,,,NO,ALL,,,,,ALL,,,,,,,,,,,ALL,,,,,,,,,,,,,,,"11,01",,"05,06,",,,,,,,,,,,5,,5,,,,,2019-04-13,117
ст.122 ч.2,3,12230,1,,1,1220002,FE1R10P1,Половое сношение или иные действия сексуального ха,Он алты жасќа толмаєан адаммен жыныстыќ ќатынас не,,,,,,,,,,,ALL,,,ALL,,,,,,,,,,,,,,,,,,,,,,,,,,,2,0,,,NO,,,,,ALL,ALL,,,,,ALL,,,,,,,,,,,ALL,,,,,,,,,,,,,,,01,,"05,06,11,",,,,,,,,,,,,7,10,22,,,,2019-04-13,118
ст.122 ч.2,3,8290,1,,1,1220002,FE1R10P1,Половое сношение или иные действия сексуального ха,Он алты жасќа толмаєан адаммен жыныстыќ ќатынас не,,,,,,,,,,,ALL,,,ALL,,,,,,,,,,,,,,,,,,,,,,,,,,,1,0,,,NO,,,,,ALL,ALL,,,,,ALL,,,,,,,,,,,ALL,,,,,,,,,,,,,,,01,,"05,06,11,",,,,,,,,,,,,3,6,22,,,,2024-09-04,119
ст.122 ч.2,3,12240,1,,1,1220002,FE1R10P1,Половое сношение или иные действия сексуального ха,Он алты жасќа толмаєан адаммен жыныстыќ ќатынас не,,,,,,,,,,,ALL,,,ALL,,,,,,,,,,,,,,,,,,,,,,,,,,,2,0,,,NO,,,,,ALL,ALL,,,,,ALL,,,,,,,,,,,ALL,,,,,,,,,,,,,,,01,,"05,06,11,",,,,,,,,,,,,7,10,22,,,,2020-01-11,120
ст.122 ч.2,3,12220,1,,1,1220002,FE1R10P1,Половое сношение или иные действия сексуального ха,Он алты жасќа толмаєан адаммен жыныстыќ ќатынас не,,,,,,,,,,,ALL,,,ALL,,,,,,,,,,,,,,,,,,,,,,,,,,,2,0,,,NO,,,,,ALL,ALL,,,,,ALL,,,,,,,,,,,ALL,,,,,,,,,,,,,,,01,,"05,06,11,",,,,,,,,,,,,7,10,22,,,,2015-01-01,121
ст.122 ч.3,4,13770,1,,1,1220003,FE1R10P1,Половое сношение или иные действия сексуального ха,Он алты жасќа толмаєан адаммен жыныстыќ ќатынас не,,,,,,,,,,ALL,ALL,,,ALL,,,,,,,,,,,,,,,,,,,,,,,,,,,2,0,,,NO,,,,,,ALL,,,,,ALL,,,,,,,,,,,ALL,,,,,,,,,,,,,,,01,,"05,06,11,",,,,,,,,,,,,10,15,22,,,,2015-01-01,122
ст.122 ч.3,3,12840,1,,1,1220003,FE1R10P1,Половое сношение или иные действия сексуального ха,Он алты жасќа толмаєан адаммен жыныстыќ ќатынас не,,,,,,,,,,ALL,ALL,,,ALL,,,,,,,,,,,,,,,,,,,,,,,,,,,1,0,,,NO,,,,,,ALL,02,,,,ALL,,,,,,,,,,,ALL,,,,,,,,,,,,,,,01,,"05,06,11,",,,,,,,,,,,,7,12,22,,,,2024-09-04,123
ст.122 ч.3,4,13830,1,,1,1220003,FE1R10P1,Половое сношение или иные действия сексуального ха,Он алты жасќа толмаєан адаммен жыныстыќ ќатынас не,"01,02,",,,,,,,,,ALL,ALL,,,ALL,,,,,,,,,,,,,,,,,,,,,,,,,,,2,0,,,NO,,,,,,ALL,02,,,,ALL,,,,,,,,,,,ALL,,,,,,,,,,,,,,,01,,"05,06,11,",,,,,,,,,,,,10,15,22,,,,2020-01-11,124
ст.122 ч.3,4,13800,1,,1,1220003,FE1R10P1,Половое сношение или иные действия сексуального ха,Он алты жасќа толмаєан адаммен жыныстыќ ќатынас не,,,,,,,,,,ALL,ALL,,,ALL,,,,,,,,,,,,,,,,,,,,,,,,,,,2,0,,,NO,,,,,,ALL,,,,,ALL,,,,,,,,,,,ALL,,,,,,,,,,,,,,,01,,"05,06,11,",,,,,,,,,,,,10,15,22,,,,2019-04-13,125
ст.122 ч.4,4,14030,1,,1,1220004,FE1R10P1,Половое сношение или иные действия сексуального ха,Он алты жасќа толмаєан адаммен жыныстыќ ќатынас не,"01,02,",,,,,,,,,ALL,ALL,,,ALL,,,,,,,,,,,,,,,,,,,,,,,,,,,1,0,,,NO,,,,,,ALL,02,,,,ALL,,,,,,,,,,,ALL,,01,,,,,,,,,,,,,01,,"05,06,11,",,,,,,,,,,,,12,15,22,,,,2024-09-04,126
ст.123 ч.1,1,2130,1,1,1,1230001,FE1R10P1,"Понуждение к половому сношению, мужеложству, лесби","Жыныстыќ ќатынас жасауєа, еркек пен еркектiѕ жыныс",,,,,,,,,,,ALL,,,,,,,,,,,,,,,,,,,,,,,,,,,,,,2,0,,,NO,,,,,,ALL,,,,,,,,,,,,,,,,,,,,,,,,,,,,,,,"05,06,11,01",,,,,1000,,1000,,,,,,1,,1,,,,,2019-04-13,127
ст.123 ч.1,2,4340,1,1,1,1230001,FE1R10P1,"Понуждение к половому сношению, мужеложству, лесби","Жыныстыќ ќатынас жасауєа, еркек пен еркектiѕ жыныс",,,,,,,,,,,ALL,,,,,,,,,,,,,,,,,,,,,,,,,,,,,,1,0,,,NO,,,,,,ALL,,,,,,,,,,,,,,,,,,,,,,,,,,,,,,,"05,06,11,01",,,,,3000,,3000,,,,,,3,,3,,,,,2020-01-11,128
ст.123,1,2210,1,1,1,1230001,FE1R10P1,"Понуждение к половому сношению, мужеложству, лесби","Жыныстыќ ќатынас жасауєа, еркек пен еркектiѕ жыныс",,,,,,,,,,,ALL,,,,,,,,,,,,,,,,,,,,,,,,,,,,,,2,0,,,NO,,,,,,ALL,,,,,,,,,,,,,,,,,,,,,,,,,,,,,,,"05,06,09,11,01",,,,,1000,,1000,,400,,,,1,,1,,,,,2015-01-01,129
ст.123 ч.2,2,6810,1,1,1,1230002,FE1R10P1,"Понуждение к половому сношению, мужеложству, лесби","Жыныстыќ ќатынас жасауєа, еркек пен еркектiѕ жыныс",,,,,,,,,,,ALL,,,,,,,,,,,,,,,,,,,,,,,,,,,,,,1,0,,,NO,,,,,ALL,ALL,,,,,ALL,,,,,,,,,,,ALL,,,,,,,,,,,,,,,"05,06,11,01",,,,,5000,,5000,,,,,,5,,5,,,,,2020-01-11,130
ст.123 ч.2,2,4330,1,1,1,1230002,FE1R10P1,"Понуждение к половому сношению, мужеложству, лесби","Жыныстыќ ќатынас жасауєа, еркек пен еркектiѕ жыныс",,,,,,,,,,,ALL,,,,,,,,,,,,,,,,,,,,,,,,,,,,,,2,0,,,NO,,,,,ALL,ALL,,,,,ALL,,,,,,,,,,,ALL,,,,,,,,,,,,,,,"05,06,11,01",,,,,3000,,3000,,,,,,3,,3,,,,,2019-04-13,131
ст.124 ч.1,3,11860,1,,1,1240001,FE1R10P1,Развращение малолетних,Жас балаларды азєындыќ жолєа тїсіру,,,,,,,,,,,ALL,,,ALL,,,,,,,,,,,,,,,,,,,,,,,,,,,2,0,,,NO,,,NO,,NO,ALL,,,,ALL,ALL,,,,,,,,,,,ALL,,,,,,,,,,,,,,,01,,"05,06,11,",,,,,,,,,,,,5,10,02,,7,10,2015-01-01,132
ст.124 ч.1,3,12820,1,,1,1240001,FE1R10P1,Развращение малолетних,Жас балаларды азєындыќ жолєа тїсіру,,,,,,,,,,,ALL,,,ALL,,,,,,,,,,,,,,,,,,,,,,,,,,,2,0,,,NO,,,NO,,NO,ALL,,,,ALL,ALL,,,,,,,,,,,ALL,,,,,,,,,,,,,,,01,,"05,06,11,",,,,,,,,,,,,7,12,22,,,,2021-01-10,133
ст.124 ч.1,3,12830,1,,1,1240001,FE1R10P1,"Развращение лиц, не достигших шестнадцатилетнего в",Он алты жасќа толмаєан адамдарды азєындыќ жолєа тї,,,,,,,,,,,ALL,,,ALL,,,,,,,,,,,,,,,,,,,,,,,,,,,1,0,,,NO,,,NO,,NO,ALL,,,,ALL,ALL,,,,,,,,,,,ALL,,,,,,,,,,,,,,,01,,"05,06,11,",,,,,,,,,,,,7,12,22,,,,2024-06-15,134
ст.168 ч.2,4,14790,,,1,1680002,FE1R10P1,Геноцид,Геноцид,,,,,,,,,,,,,,,,,,,,,,,,,,,,,,,,,,,,,,,,,4,0,,,NO,,,,,,,,,,,,,,,,,,,,ALL,,,,,,,,,,,,,,,,,"01,03,02",,"05,06,11,",,,,,,,,,,,,15,20,,,,,2015-01-01,135
ст.124 ч.1,3,11870,1,,1,1240001,FE1R10P1,Развращение малолетних,Жас балаларды азєындыќ жолєа тїсіру,,,,,,,,,,,ALL,,,ALL,,,,,,,,,,,,,,,,,,,,,,,,,,,2,0,,,NO,,,NO,,NO,ALL,,,,ALL,ALL,,,,,,,,,,,ALL,,,,,,,,,,,,,,,01,,"05,06,11,",,,,,,,,,,,,5,10,02,,7,10,2019-04-13,136
ст.124 ч.2,4,13850,1,,1,1240002,FE1R10P1,"Развращение лиц, не достигших шестнадцатилетнего в",Он алты жасќа толмаєан адамдарды азєындыќ жолєа тї,,,,,,,,,,,ALL,,,ALL,,,,,,,,,,,,,,,,,,,,,,,,,,,1,0,,,NO,,,NO,,ALL,ALL,,,,ALL,ALL,,,,,,,,,,,ALL,,,,,,,,,,,,,,,01,,"05,06,11,",,,,,,,,,,,,10,15,22,,,,2024-06-15,137
ст.124 ч.2,4,13840,1,,1,1240002,FE1R10P1,Развращение малолетних,Жас балаларды азєындыќ жолєа тїсіру,,,,,,,,,,,ALL,,,ALL,,,,,,,,,,,,,,,,,,,,,,,,,,,2,0,,,NO,,,NO,,ALL,ALL,,,,ALL,ALL,,,,,,,,,,,ALL,,,,,,,,,,,,,,,01,,"05,06,11,",,,,,,,,,,,,10,15,22,,,,2021-01-10,138
ст.124 ч.2,3,12810,1,,1,1240002,FE1R10P1,Развращение малолетних,Жас балаларды азєындыќ жолєа тїсіру,,,,,,,,,,,ALL,,,ALL,,,,,,,,,,,,,,,,,,,,,,,,,,,2,0,,,NO,,,NO,,ALL,ALL,,,,ALL,ALL,,,,,,,,,,,ALL,,,,,,,,,,,,,,,01,,"05,06,11,",,,,,,,,,,,,7,12,22,,,,2019-04-13,139
ст.124 ч.2,3,12800,1,,1,1240002,FE1R10P1,Развращение малолетних,Жас балаларды азєындыќ жолєа тїсіру,,,,,,,,,,,ALL,,,ALL,,,,,,,,,,,,,,,,,,,,,,,,,,,2,0,,,NO,,,NO,,ALL,ALL,,,,ALL,ALL,,,,,,,,,,,ALL,,,,,,,,,,,,,,,01,,"05,06,11,",,,,,,,,,,,,7,12,22,,,,2015-01-01,140
ст.124 ч.3,4,14120,1,,1,1240003,FE1R10P1,Развращение малолетних,Жас балаларды азєындыќ жолєа тїсіру,,,,,,,,,,ALL,ALL,,,ALL,,,,,,,,,,,,,,,,,,,,,,,,,,,2,0,,,NO,,,NO,,,ALL,,,,ALL,ALL,,,,,,,,,,,ALL,,ALL,,,,,,,,,,,,,01,,"05,06,11,",,,,,,,,,,,,12,17,22,,,,2021-01-10,141
ст.124 ч.3,4,13780,1,,1,1240003,FE1R10P1,Развращение малолетних,Жас балаларды азєындыќ жолєа тїсіру,,,,,,,,,,ALL,ALL,,,ALL,,,,,,,,,,,,,,,,,,,,,,,,,,,2,0,,,NO,,,NO,,,ALL,,,,ALL,ALL,,,,,,,,,,,ALL,,ALL,,,,,,,,,,,,,01,,"05,06,11,",,,,,,,,,,,,10,15,22,,,,2015-01-01,142
ст.124 ч.3,4,13810,1,,1,1240003,FE1R10P1,Развращение малолетних,Жас балаларды азєындыќ жолєа тїсіру,,,,,,,,,,ALL,ALL,,,ALL,,,,,,,,,,,,,,,,,,,,,,,,,,,2,0,,,NO,,,NO,,,ALL,,,,ALL,ALL,,,,,,,,,,,ALL,,ALL,,,,,,,,,,,,,01,,"05,06,11,",,,,,,,,,,,,10,15,22,,,,2019-04-13,143
ст.124 ч.3,4,14130,1,,1,1240003,FE1R10P1,"Развращение лиц, не достигших шестнадцатилетнего в",Он алты жасќа толмаєан адамдарды азєындыќ жолєа тї,,,,,,,,,,ALL,ALL,,,ALL,,,,,,,,,,,,,,,,,,,,,,,,,,,1,0,,,NO,,,NO,,,ALL,,,,ALL,ALL,,,,,,,,,,,ALL,,ALL,,,,,,,,,,,,,01,,"05,06,11,",,,,,,,,,,,,12,17,22,,,,2024-06-15,144
ст.125 ч.1,3,9850,1,,1,1250001,FE1R10P1,Похищение человека,Адамды ўрлау,,,,,,,,,,,ALL,,,,,,,,,,,,,,,,,,,,,,,,,,,,,,2,0,,,NO,,,,,,ALL,,,,,,,,,,,,,,,,,,,,,,,,,,,,,,,01,,"05,06,11,",,,,,,,,,,,,4,7,,,,,2015-01-01,145
ст.125 ч.1,3,9880,1,,1,1250001,FE1R10P1,Похищение человека,Адамды ўрлау,,,,,,,,,,,ALL,,,,,,,,,,,,,,,,,,,,,,,,,,,,,,1,0,,,NO,,,,,,ALL,,,,,,,,,,,,,,,,,,,,,,,,,,,,,,,01,,"05,06,11,",,,,,,,,,,,,4,7,,,,,2024-06-15,146
ст.125 ч.2,3,12590,1,,1,1250002,FE1R10P1,Похищение человека,Адамды ўрлау,"01,02,03,04,06,07,08,09,10",,,,,,01,,,02,ALL,,07,05,06,,,,,,,04,,,,,,,,,,,,,,,,,,08,1,0,,,NO,,,03>,"04,",,ALL,07,06,06,,05,,,,06,,,,,03,,,,02,,01,,,06,,,,,,09,,01,,"05,06,11,",,,,,,,,,,,,7,12,,01,,,2024-06-15,147
ст.125 ч.2,3,12580,1,,1,1250002,FE1R10P1,Похищение человека,Адамды ўрлау,"01,02,03,04,05,06,07,08,09,10",,,,,,01,,,02,ALL,,07,05,06,,,,,,,04,,,,,,,,,,,,,,,,,,08,2,0,,,NO,,,03>,"04,",,ALL,07,06,06,,05,,,,06,,,,05,03,,,,02,,01,,,06,,,,,,09,,01,,"05,06,11,",,,,,,,,,,,,7,12,,01,,,2020-01-11,148
ст.125 ч.2,3,12510,1,,1,1250002,FE1R10P1,Похищение человека,Адамды ўрлау,"01,02,03,04,05,06,07,08",,,,,,01,,,02,ALL,,07,05,06,,,,,,,04,,,,,,,,,,,,,,,,,,08,2,0,,,NO,,,03>,"04,",,ALL,07,06,06,,05,,,,06,,,,05,03,,,,02,,01,,,06,,,,,,09,,01,,"05,06,11,",,,,,,,,,,,,7,12,,01,,,2015-01-01,149
ст.125 ч.3,4,13480,1,,1,1250003,FE1R10P1,Похищение человека,Адамды ўрлау,"01,02,03",,,,,,,01,,,ALL,,,,,03 -,,,,,,,,,,,,,,,,,,,,,,,,,2,0,,,NO,,,,,,ALL,,,,,,03,,,,,,,,03,,,,,03,01,,,,,,,,,,01,01,,"05,06,11,",,,,,,,,,,,,10,15,,01,,,2015-01-01,150
ст.125 ч.3,4,13570,1,,1,1250003,FE1R10P1,Похищение человека,Адамды ўрлау,"01,02,03,21",,,,,,,01,,,ALL,,,,,03 -,,,,,,,,,,,,,,,,,,,,,,,,,1,0,,,NO,,,,,,ALL,,,,,,03,,,,,,,21,03,,,,,03,01,,,,,,,,,,01,01,,"05,06,11,",,,,,,,,,,,,10,15,,01,,,2024-06-15,151
ст.125-1 ч.1,1,2600,1,,1,1250101,FE1R10P1,Принуждение к вступлению в брак,Некеге тўруєа мјжбїрлеу,,,,,,,,,,,ALL,,,,,,,,,,,,,,,,,,,,,,,,,,,,,,1,0,,,NO,,,,,,ALL,,,,,,,,,,,,,,,,,,,,,,,,,,,,,,,"05,06,11,01",,,,,2000,,2000,,,,,,2,,2,,,,,2025-09-16,152
ст.125-1 ч.2,3,9830,1,,1,1250102,FE1R10P1,Принуждение к вступлению в брак,Некеге тўруєа мјжбїрлеу,"01,02,03,04,05",,,,,,,,,,ALL,,,,,,,,,,,,,,,,,,,,,,,,,,,,,,1,0,,,NO,,,,,,ALL,,,,,,,,,,,,,02,01,,,,,,04,,,,,,,,,,,"05,06,09,11,01",,,,,5000,,5000,,1200,,,3,7,3,7,,,,,2025-09-16,153
ст.125-1 ч.3,3,11440,1,,1,1250103,FE1R10P1,Принуждение к вступлению в брак,Некеге тўруєа мјжбїрлеу,,,,,,,,,,,ALL,,,,,,,,,,,,,,,,,,,,,,,,,,,,,,1,0,,,NO,,,,,,ALL,,,,,,,,,,,,,,,,,,,ALL,,,,,,,,,,,,01,,,,,,,,,,,,,,5,10,,,,,2025-09-16,154
ст.126 ч.1,2,4160,1,2,1,1260001,FE1R10P1,Незаконное лишение свободы,Бас бостандыєынан заѕсыз айыру,,,,,,,,,,,ALL,,,,,,,,,,,,,,,,,,,,,,,,,,,,,,2,0,,,NO,,,,,,ALL,,,,,,,,,,,,,,,,,,,,,,,,,,,,,,,"11,01",,"05,06,",,,,,,,,,,,3,,3,,,,,2015-01-01,155
ст.126 ч.1,2,4190,1,2,1,1260001,FE1R10P1,Незаконное лишение свободы,Бас бостандыєынан заѕсыз айыру,,,,,,,,,,,ALL,,,,,,,,,,,,,,,,,,,,,,,,,,,,,,1,0,,,NO,,,,,,ALL,,,,,,,,,,,,,,,,,,,,,,,,,,,,,,,"11,01",,"05,06,",,,,,,,,,,,3,,3,,,,,2024-06-15,156
ст.126 ч.2,2,6250,1,,1,1260002,FE1R10P1,Незаконное лишение свободы,Бас бостандыєынан заѕсыз айыру,"01,02,03,04,06,07,08,09,10,11",,,,,,01,,,02,ALL,,07,05,06,,,,,,,04,,,,,,,,,,,,,,,,,,08,1,0,,,NO,,,03>,"04,",,ALL,07,06,06,,05,,,,06,,,,,,,,,02,,,,,06,,,,,,10,,01,,"05,06,11,",,,,,,,,,,,,,5,,01,,,2024-06-15,157
ст.126 ч.2,2,6210,1,,1,1260002,FE1R10P1,Незаконное лишение свободы,Бас бостандыєынан заѕсыз айыру,"01,02,03,04,05,06,07,08,09",,,,,,01,,,02,ALL,,07,05,06,,,,,,,04,,,,,,,,,,,,,,,,,,08,2,0,,,NO,,,03>,"04,",,ALL,07,06,06,,05,,,,06,,,,05,,,,,02,,,,,06,,,,,,10,,01,,"05,06,11,",,,,,,,,,,,,,5,,01,,,2015-01-01,158
ст.126 ч.2,2,6240,1,,1,1260002,FE1R10P1,Незаконное лишение свободы,Бас бостандыєынан заѕсыз айыру,"01,02,03,04,05,06,07,08,09,10,11",,,,,,01,,,02,ALL,,07,05,06,,,,,,,04,,,,,,,,,,,,,,,,,,08,2,0,,,NO,,,03>,"04,",,ALL,07,06,06,,05,,,,06,,,,05,,,,,02,,,,,06,,,,,,10,,01,,"05,06,11,",,,,,,,,,,,,,5,,01,,,2020-01-11,159
ст.126 ч.3,3,11460,1,,1,1260003,FE1R10P1,Незаконное лишение свободы,Бас бостандыєынан заѕсыз айыру,"01,02,03",,,,,,,01,,,ALL,,,,,03 -,,,,,,,,,,,,,,,,,,,,,,,,,2,0,,,NO,,,,,,ALL,,,,,,,,,,,,,,03,,,,,03,,,,,,,,,,,01,01,,"05,06,11,",,,,,,,,,,,,5,10,,01,,,2015-01-01,160
ст.126 ч.3,3,11490,1,,1,1260003,FE1R10P1,Незаконное лишение свободы,Бас бостандыєынан заѕсыз айыру,"01,02,03,21",,,,,,,01,,,ALL,,,,,03 -,,,,,,,,,,,,,,,,,,,,,,,,,1,0,,,NO,,,,,,ALL,,,,,,,,,,,,,21,03,,,,,03,,,,,,,,,,,01,01,,"05,06,11,",,,,,,,,,,,,5,10,,01,,,2024-06-15,161
ст.127 ч.1,2,4640,1,,1,1270001,FE1R10P1,Незаконное помещение в психиатрический стационар,Психиатриялыќ стационарєа заѕсыз орналастыру,,,,,,,,,,,ALL,,,,,,,,,,,,,,,,,,,,,,,,,,,,,,1,0,,,NO,,,,,,ALL,,,,,,,,,,,,,,,,,,,,,,,,,,,,,,,"05,06,09,11,01",,,,,3000,,3000,,800,,,,3,,3,,,,,2015-01-01,162
ст.127 ч.2,3,10590,1,,1,1270002,FE1R10P1,Незаконное помещение в психиатрический стационар,Психиатриялыќ стационарєа заѕсыз орналастыру,"01,02,03,04",,,,,,,,,,ALL,,,03,,04 -,02,,,,,,,,,,,,,,,,,,,,,,,,1,0,,,NO,,,,,,ALL,,,,,03,,,,,,,,03,04,,,,,04,,,,,,,,,,02,,01,,"05,06,11,",,,,,,,,,,,,4,8,,02,,3,2020-01-11,163
ст.127 ч.2,3,9050,1,,1,1270002,FE1R10P1,Незаконное помещение в психиатрический стационар,Психиатриялыќ стационарєа заѕсыз орналастыру,"01,02,03,04",,,,,,,,,,ALL,,,03,,04 -,02,,,,,,,,,,,,,,,,,,,,,,,,2,0,,,NO,,,,,,ALL,,,,,03,,,,,,,,03,04,,,,,04,,,,,,,,,,02,,01,,"05,06,11,",,,,,,,,,,,,3,7,,02,,3,2015-01-01,164
ст.128 ч.1,3,9940,1,,1,1280001,FE1R10P1,Торговля людьми,Адам саудасы,,,,,,,,,,,ALL,,,,,,,,,,,,,,,,,,,,,,,,,,,,,,1,0,,,NO,,,,,,ALL,,05,05,,,,,,05,,,,,,,,,,,,,,,,,,,,,,01,,"05,06,11,",,,,,,,,,,,,4,7,01,,,,2024-09-04,165
ст.128 ч.1,3,9930,1,,1,1280001,FE1R10P1,Торговля людьми,Адам саудасы,,,,,,,,,,,ALL,,,,,,,,,,,,,,,,,,,,,,,,,,,,,,2,0,,,NO,,,,,,ALL,,05,05,,,,,,05,,,,,,,,,,,,,,,,,,,,,,01,,"05,06,11,",,,,,,,,,,,,4,7,01,,,,2020-01-11,166
ст.128 ч.1,2,7740,1,,1,1280001,FE1R10P1,Торговля людьми,Адам саудасы,,,,,,,,,,,ALL,,,,,,,,,,,,,,,,,,,,,,,,,,,,,,2,0,,,NO,,,,,,ALL,,05,05,,,,,,05,,,,,,,,,,,,,,,,,,,,,,01,,"05,06,11,",,,,,,,,,,,,3,5,01,,,,2015-01-01,167
ст.128 ч.2,3,10810,1,,1,1280002,FE1R10P1,Торговля людьми,Адам саудасы,"01,02,03,04,05,06,07,08,09,10,11,12,13",,,,,,01,,,02,ALL,,06,,05,,09,,,,,04,,,,,,,,,,,07,,,,,,,,1,0,,,NO,,,03>,"04,",,ALL,06,,,,,,,,,,,,,03,,,,02,,01,,,"05,11",,,,,,09,,01,,"05,06,11,",,,,,,,,,,,,7,9,01,,,,2024-09-04,168
ст.128 ч.2,3,10040,1,,1,1280002,FE1R10P1,Торговля людьми,Адам саудасы,"01,02,03,04,05,06,07,08,09,10,11,12",,,,,,01,,,02,ALL,,06,,05,,09,,,,,04,,,,,,,,,,,07,,,,,,,,2,0,,,NO,,,03>,"04,",,ALL,06,,,,,,,,,,,,,03,,,,02,,01,,,"05,11",,,,,,09,,01,,"05,06,11,",,,,,,,,,,,,5,7,01,,,,2015-01-01,169
ст.128 ч.2,3,10800,1,,1,1280002,FE1R10P1,Торговля людьми,Адам саудасы,"01,02,03,04,05,06,07,08,09,10,11,12",,,,,,01,,,02,ALL,,06,,05,,09,,,,,04,,,,,,,,,,,07,,,,,,,,2,0,,,NO,,,03>,"04,",,ALL,06,,,,,,,,,,,,,03,,,,02,,01,,,"05,11",,,,,,09,,01,,"05,06,11,",,,,,,,,,,,,7,9,01,,,,2020-01-11,170
ст.128 ч.3,3,13070,1,,1,1280003,FE1R10P1,Торговля людьми,Адам саудасы,,,,,,,,,,,ALL,,,,,,,,,,,,,,,,,,,,,,,,,,,,,,2,0,,,NO,,,,,,ALL,,,,,,,,,,,,,,,,,,,,,,,,,,,,,,,01,,"05,06,11,",,,,,,,,,,,,9,12,01,,,,2020-01-11,171
ст.128 ч.3,3,13090,1,,1,1280003,FE1R10P1,Торговля людьми,Адам саудасы,,,,,,,,,,,ALL,,,,,,,,,,,,,,,,,,,,,,,,,,,,,,1,0,,,NO,,,,,,ALL,,,,,,,,,,,,,,,,,,,,,,,,,,,,,,,01,,"05,06,11,",,,,,,,,,,,,9,12,01,,,,2024-09-04,172
ст.128 ч.3,3,12150,1,,1,1280003,FE1R10P1,Торговля людьми,Адам саудасы,,,,,,,,,,,ALL,,,,,,,,,,,,,,,,,,,,,,,,,,,,,,2,0,,,NO,,,,,,ALL,,,,,,,,,,,,,,,,,,,,,,,,,,,,,,,01,,"05,06,11,",,,,,,,,,,,,7,10,01,,,,2015-01-01,173
ст.128 ч.4,4,13630,1,,1,1280004,FE1R10P1,Торговля людьми,Адам саудасы,"01,02",,,,,,,01,,,ALL,,,,,02 -,,,,,,,,,,,,,,,,,,,,,,,,,2,0,,,NO,,,,,,ALL,,,,,,02,,,,,,,,02,,,,,02,01,,,,,,,,,,01,01,,"05,06,11,",,,,,,,,,,,,10,15,01,,,,2015-01-01,174
ст.128 ч.4,4,14010,1,,1,1280004,FE1R10P1,Торговля людьми,Адам саудасы,"01,02",,,,,,,01,,,ALL,,,,,02 -,,,,,,,,,,,,,,,,,,,,,,,,,1,0,,,NO,,,,,,ALL,,,,,,02,,,,,,,,02,,,,,02,01,,,,,,,,,,01,01,,"05,06,11,",,,,,,,,,,,,12,15,01,,,,2024-09-04,175
ст.128 ч.4,4,14000,1,,1,1280004,FE1R10P1,Торговля людьми,Адам саудасы,"01,02",,,,,,,01,,,ALL,,,,,02 -,,,,,,,,,,,,,,,,,,,,,,,,,2,0,,,NO,,,,,,ALL,,,,,,02,,,,,,,,02,,,,,02,01,,,,,,,,,,01,01,,"05,06,11,",,,,,,,,,,,,12,15,01,,,,2020-01-11,176
ст.129 ч.1,2,4030,,,1,1290001,FE1R10P1,Клонирование человека,Адамды клондау,,,,,,,,,,,ALL,,,,,,,,,,,,,,,,,,,,,,,,,,,,,,1,0,,,NO,,,,,,,,,,,,,,,,,,,,,,,,,,,,,,,,,,,,,01,,"05,06,11,",,,,,,,,,,,,,3,,02,,2,2015-01-01,177
ст.129 ч.2,3,10600,,,1,1290002,FE1R10P1,Клонирование человека,Адамды клондау,"01,02",,,,,01,01,,,02,ALL,,,,,,,,,,,,,,,,,,,,,,,,,,,,,,1,0,,,NO,,,,,,,,,,,,,,,,,,,,,,,,02,,01,,,,,,,,,,,01,,"05,06,11,",,,,,,,,,,,,4,8,,02,,3,2020-01-11,178
ст.129 ч.2,3,9910,,,1,1290002,FE1R10P1,Клонирование человека,Адамды клондау,"01,02",,,,,01,01,,,02,ALL,,,,,,,,,,,,,,,,,,,,,,,,,,,,,,2,0,,,NO,,,,,,,,,,,,,,,,,,,,,,,,02,,01,,,,,,,,,,,01,,"05,06,11,",,,,,,,,,,,,4,7,,02,,3,2015-01-01,179
ст.129 ч.3,3,12190,,,1,1290003,FE1R10P1,Клонирование человека,Адамды клондау,,,,,,,,ALL,,,ALL,,,,,,,,,,,,,,,,,,,,,,,,,,,,,,2,0,,,NO,,,,,,,,,,,,,,,,,,,,,,,,,,ALL,,,,,,,,,,ALL,01,,"05,06,11,",,,,,,,,,,,,7,10,02,,,5,2015-01-01,180
ст.129 ч.3,3,12760,,,1,1290003,FE1R10P1,Клонирование человека,Адамды клондау,,,,,,,,ALL,,,ALL,,,,,,,,,,,,,,,,,,,,,,,,,,,,,,1,0,,,NO,,,,,,,,,,,,,,,,,,,,,,,,,,ALL,,,,,,,,,,ALL,01,,"05,06,11,",,,,,,,,,,,,7,12,02,,,5,2020-01-11,181
ст.130 ч.1,1,2110,,1,1,1300001,FE1R10P1,Клевета,Жала жабу,,,,,,,,,,,ALL,,,,,,,,,,,,,,,,,,,,,,,,,,,,,,1,0,,,NO,,,,,,ALL,,,,,,,,,,,,,,,,,,,,,,,,,,,,,,,"05,06,11,01",,,,,1000,,1000,,,,,,1,,1,,,,,2015-01-01,182
ст.130 ч.2,1,2420,,1,1,1300002,FE1R10P1,Клевета,Жала жабу,,,,,,,,,,,ALL,,,,,,,,,,,,,,,,,,,,,,,,,,,,,,1,0,,,NO,,,,,,ALL,,,,,,,,,,,,,,,,,,,,,,,,,,,,,,,"05,06,11,01",,,,,2000,,2000,,,,,,2,,2,,,,,2015-01-01,183
ст.130 ч.3,2,4260,,1,1,1300003,FE1R10P1,Клевета,Жала жабу,,,,,,,,,,,ALL,,,,,,,,,,,,,,,,,,,,,,,,,,,,,,1,0,,,NO,,,,,,ALL,,,,,,,,,,,,,,,,,,,,,,,,,,,,,,,"05,06,11,01",,,,,3000,,3000,,,,,,3,,3,,,,,2015-01-01,184
ст.131 ч.1,0,110,,1,2,1310001,FE1R10P1,Оскорбление,Ќорлау,,1,,,,,,,,,ALL,,,,,,,,,,,,,,,,,,,,,,,,,,,,,,1,0,,,NO,,,,,,ALL,,,,,,,,,,,,,,,,,,,,,,,,,,,,,,,"05,06,09",,,,,100,,100,,120,,,,,,,,,,,2015-01-01,185
ст.131 ч.2,0,160,,1,2,1310002,FE1R10P1,Оскорбление,Ќорлау,,1,,,,,,,,,ALL,,,,,,,,,,,,,,,,,,,,,,,,,,,,,,1,0,,,NO,,,,,,ALL,,,,,,,,,,,,,,,,,,,,,,,,,,,,,,,"05,06,09",,,,,200,,200,,180,,,,,,,,,,,2015-01-01,186
ст.132 ч.1,3,8150,1,,1,1320001,FE1R10P1,Вовлечение несовершеннолетнего в совершение уголов,Кјмелетке толмаєан адамды ќылмыстыќ ќўќыќ бўзушылы,,,,,,,,,,,,,,,,,,,,,,,,,,,,,,,,,,,,,,,,,2,0,,,NO,,,NO,,NO,ALL,,,,,ALL,,,,,,,,,,,,,,,,ALL,,,,,,,,,,01,,"05,06,11,",,,,,,,,,,,,2,6,,,,,2019-01-09,187
ст.132 ч.1,3,8200,1,,1,1320001,FE1R10P1,Вовлечение несовершеннолетнего в совершение уголов,Кјмелетке толмаєан адамды ќылмыстыќ ќўќыќ бўзушылы,,,,,,,,,,,,,,,,,,,,,,,,,,,,,,,,,,,,,,,,,1,0,,,NO,,,NO,,NO,ALL,,,,,ALL,,,,,,,,,,,,,,,,ALL,,,,,,,,,,01,,"05,06,11,",,,,,,,,,,,,3,6,,,,,2020-01-11,188
ст.132 ч.1,3,8130,1,,1,1320001,FE1R10P1,Вовлечение несовершеннолетнего в совершение уголов,Кјмелетке толмаєан адамды ќылмыстыќ ќўќыќ бўзушылы,,,,,,,,,,,,,,,,,,,,,,,,,,,,,,,,,,,,,,,,,2,0,,,NO,,,NO,,NO,ALL,,,,,ALL,,,,,,,,,,,,,,,,ALL,,,,,,,,,,01,,"05,06,11,",,,,,,,,,,,,2,6,,,,,2015-01-01,189
ст.132 ч.2,3,9430,1,,1,1320002,FE1R10P1,Вовлечение несовершеннолетнего в совершение уголов,Кјмелетке толмаєан адамды ќылмыстыќ ќўќыќ бўзушылы,,,,,,,,,,,,,,,,,,,,,,,,,,,,,,,,,,,,,,,,,2,0,,,NO,,,NO,,ALL,ALL,,,,,ALL,,,,,,,,,,,,,,,,,,,,,,,,,,01,,"05,06,11,",,,,,,,,,,,,3,7,22,,,,2019-01-09,190
ст.132 ч.2,3,10630,1,,1,1320002,FE1R10P1,Вовлечение несовершеннолетнего в совершение уголов,Кјмелетке толмаєан адамды ќылмыстыќ ќўќыќ бўзушылы,,,,,,,,,,,,,,,,,,,,,,,,,,,,,,,,,,,,,,,,,1,0,,,NO,,,NO,,ALL,ALL,,,,,ALL,,,,,,,,,,,,,,,,,,,,,,,,,,01,,"05,06,11,",,,,,,,,,,,,4,8,22,,,,2020-01-11,191
ст.132 ч.2,3,9420,1,,1,1320002,FE1R10P1,Вовлечение несовершеннолетнего в совершение уголов,Кјмелетке толмаєан адамды ќылмыстыќ ќўќыќ бўзушылы,,,,,,,,,,,,,,,,,,,,,,,,,,,,,,,,,,,,,,,,,2,0,,,NO,,,NO,,ALL,ALL,,,,,ALL,,,,,,,,,,,,,,,,,,,,,,,,,,01,,"05,06,11,",,,,,,,,,,,,3,7,22,,,,2015-01-01,192
ст.132 ч.3,3,10620,1,,1,1320003,FE1R10P1,Вовлечение несовершеннолетнего в совершение уголов,Кјмелетке толмаєан адамды ќылмыстыќ ќўќыќ бўзушылы,,,,,,,,,,,ALL,,,ALL,,,,,,,,,,,,,,,,,,,,,,,,,,,2,0,,,NO,,,ALL,,,ALL,,,,,ALL,,,,,,,,,,,,,,,,,,,,,,,,,,01,,"05,06,11,",,,,,,,,,,,,4,8,22,,,,2019-01-09,193
ст.132 ч.3,3,10990,1,,1,1320003,FE1R10P1,Вовлечение несовершеннолетнего в совершение уголов,Кјмелетке толмаєан адамды ќылмыстыќ ќўќыќ бўзушылы,,,,,,,,,,,ALL,,,ALL,,,,,,,,,,,,,,,,,,,,,,,,,,,1,0,,,NO,,,ALL,,,ALL,,,,,ALL,,,,,,,,,,,,,,,,,,,,,,,,,,01,,"05,06,11,",,,,,,,,,,,,4,10,22,,,,2020-01-11,194
ст.169,4,13370,,,1,1690001,FE1R10P1,Экоцид,Экоцид,,,,,,,,,,,,,,,,,,,,,,,,,,,,,,,,,,,,,,,,,4,0,,,NO,,,,,,,,,,,,,,,,,,,,,,,,,,,,,,,,,,,,,01,,"05,06,11,",,,,,,,,,,,,10,15,,,,,2015-01-01,195
ст.132 ч.3,3,10610,1,,1,1320003,FE1R10P1,Вовлечение несовершеннолетнего в совершение уголов,Кјмелетке толмаєан адамды ќылмыстыќ ќўќыќ бўзушылы,,,,,,,,,,,ALL,,,ALL,,,,,,,,,,,,,,,,,,,,,,,,,,,2,0,,,NO,,,ALL,,,ALL,,,,,ALL,,,,,,,,,,,,,,,,,,,,,,,,,,01,,"05,06,11,",,,,,,,,,,,,4,8,22,,,,2015-01-01,196
ст.132 ч.4,3,11900,1,,1,1320004,FE1R10P1,Вовлечение несовершеннолетнего в совершение уголов,Кјмелетке толмаєан адамды ќылмыстыќ ќўќыќ бўзушылы,,,,,,,,,,,,,,,,,,,,,,,,,,,,,,,,,,,,,,,,,2,0,,,NO,,,,,,ALL,,,,,ALL,,,,,,,,,,,,,,,,,,,,,,,,,,01,,"05,06,11,",,,,,,,,,,,,5,10,22,,,,2019-01-09,197
ст.132 ч.4,3,12320,1,,1,1320004,FE1R10P1,Вовлечение несовершеннолетнего в совершение уголов,Кјмелетке толмаєан адамды ќылмыстыќ ќўќыќ бўзушылы,,,,,,,,,,,,,,,,,,,,,,,,,,,,,,,,,,,,,,,,,1,0,,,NO,,,,,,ALL,,,,,ALL,,,,,,,,,,,,,,,,,,,,,,,,,,01,,"05,06,11,",,,,,,,,,,,,5,12,22,,,,2020-01-11,198
ст.132 ч.4,3,11890,1,,1,1320004,FE1R10P1,Вовлечение несовершеннолетнего в совершение уголов,Кјмелетке толмаєан адамды ќылмыстыќ ќўќыќ бўзушылы,,,,,,,,,,,,,,,,,,,,,,,,,,,,,,,,,,,,,,,,,2,0,,,NO,,,,,,ALL,,,,,ALL,,,,,,,,,,,,,,,,,,,,,,,,,,01,,"05,06,11,",,,,,,,,,,,,5,10,22,,,,2015-01-01,199
ст.132 ч.5,4,13790,1,,1,1320005,FE1R10P1,Вовлечение несовершеннолетнего в совершение уголов,Кјмелетке толмаєан адамды ќылмыстыќ ќўќыќ бўзушылы,,,,,,,,,,,,,,,,,,,,,,,,,,,,,,,,,,,,,,,,,2,0,,,NO,,,,,,ALL,,,,,ALL,,,,,,,,,,,,,,,,,,,,,,,,,ALL,01,,"05,06,11,",,,,,,,,,,,,10,15,22,,,,2015-01-01,200
ст.132 ч.5,4,13820,1,,1,1320005,FE1R10P1,Вовлечение несовершеннолетнего в совершение уголов,Кјмелетке толмаєан адамды ќылмыстыќ ќўќыќ бўзушылы,,,,,,,,,,,,,,,,,,,,,,,,,,,,,,,,,,,,,,,,,1,0,,,NO,,,,,,ALL,,,,,ALL,,,,,,,,,,,,,,,,,,,,,,,,,ALL,01,,"05,06,11,",,,,,,,,,,,,10,15,22,,,,2019-01-09,201
ст.133 ч.1,2,4650,1,,1,1330001,FE1R10P1,Вовлечение несовершеннолетнего в совершение антиоб,Кјмелетке толмаєан адамды ќоєамєа жат јрекеттер жа,,,,,,,,,,,,,,,,,,,,,,,,,,,,,,,,,,,,,,,,,2,0,,,NO,,,NO,,NO,ALL,,,,,ALL,,,,,,,,,,,,,,,,ALL,,,,,,,,,,"05,06,09,11,01",,,,,3000,,3000,,800,,,,3,,3,,,,,2015-01-01,202
ст.133 ч.1,2,5400,1,,1,1330001,FE1R10P1,Вовлечение несовершеннолетнего в совершение антиоб,Кјмелетке толмаєан адамды ќоєамєа жат јрекеттер жа,,,,,,,,,,,,,,,,,,,,,,,,,,,,,,,,,,,,,,,,,1,0,,,NO,,,NO,,NO,ALL,,,,,ALL,,,,,,,,,,,,,,,,ALL,,,,,,,,,,"05,06,09,11,01",,,,,4000,,4000,,1000,,,,3,,3,,,,,2020-01-11,203
ст.133 ч.2,2,7460,1,,1,1330002,FE1R10P1,Вовлечение несовершеннолетнего в совершение антиоб,Кјмелетке толмаєан адамды ќоєамєа жат јрекеттер жа,,,,,,,,,,,,,,,,,,,,,,,,,,,,,,,,,,,,,,,,,2,0,,,NO,,,NO,,ALL,ALL,,,,,ALL,,,,,,,,,,,,,,,,,,,,,,,,,,"05,06,09,11,01",,,,,5000,,5000,,1200,,,,5,,5,22,,,,2015-01-01,204
ст.133 ч.2,3,8120,1,,1,1330002,FE1R10P1,Вовлечение несовершеннолетнего в совершение антиоб,Кјмелетке толмаєан адамды ќоєамєа жат јрекеттер жа,,,,,,,,,,,,,,,,,,,,,,,,,,,,,,,,,,,,,,,,,1,0,,,NO,,,NO,,ALL,ALL,,,,,ALL,,,,,,,,,,,,,,,,,,,,,,,,,,"05,06,09,11,01",,,,,5000,,5000,,1200,,,,6,,6,22,,,,2020-01-11,205
ст.133 ч.3,3,8280,1,,1,1330003,FE1R10P1,Вовлечение несовершеннолетнего в совершение антиоб,Кјмелетке толмаєан адамды ќоєамєа жат јрекеттер жа,,,,,,,,,,АLL -,ALL,,,ALL,,,,,,,,,,,,,,,,,,,,,,,,,,,2,0,,,NO,,,,,,ALL,,,,,ALL,,,,,,,,ALL,,,,,ALL,,,,,,,,,,,,,01,,"05,06,11,",,,,,,,,,,,,3,6,22,,,,2015-01-01,206
ст.133 ч.3,3,9440,1,,1,1330003,FE1R10P1,Вовлечение несовершеннолетнего в совершение антиоб,Кјмелетке толмаєан адамды ќоєамєа жат јрекеттер жа,,,,,,,,,,АLL -,ALL,,,ALL,,,,,,,,,,,,,,,,,,,,,,,,,,,1,0,,,NO,,,,,,ALL,,,,,ALL,,,,,,,,ALL,,,,,ALL,,,,,,,,,,,,,01,,"05,06,11,",,,,,,,,,,,,3,7,22,,,,2020-01-11,207
ст.134 ч.1,2,7760,1,,1,1340001,FE1R10P1,Вовлечение несовершеннолетнего в занятие проституц,Кјмелетке толмаєан адамды жезґкшелікпен айналысуєа,,,,,,,,,,,,,,,,,,,,,,,,,,,,,,,,,,,,,,,,,2,0,,,NO,,,NO,,NO,ALL,,,,,ALL,,,,,,,,,,,ALL,,,,,ALL,,,,,,,,,,01,,"05,06,11,",,,,,,,,,,,,3,5,01,,,,2019-01-09,208
ст.134 ч.1,3,8270,1,,1,1340001,FE1R10P1,Вовлечение несовершеннолетнего в занятие проституц,Кјмелетке толмаєан адамды жезґкшелікпен айналысуєа,,,,,,,,,,,,,,,,,,,,,,,,,,,,,,,,,,,,,,,,,1,0,,,NO,,,NO,,NO,ALL,,,,,ALL,,,,,,,,,,,ALL,,,,,ALL,,,,,,,,,,01,,"05,06,11,",,,,,,,,,,,,3,6,01,,,,2020-01-11,209
ст.134 ч.1,2,7750,1,,1,1340001,FE1R10P1,Вовлечение несовершеннолетнего в занятие проституц,Кјмелетке толмаєан адамды жезґкшелікпен айналысуєа,,,,,,,,,,,,,,,,,,,,,,,,,,,,,,,,,,,,,,,,,2,0,,,NO,,,NO,,NO,ALL,,,,,ALL,,,,,,,,,,,ALL,,,,,ALL,,,,,,,,,,01,,"05,06,11,",,,,,,,,,,,,3,5,01,,,,2015-01-01,210
ст.134 ч.2,3,10050,1,,1,1340002,FE1R10P1,Вовлечение несовершеннолетнего в занятие проституц,Кјмелетке толмаєан адамды жезґкшелікпен айналысуєа,,,,,,,,,,,ALL,,,ALL,,,,,,,,,,,,,,,,,,,,,,,,,,,2,0,,,NO,,,,,NO,ALL,,,,,ALL,,,,,,,,,,,ALL,,,,,,,,,,,,,,,01,,"05,06,11,",,,,,,,,,,,,5,7,01,,,,2015-01-01,211
ст.134 ч.2,3,10710,1,,1,1340002,FE1R10P1,Вовлечение несовершеннолетнего в занятие проституц,Кјмелетке толмаєан адамды жезґкшелікпен айналысуєа,,,,,,,,,,,ALL,,,ALL,,,,,,,,,,,,,,,,,,,,,,,,,,,1,0,,,NO,,,,,NO,ALL,,,,,ALL,,,,,,,,,,,ALL,,,,,,,,,,,,,,,01,,"05,06,11,",,,,,,,,,,,,5,8,01,,,,2020-01-11,212
ст.134 ч.2,3,10090,1,,1,1340002,FE1R10P1,Вовлечение несовершеннолетнего в занятие проституц,Кјмелетке толмаєан адамды жезґкшелікпен айналысуєа,,,,,,,,,,,ALL,,,ALL,,,,,,,,,,,,,,,,,,,,,,,,,,,2,0,,,NO,,,,,NO,ALL,,,,,ALL,,,,,,,,,,,ALL,,,,,,,,,,,,,,,01,,"05,06,11,",,,,,,,,,,,,5,7,01,,,,2019-01-09,213
ст.134 ч.3,3,11990,1,,1,1340003,FE1R10P1,Вовлечение несовершеннолетнего в занятие проституц,Кјмелетке толмаєан адамды жезґкшелікпен айналысуєа,"01,11,02",,,,,,01,,,02,,,,,,,,,,,,,,,,,,,,,,,,,,,,,,,1,0,,,NO,,,,,NO,ALL,,,,,ALL,,,,,,,,,,,ALL,,02,,01,,,,,,,,,,,01,,"05,06,11,",,,,,,,,,,,,6,10,01,,,,2019-01-09,214
ст.134 ч.3,3,11970,1,,1,1340003,FE1R10P1,Вовлечение несовершеннолетнего в занятие проституц,Кјмелетке толмаєан адамды жезґкшелікпен айналысуєа,"01,02",,,,,,01,,,02,,,,,,,,,,,,,,,,,,,,,,,,,,,,,,,2,0,,,NO,,,,,NO,ALL,,,,,ALL,,,,,,,,,,,ALL,,02,,01,,,,,,,,,,,01,,"05,06,11,",,,,,,,,,,,,6,10,01,,,,2015-01-01,215
ст.134 ч.4,3,12700,1,,1,1340004,FE1R10P1,Вовлечение несовершеннолетнего в занятие проституц,Кјмелетке толмаєан адамды жезґкшелікпен айналысуєа,"01,02",,,,,,,01,,,,,,,,,,,,,,,,,,,,,,,,,,,,,,,,,1,0,,,NO,,,,,02,ALL,,,,,ALL,,,,,,,,,,,ALL,,,,01,,,,,,,,,,01,01,,"05,06,11,",,,,,,,,,,,,7,12,01,,,,2019-01-09,216
ст.134 ч.4,3,12630,1,,1,1340004,FE1R10P1,Вовлечение несовершеннолетнего в занятие проституц,Кјмелетке толмаєан адамды жезґкшелікпен айналысуєа,"01,02",,,,,,,01,,,,,,,,,,,,,,,,,,,,,,,,,,,,,,,,,2,0,,,NO,,,,,02,ALL,,,,,ALL,,,,,,,,,,,ALL,,,,01,,,,,,,,,,01,01,,"05,06,11,",,,,,,,,,,,,7,12,01,,,,2015-01-01,217
ст.135 ч.1,3,10790,1,,1,1350001,FE1R10P1,Торговля несовершеннолетними,Кјмелетке толмаєандар саудасы,,,,,,,,,,,ALL,,,ALL,,,,,,,,,,,,,,,,,,,,,,,,,,,1,0,,,NO,,,,,,ALL,,,,,ALL,,,,,,,,ALL,,,,,,,,,,,,,,,,,,01,,"05,06,11,",,,,,,,,,,,,5,9,01,,,,2024-09-04,218
ст.135 ч.1,3,10780,1,,1,1350001,FE1R10P1,Торговля несовершеннолетними,Кјмелетке толмаєандар саудасы,,,,,,,,,,,ALL,,,ALL,,,,,,,,,,,,,,,,,,,,,,,,,,,2,0,,,NO,,,,,,ALL,,,,,ALL,,,,,,,,ALL,,,,,,,,,,,,,,,,,,01,,"05,06,11,",,,,,,,,,,,,5,9,01,,,,2020-01-11,219
ст.135 ч.1,3,10060,1,,1,1350001,FE1R10P1,Торговля несовершеннолетними,Кјмелетке толмаєандар саудасы,,,,,,,,,,,ALL,,,ALL,,,,,,,,,,,,,,,,,,,,,,,,,,,2,0,,,NO,,,,,,ALL,,,,,ALL,,,,,,,,ALL,,,,,,,,,,,,,,,,,,01,,"05,06,11,",,,,,,,,,,,,5,7,01,,,,2015-01-01,220
ст.135 ч.2,3,13100,1,,1,1350002,FE1R10P1,Торговля несовершеннолетними,Кјмелетке толмаєандар саудасы,"01,02,03,04,05,06,07,08,09,10,11,12,13,14",,,,,,01,,,02,ALL,,05,11.12,11,,08,,,,,04,,,,,,,,,09,,06,,,,,,,,1,0,,,NO,,,03>,"04,",,ALL,05,11,11,,ALL,,,,11,,,,ALL,,,,,02,,,09,,"11,12",,,,,,08,,01,,"05,06,11,",,,,,,,,,,,,9,12,01,,,,2024-09-04,221
ст.135 ч.2,3,13080,1,,1,1350002,FE1R10P1,Торговля несовершеннолетними,Кјмелетке толмаєандар саудасы,"01,02,03,04,05,06,07,08,09,10,11,12,13",,,,,,01,,,02,ALL,,05,11.12,11,,08,,,,,04,,,,,,,,,09,,06,,,,,,,,2,0,,,NO,,,03>,"04,",,ALL,05,11,11,,ALL,,,,11,,,,ALL,,,,,02,,,09,,"11,12",,,,,,08,,01,,"05,06,11,",,,,,,,,,,,,9,12,01,,,,2020-01-11,222
ст.135 ч.2,3,12160,1,,1,1350002,FE1R10P1,Торговля несовершеннолетними,Кјмелетке толмаєандар саудасы,"01,02,03,04,05,06,07,08,09,10,11,12,13",,,,,,01,,,02,ALL,,05,11.12,11,,08,,,,,04,,,,,,,,,09,,06,,,,,,,,2,0,,,NO,,,03>,"04,",,ALL,05,11,11,,ALL,,,,11,,,,ALL,,,,,02,,,09,,"11,12",,,,,,08,,01,,"05,06,11,",,,,,,,,,,,,7,10,01,,,,2015-01-01,223
ст.135 ч.3,4,13730,1,,1,1350003,FE1R10P1,Торговля несовершеннолетними,Кјмелетке толмаєандар саудасы,,,,,,,,,,,ALL,,,,,,,,,,,,,,,,,,,,,,,,,,,,,,2,0,,,NO,,,,,,ALL,,,,,ALL,,,,,,,,ALL,,,,,,,,,,,,,,,,,,01,,"05,06,11,",,,,,,,,,,,,10,15,01,,,,2020-01-11,224
ст.135 ч.3,3,13110,1,,1,1350003,FE1R10P1,Торговля несовершеннолетними,Кјмелетке толмаєандар саудасы,,,,,,,,,,,ALL,,,,,,,,,,,,,,,,,,,,,,,,,,,,,,2,0,,,NO,,,,,,ALL,,,,,ALL,,,,,,,,ALL,,,,,,,,,,,,,,,,,,01,,"05,06,11,",,,,,,,,,,,,10,12,01,,,,2015-01-01,225
ст.135 ч.3,4,13750,1,,1,1350003,FE1R10P1,Торговля несовершеннолетними,Кјмелетке толмаєандар саудасы,,,,,,,,,,,ALL,,,,,,,,,,,,,,,,,,,,,,,,,,,,,,1,0,,,NO,,,,,,ALL,,,,,ALL,,,,,,,,ALL,,,,,,,,,,,,,,,,,,01,,"05,06,11,",,,,,,,,,,,,10,15,01,,,,2024-09-04,226
ст.135 ч.4,4,13980,1,,1,1350004,FE1R10P1,Торговля несовершеннолетними,Кјмелетке толмаєандар саудасы,"01,02",,,,,,,01,,,ALL,,,,,02 -,,,,,,,,,,,,,,,,,,,,,,,,,2,0,,,NO,,,,,,ALL,,,,,ALL,02,,,,,,,ALL,,,,,,02,01,,,,,,,,,,01,01,,"05,06,11,",,,,,,,,,,,,12,15,01,,,,2015-01-01,227
ст.135 ч.4,4,14180,1,,1,1350004,FE1R10P1,Торговля несовершеннолетними,Кјмелетке толмаєандар саудасы,"01,02",,,,,,,01,,,ALL,,,,,02 -,,,,,,,,,,,,,,,,,,,,,,,,,2,0,,,NO,,,,,,ALL,,,,,ALL,02,,,,,,,ALL,,,,,,02,01,,,,,,,,,,01,01,,"05,06,11,",,,,,,,,,,,,12,18,01,,,,2020-01-11,228
ст.135 ч.4,4,14190,1,,1,1350004,FE1R10P1,Торговля несовершеннолетними,Кјмелетке толмаєандар саудасы,"01,02",,,,,,,01,,,ALL,,,,,02 -,,,,,,,,,,,,,,,,,,,,,,,,,1,0,,,NO,,,,,,ALL,,,,,ALL,02,,,,,,,ALL,,,,,,02,01,,,,,,,,,,01,01,,"05,06,11,",,,,,,,,,,,,12,18,01,,,,2024-09-04,229
ст.136 ч.1,1,2430,1,,1,1360001,FE1R10P1,Подмена ребенка,Баланы ауыстыру,,,,,,,,,,,,,,,,,,,,,,,,,,,,,,,,,,,,,,,,,1,0,,,NO,,,,,,ALL,,,,,,,,,,,,,,,,,,,,,,,,,,,,,,,"05,06,11,01",,,,,2000,,2000,,,,,,2,,2,,,,,2015-01-01,230
ст.136 ч.2,3,8830,1,,1,1360002,FE1R10P1,Подмена ребенка,Баланы ауыстыру,,,,,,,,,,,,,,,,,,,,,,,,,,,,,,,,,,,,,,,,,1,0,,,NO,,,,,,ALL,,,,,,,,,,,,,,,,,,,,,,,,,,,,,,,01,,"05,06,11,",,,,,,,,,,,,3,7,,,,,2015-01-01,231
ст.137 ч.1,0,1040,,,2,1370001,FE1R10P1,Незаконная деятельность по усыновлению (удочерению,Бала асырап алу жґнiндегi заѕсыз јрекет,,1,,,,,,,,,,,,,,,,,,,,,,,,,,,,,,,,,,,,,,,1,0,,,NO,,,,,,,,,,,,,,,,,,,,,,,,,,,,,,,,,,,,,"05,06,09,12",,,,,160,,160,,160,,40,,,,,,02,,3,2015-01-01,232
ст.137 ч.2,1,3450,,,1,1370002,FE1R10P1,Незаконная деятельность по усыновлению (удочерению,Бала асырап алу жґнiндегi заѕсыз јрекет,,,,,,,,,,,,,,,,,ALL -,,,,,,,,,,,,,,,,,,,,,,,ALL -,1,0,,,NO,,,,,,,,,,,,,,,,,,,,,,,,,,,,,,,,,,,ALL,,"05,06,09,11,01",,,,,2000,,2000,,600,,,,2,,2,,02,,3,2015-01-01,233
ст.138,0,1420,,2,2,1380001,FE1R10P1,Разглашение тайны усыновления (удочерения),Бала асырап алу ќўпиясын жария ету,,1,,,,,,,,,ALL,,,,,,,,,,,,,,,,,,,,,,,,,,,,,,1,0,,,NO,,,,,,,,,,,,,,,,,,,,,,,,,,,,,,,,,,,,,"05,06,09,12",,,,,200,,200,,180,,50,,,,,,02,,3,2015-01-01,234
ст.139,1,2680,,2,1,1390001,FE1R10P1,Неисполнение обязанностей по уплате средств на сод,Балаларын кїтіп-баєуєа арналєан ќаражатты тґлеу жґ,,,,,,,,,,,ALL,,,,,,,,,,,,,,,,,,,,,,,,,,,,,,1,0,,,NO,,,,,,ALL,,,,,,,,,,,,,,,,,,,,,,,,,,,,,,,"09,11,01",,"05,06,",,,,,,,600,,,,2,,2,,,,,2015-01-01,235
ст.140 ч.1,0,410,,,2,1400001,FE1R10P1,Неисполнение обязанностей по воспитанию несовершен,Кјмелетке толмаєан адамды тјрбиелеу жґнiндегi мiнд,,1,,,,,,,,,,,,ALL,,,,,,,,,,,,,,,,,,,,,,,,,,,3,0,,,NO,,,,,ALL,ALL,,,,,ALL,,,,,,,,,,,,,,,,,,,,,,,,,,"05,06,09,12",,,,,120,,120,,120,,30,,,,,,,,,2015-01-01,236
ст.140 ч.1,0,490,,,2,1400001,FE1R10P1,Неисполнение обязанностей по воспитанию несовершен,Кјмелетке толмаєан адамды тјрбиелеу жґнiндегi мiнд,,1,,,,,,,,,,,,ALL,,,,,,,,,,,,,,,,,,,,,,,,,,,3,0,,,NO,,,,,ALL,ALL,,,,,ALL,,,,,,,,,,,,,,,,,,,,,,,,,,"05,06,09,12",,,,,120,,120,,120,,30,,,,,,,,,2019-04-13,237
ст.140 ч.1,0,500,,,2,1400001,FE1R10P1,Неисполнение обязанностей по воспитанию несовершен,Кјмелетке толмаєан адамды тјрбиелеу жґнiндегi мiнд,,1,,,,,,,,,,,,ALL,,,,,,,,,,,,,,,,,,,,,,,,,,,3,0,,,NO,,,,,ALL,ALL,,,,,ALL,,,,,,,,,,,,,,,,,,,,,,,,,,"05,06,09,12",,,,,120,,120,,120,,30,,,,,,,,,2025-09-16,238
ст.140 ч.2,0,1050,,,2,1400002,FE1R10P1,Неисполнение обязанностей по воспитанию несовершен,Кјмелетке толмаєан адамды тјрбиелеу жґнiндегi мiнд,,1,,,,,,,,,,,,ALL,,,,,,,,,,,,,,,,,,,,,,,,,,,2,0,,,NO,,,,,ALL,ALL,,,,,ALL,,,,,,,,ALL,,,,,,,,,,,,,,,,,,"05,06,09,12",,,,,160,,160,,160,,40,,,,,,02,,3,2015-01-01,239
ст.140 ч.2,0,1070,,,2,1400002,FE1R10P1,Неисполнение обязанностей по воспитанию несовершен,Кјмелетке толмаєан адамды тјрбиелеу жґнiндегi мiнд,,1,,,,,,,,,,,,ALL,,,,,,,,,,,,,,,,,,,,,,,,,,,2,0,,,NO,,,,,ALL,ALL,,,,,ALL,,,,,,,,ALL,,,,,,,,,,,,,,,,,,"05,06,09,12",,,,,160,,160,,160,,40,,,,,,02,,3,2019-04-13,240
ст.140 ч.2,1,2770,,,1,1400002,FE1R10P1,Неисполнение обязанностей по воспитанию несовершен,Кјмелетке толмаєан адамды тјрбиелеу жґнiндегi мiнд,,,,,,,,,,,,,,ALL,,,,,,,,,,,,,,,,,,,,,,,,,,,1,0,,,NO,,,,,ALL,ALL,,,,,ALL,,,,,,,,ALL,,,,,,,,,,,,,,,,,,"05,06,09,11,01",,,,,1000,,1000,,600,,,,2,,2,,02,,3,2025-09-16,241
ст.140 ч.3,2,4220,,,1,1400003,FE1R10P1,Неисполнение обязанностей по воспитанию несовершен,Кјмелетке толмаєан адамды тјрбиелеу жґнiндегi мiнд,,,,,,,,,,,,,,ALL,,,,,,,,,,,,,,,,,,,,,,,,,,,1,0,,,NO,,,,,ALL,ALL,,,,,ALL,,,,,,,,ALL,,,,,,,,,,,,,,,,,,"11,01",,,,,,,,,,,,,3,,3,,02,,5,2025-09-16,242
ст.141 ч.1,1,2840,,,1,1410001,FE1R10P1,Ненадлежащее исполнение обязанностей по обеспечени,Балалардыѕ ґмiрi мен денсаулыєыныѕ ќауiпсiздiгiн ќ,,,,,,,,,,,,,,ALL,,,,,,,,,,,,,,,,,,,,,,,,,,,1,0,,,NO,,,,,,ALL,,,,ALL,,,,,,,,ALL,,,,,,,ALL,,,,ALL,,,,,,,,"05,06,09,11,01",,,,,2000,,2000,,600,,,,2,,2,,02,,3,2015-01-01,243
ст.156 ч.3,1,6420,,,1,1560003,FE1R10P1,Нарушение правил охраны труда,Еѕбектi ќорєау ќаєидаларын бўзу,,,,,,,,,,,ALL,,,,,ALL,,,,,,,,,,,,,,,,,,,,,,,,,1,0,,,NO,,,,,,ALL,,,,,,,,,,,,ALL,,,,,,,ALL,,,,,,,,,,,,"11,01",,"05,06,",,,,,,,,,,,5,,5,,02,,3,2015-01-01,244
ст.141 ч.2,1,6410,,,1,1410002,FE1R10P1,Ненадлежащее исполнение обязанностей по обеспечени,Балалардыѕ ґмiрi мен денсаулыєыныѕ ќауiпсiздiгiн ќ,,,,,,,,,,,,,,ALL,,ALL,,,,,,,,,,,,,,,,,,,,,,,,,1,0,,,NO,,,,,,ALL,,,,ALL,,,,,,,,ALL,,,,,,,ALL,,,,,,,,,,,,"11,01",,"05,06,",,,,,,,,,,,5,,5,,02,,3,2015-01-01,245
ст.142,1,2980,,,1,1420001,FE1R10P1,Злоупотребление правами опекуна или попечителя,Ќорєаншы немесе ќамќоршы ќўќыќтарын терiс пайдалан,,,,,,,,,,,,,,ALL,,,,,,,,,,,,,,,,,,,,,,,,,,,1,0,,,NO,,,,,,ALL,,,,,,,,,,,,,,,,,,,,,,,,,,,,,,,"05,06,09,11,01",,,,,2000,,2000,,600,,,,2,,2,,,,,2015-01-01,246
ст.143 ч.1,2,4840,,,1,1430001,FE1R10P1,Незаконный вывоз несовершеннолетнего лица за преде,Кјмелетке толмаєан адамды Ќазаќстан Республикасыны,,,,,,,,,,,,,,ALL,,,,,,,,,,,,,,,,,,,,,,,,,,,1,0,,,NO,,,,,,ALL,,,,,ALL,,,,,,,,,,,,,,,,,,,,,,,,,,"05,06,09,11,01",,,,,3000,,3000,,800,,,,3,,3,,,,,2020-01-11,247
ст.143 ч.1,1,2990,,,1,1430001,FE1R10P1,Незаконный вывоз несовершеннолетнего лица за преде,Кјмелетке толмаєан адамды Ќазаќстан Республикасыны,,,,,,,,,,,,,,ALL,,,,,,,,,,,,,,,,,,,,,,,,,,,2,0,,,NO,,,,,,ALL,,,,,ALL,,,,,,,,,,,,,,,,,,,,,,,,,,"05,06,09,11,01",,,,,2000,,2000,,600,,,,2,,2,,,,,2015-01-01,248
ст.143 ч.2,2,7200,,,1,1430002,FE1R10P1,Незаконный вывоз несовершеннолетнего лица за преде,Кјмелетке толмаєан адамды Ќазаќстан Республикасыны,,,,,,,ALL -,,,,,,,ALL,,,,,,,,,,,,,,,,,,,,,,,,,,,2,0,,,NO,,,,,,ALL,,,,,ALL,,,,,,,,,,,,,,,ALL,,,,,,,,,,,"05,06,09,11,01",,,,,5000,,5000,,1200,,,,5,,5,,01,,,2015-01-01,249
ст.143 ч.2,3,8110,,,1,1430002,FE1R10P1,Незаконный вывоз несовершеннолетнего лица за преде,Кјмелетке толмаєан адамды Ќазаќстан Республикасыны,,,,,,,ALL -,,,,,,,ALL,,,,,,,,,,,,,,,,,,,,,,,,,,,1,0,,,NO,,,,,,ALL,,,,,ALL,,,,,,,,,,,,,,,ALL,,,,,,,,,,,"05,06,11,01",,"09,",,,8000,,8000,,,,,,6,,6,,01,,,2020-01-11,250
ст.143 ч.3,3,10490,,,1,1430003,FE1R10P1,Незаконный вывоз несовершеннолетнего лица за преде,Кјмелетке толмаєан адамды Ќазаќстан Республикасыны,,,,,,,,ALL,,,,,,ALL,,,,,,,,,,,,,,,,,,,,,,,,,,,1,0,,,NO,,,,,,ALL,,,,,ALL,,,,,,,,,,,,,,,ALL,,,,,,,,,,ALL,01,,"05,06,11,",,,,,,,,,,,,3,8,01,,,,2020-01-11,251
ст.143 ч.3,3,9030,,,1,1430003,FE1R10P1,Незаконный вывоз несовершеннолетнего лица за преде,Кјмелетке толмаєан адамды Ќазаќстан Республикасыны,,,,,,,,ALL,,,,,,ALL,,,,,,,,,,,,,,,,,,,,,,,,,,,2,0,,,NO,,,,,,ALL,,,,,ALL,,,,,,,,,,,,,,,ALL,,,,,,,,,,ALL,01,,"05,06,11,",,,,,,,,,,,,3,7,,01,,,2015-01-01,252
ст.144,0,1680,,,2,1440001,FE1R10P1,Вовлечение несовершеннолетних в изготовление проду,Кјмелетке толмаєандарды эротикалыќ мазмўндаєы ґнім,,1,,,,,,,,,,,,ALL,,,,,,,,,,,,,,,,,,,,,,,,,,,2,0,,,NO,,,,,,ALL,,,,,ALL,,,,,,,,,,,ALL,,,,,ALL,,,,,,,,,,"05,06,09,12",,,,,200,,200,,200,,50,,,,,,,,,2020-01-11,253
ст.144,0,1210,,,2,1440001,FE1R10P1,Вовлечение несовершеннолетних в изготовление проду,Кјмелетке толмаєандарды эротикалыќ мазмўндаєы ґнім,,1,,,,,,,,,,,,ALL,,,,,,,,,,,,,,,,,,,,,,,,,,,2,0,,,NO,,,,,,ALL,,,,,ALL,,,,,,,,,,,ALL,,,,,ALL,,,,,,,,,,"05,06,09,12",,,,,100,,100,,120,,45,,,,,,,,,2015-01-01,254
ст.144 ч.1,2,6330,,,1,1440001,FE1R10P1,Вовлечение несовершеннолетних в изготовление проду,Кјмелетке толмаєандарды эротикалыќ мазмўндаєы ґнім,,1,,,,,,,,,,,,ALL,,,,,,,,,,,,,,,,,,,,,,,,,,,1,0,,,NO,,,,,,ALL,,,,,ALL,,,,,,,,,,,ALL,,,,,ALL,,,,,,,,,,01,,"05,06,11,",,,,,,,,,,,,,5,22,01,,,2021-01-10,255
ст.144 ч.2,3,10120,,,1,1440002,FE1R10P1,Вовлечение несовершеннолетних в изготовление проду,Кјмелетке толмаєандарды эротикалыќ мазмўндаєы ґнім,"01,02,03,04",1,,,,,,,,,,,,ALL,,,,,,,,,,,,,,,,,,,,,,,,,,,1,0,,,NO,,,,,,ALL,,,,,ALL,,,,,,,,,,,ALL,2,04,,03,,,02,,,,,,,03,01,,"05,06,11,",,,,,,,,,,,,5,7,"01,22",,,,2021-01-10,256
ст.145 ч.1,0,720,,2,2,1450001,FE1R10P1,Нарушение равноправия человека и гражданина,Адамныѕ жјне азаматтыѕ теѕ ќўќыќтылыєын бўзу,,1,,,,,,,,,ALL,,,,,,,,,,,,,,,,,,,,,,,,,,,,,,1,0,,,NO,,,,,,ALL,,,,,,,,,,,,,,,,,,,,,,ALL,,,,,,,,,"05,06,09,12",,,,,160,,160,,160,,40,,,,,,,,,2015-01-01,257
ст.145 ч.2,0,1810,,2,2,1450002,FE1R10P1,Нарушение равноправия человека и гражданина,Адамныѕ жјне азаматтыѕ теѕ ќўќыќтылыєын бўзу,,1,,,,,,,,,ALL,,,,,,ALL -,,,,,,,,,,,,,,,,,,,,,,,,1,0,,,NO,,,,,,ALL,,,,,,,,,,,,,,,,,,,,,,,,,,,,,ALL,,"05,06,09,12",,,,,200,,200,,200,,50,,,,,,02,,3,2015-01-01,258
ст.146 ч.1,2,6860,,,1,1460001,FE1R10P1,Пытки,Азаптаулар,,,,,,,,,,,ALL,,,,,,,,,,,,,,,,,,,,,,,,,,,,,,2,0,,,NO,,,,,,ALL,,,,,,,,,,,,,,,,,,,,,,,,,,,,,,,"05,06,11,01",,,,,5000,,5000,,,,,,5,,5,02,,,3,2015-01-01,259
ст.146 ч.1,1,3430,,,1,1460001,FE1R10P1,"Жестокое, бесчеловечное или унижающее достоинство","Ќатыгез, адамгершілікке жатпайтын немесе ќадір-ќас",,,,,,,,,,,ALL,,,,,,,,,,,,,,,,,,,,,,,,,,,,,,1,0,,,NO,,,,,,ALL,,,,,,,,,,,,,,,,,,,,,,,,,,,,,,,"05,06,09,11,01",,,,,2000,,2000,,600,,,,2,,2,,02,,2,2023-05-19,260
ст.146 ч.2,3,7970,,,1,1460002,FE1R10P1,"Жестокое, бесчеловечное или унижающее достоинство","Ќатыгез, адамгершілікке жатпайтын немесе ќадір-ќас",,,,,,,,,,,ALL,,,,,,,,,,,,,,,,,,,,,,,,,,,,,,1,0,,,NO,,,,,,ALL,,,,,,,,,,,,,,,,,,,,,,,,,,,,,,,"05,06,11,01",,,,,5000,,5000,,,,,,6,,6,,02,,3,2023-05-19,261
ст.146 ч.2,3,9330,,,1,1460002,FE1R10P1,Пытки,Азаптаулар,"01,02,03,04",,,,,01,01,,,02,ALL,,,по п.,по п.,,,,,,,,,,,,,,,,,,,,,,,,,,2,0,,,NO,,,,,,ALL,,04,04,,,,,,04,,,,,,,,,,,,,,,,,,,,,,01,,"05,06,11,",,,,,,,,,,,,3,7,02,,,3,2015-01-01,262
ст.146 ч.3,3,10970,,,1,1460003,FE1R10P1,"Жестокое, бесчеловечное или унижающее достоинство","Ќатыгез, адамгершілікке жатпайтын немесе ќадір-ќас","01,02,03,04",,,,,01,01,,,02,ALL,,,,,,,,,,,,,,,,,,,,,,,,,,,,,,1,0,,,NO,,,,,,ALL,,,,,,,,,,,,,,03,,,,02,,01,,,04,,,,,,,,01,,,,,,,,,,,,,,4,10,02,,,3,2023-05-19,263
ст.146 ч.3,3,12290,,,1,1460003,FE1R10P1,Пытки,Азаптаулар,,,,,,,,,,,ALL,,,,,ALL -,,,,,,,,,,,,,,,,,,,,,,,,,2,0,,,NO,,,,,,ALL,,,,,,,,,,,,,,,,,,02,,01,,,04,,,,,,,,01,,"05,06,11,",,,,,,,,,,,,5,12,02,,,3,2015-01-01,264
ст.146 ч.4,3,12750,,,1,1460004,FE1R10P1,"Жестокое, бесчеловечное или унижающее достоинство","Ќатыгез, адамгершілікке жатпайтын немесе ќадір-ќас",,,,,,,,,,,ALL,,,,,,,,,,,,,,,,,,,,,,,,,,,,,,1,0,,,NO,,,,,,ALL,,,,,,,,,,,,,,,,,,,ALL,,,,,,,,,,,,01,,,,,,,,,,,,,,7,12,02,,,3,2023-05-19,265
ст.147 ч.1,1,3910,,1,1,1470001,FE1R10P1,Нарушение неприкосновенности частной жизни и закон,Жеке ґмiрге ќолсўєылмаушылыќты жјне Ќазаќстан Респ,,,,,,,,,,,ALL,,,,,,,,,,,,,,,,,,,,,,,,,,,,,,1,0,,,NO,,,,,,,,,,,,,,,,,,,,,,,,,,,,,,,,,,,,,"05,06,09,11,01",,,,,3000,,3000,,600,,,,2,,2,,02,,3,2015-01-01,266
ст.147 ч.2,2,5380,,1,1,1470002,FE1R10P1,Нарушение неприкосновенности частной жизни и закон,Жеке ґмiрге ќолсўєылмаушылыќты жјне Ќазаќстан Респ,,,,,,,,,,,ALL,,,,,,,,,,,,,,,,,,,,,,,,,,,,,,1,0,,,NO,,,,,,,,,,,,,,,,,,,,,,,,,,,,,,,,,,,,,"05,06,09,11,01",,,,,5000,,5000,,800,,,,3,,3,,,,,2015-01-01,267
ст.147 ч.3,2,6270,,,1,1470003,FE1R10P1,Нарушение неприкосновенности частной жизни и закон,Жеке ґмiрге ќолсўєылмаушылыќты жјне Ќазаќстан Респ,,,,,,,,,,,ALL,,,,,,ALL -,,,,,,,,,,,,,,,,,,,,,,,,1,0,,,NO,,,,,,,,,,,,,,,,,,,,,,,,,,,,,,ALL,,,,,ALL,,01,,"05,06,11,",,,,,,,,,,,,,5,,02,2,5,2015-01-01,268
ст.168 ч.1,4,14480,,,1,1680001,FE1R10P1,Геноцид,Геноцид,,,,,,,,,,,,,,,,,,,,,,,,,,,,,,,,,,,,,,,,,1,0,,,NO,,,,,,,,,,,,,,,,,,,,ALL,,,,,ALL,,,,,,,,,,,,"01,03",,"05,06,11,",,,,,,,,,,,,15,20,,05,,,2017-07-24,269
ст.147 ч.4,2,6200,1,3,1,1470004,FE1R10P1,Нарушение неприкосновенности частной жизни и закон,Жеке ґмiрге ќолсўєылмаушылыќты жјне Ќазаќстан Респ,,,,,,,,,,,ALL,,,,,,ALL -,,,,,,,,,,,,,,,,,,,,,,,,1,0,,,NO,,,,,,,,,,,,,,,,,,,,,,,,,,,,,,,,,,,,,01,,"05,06,11,",,,,,,,,,,,,,5,,,,,2015-01-01,270
ст.147 ч.5,3,8380,1,3,1,1470005,FE1R10P1,Нарушение неприкосновенности частной жизни и закон,Жеке ґмiрге ќолсўєылмаушылыќты жјне Ќазаќстан Респ,,,,,,,,,,,ALL,,,,,,ALL -,,,,,,,,,,,,,,,,,,,,,,,,1,0,,,NO,,,,,,,,,,,,,,,,,,,,,,,,,,,,,,ALL,,,,,,,01,,"05,06,11,",,,,,,,,,,,,,7,,,,,2015-01-01,271
ст.148 ч.1,1,3000,,2,1,1480001,FE1R10P1,"Незаконное нарушение тайны переписки, телефонных п","Хат жазысу, телефонмен сґйлесу, пошта, телеграф ха",,,,,,,,,,,ALL,,,,,,,,,,,,,,,,,,,,,,,,,,,,,,1,0,,,NO,,,,,,,,,,,,,,,,,,,,,,,,,,,,,,,,,,,,,"05,06,09,11,01",,,,,2000,,2000,,600,,,,2,,2,,,,,2015-01-01,272
ст.148 ч.2,2,6320,,,1,1480002,FE1R10P1,"Незаконное нарушение тайны переписки, телефонных п","Хат жазысу, телефонмен сґйлесу, пошта, телеграф ха",,,,,,,,,,,,,,,,,ALL -,,,,,,,,,,,,,,,,,,,,,,,,1,0,,,NO,,,,,,,,,,,,,,,,,,,,,,,,,,,,,,,,,,,ALL,,01,,"05,06,11,",,,,,,,,,,,,,5,02,,2,5,2015-01-01,273
ст.149 ч.1,0,1550,,1,2,1490001,FE1R10P1,Нарушение неприкосновенности жилища,Тўрєынжайєа ќолсўєылмаушылыќты бўзу,,1,,,,,,,,,ALL,,,,,,,,,,,,,,,,,,,,,,,,,,,,,,1,0,,,NO,,,NO,,,,,,,,,,,,,,,,,,,,,,,,,,,,,,,,,,"05,06,09,12",,,,,200,,200,,200,,50,,,,,,,,,2015-01-01,274
ст.149 ч.2,1,3010,,,1,1490002,FE1R10P1,Нарушение неприкосновенности жилища,Тўрєынжайєа ќолсўєылмаушылыќты бўзу,,,,,,ALL -,,,,,ALL,,,,,,,,,,,,,,,,,,,,,,,,,,,,,,1,0,,,NO,,,,,,,,,,,,,,,,,,,,,,,,,,ALL,,,,,,,,,,,"05,06,09,11,01",,,,,2000,,2000,,600,,,,2,,2,,,,,2015-01-01,275
ст.149 ч.3,2,5320,,,1,1490003,FE1R10P1,Нарушение неприкосновенности жилища,Тўрєынжайєа ќолсўєылмаушылыќты бўзу,,,,,,,,,,,ALL,,,,,,ALL,,,,,,,,,,,,,,,,,,,,,,,,1,0,,,NO,,,,,,,,,,,,,,,,,,,,,,,,,,,,,,,,,,,ALL,,"05,06,09,11,01",,,,,3000,,3000,,800,,,,3,,3,02,,,5,2015-01-01,276
ст.150 ч.1,0,120,,1,2,1500001,FE1R10P1,Воспрепятствование осуществлению избирательных пра,Сайлау ќўќыќтарын жїзеге асыруєа немесе сайлау ком,,1,,,,,,,,,,,,,,,,,,,,,,,,,,,,,,,,,,,,,,,2,0,,,NO,,,NO,,,,,,,,,,,,,,,,,,,,,,,,,,,,,,,,,,"05,06,09",,,,,100,,100,,120,,,,,,,,,,,2015-01-01,277
ст.150 ч.1,0,140,,1,2,1500001,FE1R10P1,Воспрепятствование осуществлению избирательных пра,Сайлау ќўќыќтарын жїзеге асыруєа немесе сайлау ком,,1,,,,,,,,,,,,,,,,,,,,,,,,,,,,,,,,,,,,,,,1,0,,,NO,,,NO,,,,,,,,,,,,,,,,,,,,,,,,,,,,,,,,,,"05,06,09",,,,,100,,100,,120,,,,,,,,,,,2020-12-30,278
ст.150 ч.2,2,5530,,,1,1500002,FE1R10P1,Воспрепятствование осуществлению избирательных пра,Сайлау ќўќыќтарын жїзеге асыруєа немесе сайлау ком,"01,02,03,04",,,,,,03,03,,,,,,,,,02,,,,,,,,,,,,,,,,,,,,,,,,1,0,,,NO,,,01,,,,,,,,,,,,,,,,,,,,,,,03,,,,,,,,,02,03,"05,06,11,01",,,,,4000,,4000,,,,,,4,,4,,,,,2020-12-30,279
ст.150 ч.2,2,5520,,,1,1500002,FE1R10P1,Воспрепятствование осуществлению избирательных пра,Сайлау ќўќыќтарын жїзеге асыруєа немесе сайлау ком,"01,02,03,04",,,,,,03,03,,,,,,,,,02,,,,,,,,,,,,,,,,,,,,,,,,2,0,,,NO,,,01,,,,,,,,,,,,,,,,,,,,,,,03,,,,,,,,,02,03,"05,06,11,01",,,,,4000,,4000,,,,,,4,,4,,,,,2015-01-01,280
ст.150 ч.1-1,0,130,,1,2,1500011,FE1R10P1,Воспрепятствование осуществлению избирательных пра,Сайлау ќўќыќтарын жїзеге асыруєа немесе сайлау ком,,1,,,,,,,,,,,,,,,,,,,,,,,,,,,,,,,,,,,,,,,1,0,,,NO,,,NO,,,,,,,,,,,,,,,,,,,,,,,,,,,,,,,,,,"05,06,09",,,,,100,,100,,120,,,,,,,,,,,2020-12-30,281
ст.151 ч.1,2,5540,,,1,1510001,FE1R10P1,"Фальсификация избирательных документов, документов","Сайлау ќўжаттарын, референдум ќўжаттарын бўрмалау",,,,,,,,,,,,,,,,,,,,,,,,,,,,,,,,,,,,,,,,,1,0,,,NO,,,,,,,,,,,,,,,,,,,,,,,,,,,,,,,,,,,,,"05,06,11,01",,,,,4000,,4000,,,,,,4,,4,,02,,3,2015-01-01,282
ст.151 ч.2,3,8370,,,1,1510002,FE1R10P1,"Фальсификация избирательных документов, документов","Сайлау ќўжаттарын, референдум ќўжаттарын бўрмалау",,,,,,,,,,,,,,,,,,,,,,,,,,,,,,,,,,,,,,,,,1,0,,,NO,,,,,,,,,,,,,,,,,,,,,,,,,,,,,,,,,,,,,01,,"05,06,11,",,,,,,,,,,,,,7,,,,,2015-01-01,283
ст.152 ч.1,0,650,,1,2,1520001,FE1R10P1,Нарушение трудового законодательства Республики Ка,Ќазаќстан Республикасыныѕ еѕбек заѕнамасын бўзу,,1,,,,,,,,,ALL,,,,,,,,,,,,,,,,,,,,,,,,,,,,,,1,0,,,NO,,,,,,,,,,,,,,,,,,,,,,,,,,,,,,,,,,,,,"09,12",,"05,06,",,,,,,,160,,40,,,,,,02,,1,2015-01-01,284
ст.152 ч.2,0,1760,,1,2,1520002,FE1R10P1,Нарушение трудового законодательства Республики Ка,Ќазаќстан Республикасыныѕ еѕбек заѕнамасын бўзу,,1,,,,,,,,,ALL,,,,,,,,,,,,,,,,,,,,,,,,,,,,,,1,0,,,NO,,,,,,,,,,,,,,,,,,,,,,,,,,,,,,,,,,,,,"05,06,09,12",,,,,200,,200,,200,,50,,,,,,02,,1,2015-01-01,285
ст.152 ч.3,0,1820,,1,2,1520003,FE1R10P1,Нарушение трудового законодательства Республики Ка,Ќазаќстан Республикасыныѕ еѕбек заѕнамасын бўзу,,1,,,,,,,,,,,,,,,,,,,,,,,,,,,,,,,,,,,,,,,1,0,,,NO,,,,,,,,,,,,,,,,,,,,,,,,,,,,,,,,,,,,,"05,06,09,12",,,,,200,,200,,200,,50,,,,,,02,,3,2015-01-01,286
ст.153 ч.1,1,3660,,2,1,1530001,FE1R10P1,Нарушение трудового законодательства Республики Ка,Кјмелетке толмаєандарєа ќатысты Ќазаќстан Республи,,,,,,,,,,,ALL,,,,,,,,,,,,,,,,,,,,,,,,,,,,,,1,0,,,NO,,,,,,ALL,,,,,ALL,,,,,,,,,,,,,,,,,,,,,,,,,,"05,06,09,11,01",,,,,2000,,2000,,600,,,,2,,2,02,,,3,2015-01-01,287
ст.153 ч.2,2,7680,,,1,1530002,FE1R10P1,Нарушение трудового законодательства Республики Ка,Кјмелетке толмаєандарєа ќатысты Ќазаќстан Республи,"01,02,03,04,05",,,,,,01,,,02,ALL,,03,05,,,,,,,,,,,,,,,,,,,,,,,,,,,1,0,,,NO,,,,,,ALL,03,,,,ALL,,,,,,,,,,,,,02,,ALL,,,05,,,,,,,,"05,06,09,11,01",,,,,5000,,5000,,1200,,,2,5,2,5,02,,,3,2015-01-01,288
ст.154,0,1140,,2,2,1540001,FE1R10P1,Воспрепятствование законной деятельности представи,Жўмыскерлер ґкілдерініѕ заѕды ќызметіне кедергі жа,,1,,,,,,,,,ALL,,,,,,ALL,,,,,,,,,,,,,,,,,,,,,,,,1,0,,,NO,,,,,,,,,,,,,,,,,,,,,,,,,,,,,,,,,,,,,"05,06,09,12",,,,,160,,160,,160,,40,,,,,02,,,3,2015-01-01,289
ст.155 ч.1,0,1370,,2,2,1550001,FE1R10P1,"Воспрепятствование организации, проведению собрани","Жиналыс, митинг, демонстрация, шеру, пикет ўйымдас",,1,,,,,,,,,ALL,,,,,,,,,,,,,,,,,,,,,,,,,,,,,,1,0,,,NO,,,NO,,,,,,,,,,,,,,,,,,,,,,,,,,,,,,,,,,"05,06,09,12",,,,,200,,200,,180,,50,,,,,,,,,2015-01-01,290
ст.155 ч.2,2,4370,,,1,1550002,FE1R10P1,"Воспрепятствование организации, проведению собрани","Жиналыс, митинг, демонстрация, шеру, пикет ўйымдас",,,,,,,,,,,ALL,,,,,,ALL -,,,,,,,,,,,,,,,,,,,,,,,,1,0,,,NO,,,,,,,,,,,,,,,,,,,,,,,,,,,,,,,,,,,ALL,,"05,06,11,01",,,,,3000,,3000,,,,,,3,,3,,02,,3,2015-01-01,291
ст.156 ч.1,0,660,,,2,1560001,FE1R10P1,Нарушение правил охраны труда,Еѕбектi ќорєау ќаєидаларын бўзу,,1,,,,,,,,,ALL,,,,,,,,,,,,,,,,,,,,,,,,,,,,,,1,0,,,NO,,,,,,ALL,,,,,,,,,,,,ALL,,,,,,,,,,,,,,,,,,,"05,06,09,12",,,,,160,,160,,160,,40,,,,,,,,,2015-01-01,292
ст.156 ч.2,0,1530,,,2,1560002,FE1R10P1,Нарушение правил охраны труда,Еѕбектi ќорєау ќаєидаларын бўзу,,1,,,,,,,,,ALL,,,,,,,,,,,,,,,,,,,,,,,,,,,,,,1,0,,,NO,,,,,,ALL,,,,,,,,,,,,ALL,,,,,,,ALL,,,,,,,,,,,,"05,06,09,12",,,,,200,,200,,200,,50,,,,,02,,,3,2015-01-01,293
ст.168 ч.2,4,14920,,,1,1680002,FE1R10P1,Геноцид,Геноцид,,,,,,,,,,,,,,,,,,,,,,,,,,,,,,,,,,,,,,,,,1,0,,,NO,,,,,,,,,,,,,,,,,,,,ALL,,,,,,,,,,,,,,,,,"01,03,02",,"05,06,11,",,,,,,,,,,,,15,20,,05,,,2017-07-24,294
ст.156 ч.4,2,8420,,,1,1560004,FE1R10P1,Нарушение правил охраны труда,Еѕбектi ќорєау ќаєидаларын бўзу,,,,,,,,,,,ALL,ALL,,,,,,,,,,,,,,,,,,,,,,,,,,,,,1,0,,,NO,,,,,,ALL,00,,,,,,,,,,,ALL,,,,,,,ALL,,,,,,,,,,,,"11,01",,"05,06,",,,,,,,,,,,7,,7,,02,,3,2015-01-01,295
ст.157 ч.1,2,4270,,2,1,1570001,FE1R10P1,Принуждение к участию в забастовке или к отказу от,Ереуiлге ќатысуєа немесе ереуілге ќатысудан бас та,,,,,,,,,,,ALL,,,,,,,,,,,,,,,,,,,,,,,,,,,,,,1,0,,,NO,,,NO,,,,,,,,,,,,,,,,,,,,,,,,,,,,,,,,,,"05,06,11,01",,,,,3000,,3000,,,,,,3,,3,,,,,2015-01-01,296
ст.157 ч.2,3,8090,,,1,1570002,FE1R10P1,Принуждение к участию в забастовке или к отказу от,Ереуiлге ќатысуєа немесе ереуілге ќатысудан бас та,,,,,,,,,,,ALL,,,,,,ALL -,,,,,,,,,,,,,,,,,,,,,,,,1,0,,,NO,,,,,,,,,,,,,,,,,,,,,,,,,,,,,,,,,,,,,"05,06,11,01",,,,,6000,,6000,,,,,,6,,6,02,,,3,2015-01-01,297
ст.158 ч.1,0,1220,,2,2,1580001,FE1R10P1,Воспрепятствование законной профессиональной деяте,Журналистiѕ заѕды кјсіби ќызметiне кедергi жасау,,1,,,,,,,,,ALL,,,,,,,,,,,,,,,,,,,,,,,,,,,,,,1,0,,,NO,,,NO,,,,,,,,,,,,,,,,,,,,,,,,,,,,,,,,,,"05,06,09,12",,,,,100,,100,,120,,45,,,,,,,,,2015-01-01,298
ст.158 ч.2,1,2610,,,1,1580002,FE1R10P1,Воспрепятствование законной профессиональной деяте,Журналистiѕ заѕды кјсіби ќызметiне кедергi жасау,,,,,,,,,,,ALL,,,,,,ALL -,,,,,,,,,,,,,,,,,,,,,,,,1,0,,,NO,,,,,,,,,,,,,,,,,,,,,,,,,,,,,,,,,,,ALL,,"05,06,11,01",,,,,2000,,2000,,,,,,2,,2,,02,,3,2015-01-01,299
ст.159,0,70,,2,2,1590001,FE1R10P1,Незаконное ограничение права на доступ к информаци,Аќпараттыќ ресурстарєа ќол жеткiзу ќўќыєын заѕсыз,,1,,,,,,,,,ALL,,,,,,,,,,,,,,,,,,,,,,,,,,,,,,1,0,,,NO,,,,,,,,,,,,,,,,,,,,,,,,,,,,,,,,,,,,,"05,06,09",,,,,80,,80,,80,,,,,,,,,,,2015-01-01,300
ст.160 ч.1,4,13450,,,1,1600001,FE1R10P1,"Планирование, подготовка, развязывание или ведение","Басќыншылыќ соєысты жоспарлау, дайындау, тўтандыру",,,,,,,,,,,,,,,,,,,,,,,,,,,,,,,,,,,,,,,,,1,0,,,NO,,,,,,,,,,,,,,,,,,,,ALL,,,,,,,,,,,,,,,,,01,,"05,06,11,",,,,,,,,,,,,10,15,,,,,2017-07-24,301
ст.160 ч.1,4,13340,,,1,1600001,FE1R10P1,"Планирование, подготовка, развязывание или ведение","Басќыншылыќ соєысты жоспарлау, дайындау, тўтандыру",,,,,,,,,,,,,,,,,,,,,,,,,,,,,,,,,,,,,,,,,2,0,,,NO,,,,,,,,,,,,,,,,,,,,ALL,,,,,,,,,,,,,,,,,01,,"05,06,11,",,,,,,,,,,,,10,15,,,,,2015-01-01,302
ст.160 ч.2,4,14760,,,1,1600002,FE1R10P1,"- Планирование, подготовка, развязывание или веден","Басќыншылыќ соєысты жоспарлау, дайындау, тўтандыру",,,,,,,,,,,,,,,,,,,,,,,,,,,,,,,,,,,,,,,,,4,0,,,NO,,,,,,,,,,,,,,,,,,,,ALL,,,,,,,,,,,,,,,,,"01,03,02",,"05,06,11,",,,,,,,,,,,,15,20,,,,,2015-01-01,303
ст.160 ч.2,4,14890,,,1,1600002,FE1R10P1,"Планирование, подготовка, развязывание или ведение","Басќыншылыќ соєысты жоспарлау, дайындау, тўтандыру",,,,,,,,,,,,,,,,,,,,,,,,,,,,,,,,,,,,,,,,,1,0,,,NO,,,,,,,,,,,,,,,,,,,,ALL,,,,,,,,,,,,,,,,,"01,03,02",,"05,06,11,",,,,,,,,,,,,15,20,,05,,,2017-07-24,304
ст.161 ч.1,2,6070,,,1,1610001,FE1R10P1,Пропаганда или публичные призывы к развязыванию аг,Басќыншылыќ соєысты тўтандыруєа насихат жїргiзу не,,,,,,,,,,,,,,,,,,,,,,,,,,,,,,,,,,,,,,,,,1,0,,,NO,,,,,,,,,,,,,,,,,,,,,,,,,,,,,,,,,,,,,01,,"05,06,11,",,,,,,,,,,,,,5,,,,,2015-01-01,305
ст.161 ч.2,3,9340,,,1,1610002,FE1R10P1,Пропаганда или публичные призывы к развязыванию аг,Басќыншылыќ соєысты тўтандыруєа насихат жїргiзу не,,,,,,,,,,,,,,,,,,,,,,,,,,,,,,,,,,,,,,,,,1,0,,,NO,,,,,,,,,,,,,,,,,,,,,,,,,,,,,,,,,,,,,01,,"05,06,11,",,,,,,,,,,,,3,7,02,,,3,2015-01-01,306
ст.162,3,11120,,,1,1620001,FE1R10P1,"Производство, приобретение или сбыт оружия массово","Жаппай ќырып-жою ќаруын ґндiру, иемдену немесе ґтк",,,,,,,,,,,,,,,,,,,,,,,,,,,,,,,,,,,,,,,,,1,0,,,NO,,,,,,,,,,,,,,,,,,,,ALL,,,,,,,,,,,,,,,,,01,,"05,06,11,",,,,,,,,,,,,5,10,,,,,2015-01-01,307
ст.163 ч.1,4,13350,,,1,1630001,FE1R10P1,Применение запрещенных средств и методов ведения в,Соєыс жїргiзудiѕ тыйым салынєан ќўралдары мен јдiс,,,,,,,,,,,,,,,,,,,,,,,,,,,,,,,,,,,,,,,,,4,0,,,NO,,,,,,,,,,,,,,,,,,,,ALL,,,,,,,,,,,,,,,,,01,,"05,06,11,",,,,,,,,,,,,10,15,,,,,2015-01-01,308
ст.163 ч.1,4,13510,,,1,1630001,FE1R10P1,Применение запрещенных средств и методов ведения в,Соєыс жїргiзудiѕ тыйым салынєан ќўралдары мен јдiс,,,,,,,,,,,,,,,,,,,,,,,,,,,,,,,,,,,,,,,,,1,0,,,NO,,,,,,,,,,,,,,,,,,,,ALL,,,,,,,,,,,,,,,,,01,,"05,06,11,",,,,,,,,,,,,10,15,,05,,,2017-07-24,309
ст.163 ч.2,4,14770,,,1,1630002,FE1R10P1,Применение запрещенных средств и методов ведения в,Соєыс жїргiзудiѕ тыйым салынєан ќўралдары мен јдiс,,,,,,,,,,,,,,,,,,,,,,,,,,,,,,,,,,,,,,,,,4,0,,,NO,,,,ALL,,,,,,,,,,,,,,,,ALL,,,,,,,,,,,,,,,,,"01,03,02",,"05,06,11,",,,,,,,,,,,,15,20,,,,,2015-01-01,310
ст.163 ч.2,4,14900,,,1,1630002,FE1R10P1,Применение запрещенных средств и методов ведения в,Соєыс жїргiзудiѕ тыйым салынєан ќўралдары мен јдiс,,,,,,,,,,,,,,,,,,,,,,,,,,,,,,,,,,,,,,,,,1,0,,,NO,,,,ALL,,,,,,,,,,,,,,,,ALL,,,,,,,,,,,,,,,,,"01,03,02",,"05,06,11,",,,,,,,,,,,,15,20,,05,,,2017-07-24,311
ст.164 ч.1,3,8840,,,1,1640001,FE1R10P1,Нарушение законов и обычаев войны,Соєыс заѕдары мен дјстїрлерін бўзу,,,,,,,,,,,,,,,,,,,,,,,,,,,,,,,,,,,,,,,,,2,0,,,NO,,,,,,,,,,,,,,,,,,,,,,,,,,,,,,,,,,,,,01,,"05,06,11,",,,,,,,,,,,,3,7,,,,,2015-01-01,312
ст.164 ч.1,3,8970,,,1,1640001,FE1R10P1,Нарушение законов и обычаев войны,Соєыс заѕдары мен дјстїрлерін бўзу,,,,,,,,,,,,,,,,,,,,,,,,,,,,,,,,,,,,,,,,,1,0,,,NO,,,,,,,,,,,,,,,,,,,,,,,,,,,,,,,,,,,,,01,,"05,06,11,",,,,,,,,,,,,3,7,,,,,2017-07-24,313
ст.164 ч.2,4,14780,,,1,1640002,FE1R10P1,Нарушение законов и обычаев войны,Соєыс заѕдары мен дјстїрлерін бўзу,,,,,,,,,,,,,,,,ALL,,,,,,,,,,,,,,,,,,,,,,,,,4,0,,,NO,,,,,,,,,,,,,,,,,,,,,,,,,,,,,,,,,,,,,"01,03,02",,"05,06,11,",,,,,,,,,,,,15,20,,,,,2015-01-01,314
ст.164 ч.2,4,14910,,,1,1640002,FE1R10P1,Нарушение законов и обычаев войны,Соєыс заѕдары мен дјстїрлерін бўзу,,,,,,,,,,,,,,,,ALL,,,,,,,,,,,,,,,,,,,,,,,,,1,0,,,NO,,,,,,,,,,,,,,,,,,,,,,,,,,,,,,,,,,,,,"01,03,02",,"05,06,11,",,,,,,,,,,,,15,20,,05,,,2017-07-24,315
ст.165,4,13360,,,1,1650001,FE1R10P1,Преступные нарушения норм международного гуманитар,Ќарулы ќаќтыєыстар уаќытында халыќаралыќ гуманитар,,,,,,,,,,,,,,,,,,,,,,,,,,,,,,,,,,,,,,,,,1,0,,,NO,,,,,,,,,,,,,,,,,,,,ALL,,,,,,,,,,,,,,,,,01,,"05,06,11,",,,,,,,,,,,,10,15,,,,,2015-01-01,316
ст.166 ч.1,4,13180,,,1,1660001,FE1R10P1,Бездействие либо дача преступного приказа во время,Ќарулы ќаќтыєыс уаќытындаєы јрекетсіздік не ќылмыс,,,,,,,,,,,,,,,,,,,,,,,,,,,,,,,,,,,,,,,,,1,0,,,NO,,,,,,,,,,,,,,,,,,,,ALL,,,,,,,,,,,,,,,,,01,,"05,06,11,",,,,,,,,,,,,7,15,,,,,2015-01-01,317
ст.166 ч.2,4,14200,,,1,1660002,FE1R10P1,Бездействие либо дача преступного приказа во время,Ќарулы ќаќтыєыс уаќытындаєы јрекетсіздік не ќылмыс,,,,,,,,,,,,,,,,,,,,,,,,,,,,,,,,,,,,,,,,,1,0,,,NO,,,,,,,,,,,,,,,,,,,,ALL,,,,,,,,,,,,,,,,,01,,"05,06,11,",,,,,,,,,,,,10,20,,,,,2015-01-01,318
ст.167,2,6080,,,1,1670001,FE1R10P1,"Незаконное пользование знаками, охраняемыми междун",Халыќаралыќ шарттармен ќорєалатын белгілерді заѕсы,,,,,,,,,,,,,,,,,,,,,,,,,,,,,,,,,,,,,,,,,1,0,,,NO,,,,,,,,,,,,,,,,,,,,,,,,,,,,,,,,,,,,,01,,"05,06,11,",,,,,,,,,,,,,5,,,,,2015-01-01,319
ст.168 ч.1,4,14430,,,1,1680001,FE1R10P1,Геноцид,Геноцид,,,,,,,,,,,,,,,,,,,,,,,,,,,,,,,,,,,,,,,,,4,0,,,NO,,,,,,,,,,,,,,,,,,,,ALL,,,,,ALL,,,,,,,,,,,,"01,03",,"05,06,11,",,,,,,,,,,,,15,20,,,,,2015-01-01,320
ст.169,4,13520,,,1,1690001,FE1R10P1,Экоцид,Экоцид,,,,,,,,,,,,,,,,,,,,,,,,,,,,,,,,,,,,,,,,,1,0,,,NO,,,,,,,,,,,,,,,,,,,,,,,,,,,,,,,,,,,,,01,,"05,06,11,",,,,,,,,,,,,10,15,,05,,,2017-07-24,321
ст.170 ч.1,3,11470,,,1,1700001,FE1R10P1,Наемничество,Жалдамалылыќ,,"TR,",,ALL,,,,,,,,,,,,,,,,,,,,,,,,,,,,,,,,,,,,,2,0,,,NO,,,,,,,,,,,,,,,,,,,,,,,,,,,,,,,,,,,,,01,,"05,06,11,",,,,,,,,,,,,5,10,,01,,,2015-01-01,322
ст.170 ч.1,3,11480,,,1,1700001,FE1R10P1,Наемничество,Жалдамалылыќ,,"TR,",,ALL,,,,,,,,,,,,,,,,,,,,,,,,,,,,,,,,,,,,,1,0,,,NO,,,,,,,,,,,,,,,,,,,,,,,,,,,,,,,,,,,,,01,,"05,06,11,",,,,,,,,,,,,5,10,,01,,,2017-04-27,323
ст.170 ч.2,4,14080,,,1,1700002,FE1R10P1,Наемничество,Жалдамалылыќ,,"TR,",,ALL,,,,,,,,,,ALL,,,ALL,,,,,,,,,,,,,,,,,,,,,,,,1,0,,,NO,,,,,,,,,,,,,,,,,,,,,,,,,,,,,,,,,,,ALL,,01,,"05,06,11,",,,,,,,,,,,,12,17,,"01,05",,,2017-04-27,324
ст.170 ч.2,4,13190,,,1,1700002,FE1R10P1,Наемничество,Жалдамалылыќ,,"TR,",,ALL,,,,,,,,,,ALL,,,ALL,,,,,,,,,,,,,,,,,,,,,,,,4,0,,,NO,,,,,,,,,,,,,,,,,,,,,,,,,,,,,,,,,,,ALL,,01,,"05,06,11,",,,,,,,,,,,,7,15,,01,,,2015-01-01,325
ст.170 ч.3,3,12100,,,1,1700003,FE1R10P1,Наемничество,Жалдамалылыќ,,"TR,",,ALL,,,,,,,,,,,,,,,,,,,,,,,,,,,,,,,,,,,,,1,0,,,NO,,,,,,,,,,,,,,,,,,,,,,,,,,,,,,,,,,,,,01,,"05,06,11,",,,,,,,,,,,,7,10,,,,,2017-04-27,326
ст.170 ч.3,3,12050,,,1,1700003,FE1R10P1,Наемничество,Жалдамалылыќ,,"TR,",,ALL,,,,,,,,,,,,,,,,,,,,,,,,,,,,,,,,,,,,,2,0,,,NO,,,,,,,,,,,,,,,,,,,,,,,,,,,,,,,,,,,,,01,,"05,06,11,",,,,,,,,,,,,7,10,,,,,2015-01-01,327
ст.170 ч.4,4,14960,,,1,1700004,FE1R10P1,Наемничество,Жалдамалылыќ,,"TR,",,ALL,,,,,,,,,,,,,,,,,,,,,,,,,,,,,,,,,,,,,1,0,,,NO,,,,,,,,,,,,,,,,,,,,,,,,,ALL,,,,,,,,,,,,"01,03,02",,"05,06,11,",,,,,,,,,,,,15,20,,"01,05",,,2017-04-27,328
ст.170 ч.4,4,14860,,,1,1700004,FE1R10P1,Наемничество,Жалдамалылыќ,,"TR,",,ALL,,,,,,,,,,,,,,,,,,,,,,,,,,,,,,,,,,,,,4,0,,,NO,,,,,,,,,,,,,,,,,,,,,,,,,ALL,,,,,,,,,,,,"01,03,02",,"05,06,11,",,,,,,,,,,,,15,20,,01,,,2015-01-01,329
ст.171,3,11580,,,1,1710001,FE1R10P1,Создание баз (лагерей) подготовки наемников,Жалдамалыларды дайындайтын базалар (лагерьлер) ќўр,,"TR,",,ALL,,,,,,,,,,,,,,,,,,,,,,,,,,,,,,,,,,,,,1,0,,,NO,,,,,,,,,,,,,,,,,,,,,,,,,,,,,,,,,,,,,01,,"05,06,11,",,,,,,,,,,,,5,10,01,,,,2015-01-01,330
ст.172,3,8850,,,1,1720001,FE1R10P1,Участие в иностранных вооруженных конфликтах,Шетелдік ќарулы ќаќтыєыстарєа ќатысу,,,,,,,,,,,,,,,,,,,,,,,,,,,,,,,,,,,,,,,,,1,0,,,NO,,,,,,,,,,,,,,,,,,,,,,,,,,,,,,,,,,,,,01,,"05,06,11,",,,,,,,,,,,,3,7,,,,,2015-01-01,331
ст.173 ч.1,3,10380,,,1,1730001,FE1R10P1,"Нападение на лиц или организации, пользующихся меж",Халыќаралыќ ќорєауды пайдаланатын адамдарєа немесе,,"TR,",,ALL,,,,,,,,,,,,,,,,,,,,,,,,,,,,,,,,,,,,,1,0,,,NO,,,,NO,,,,,,,,,,,,,,,,,,,,,,,,,,,,,,,,,01,,"05,06,11,",,,,,,,,,,,,3,8,,,,,2017-04-27,332
ст.173 ч.1,3,10290,,,1,1730001,FE1R10P1,"Нападение на лиц или организации, пользующихся меж",Халыќаралыќ ќорєауды пайдаланатын адамдарєа немесе,,"TR,",,ALL,,,,,,,,,,,,,,,,,,,,,,,,,,,,,,,,,,,,,2,0,,,NO,,,,NO,,,,,,,,,,,,,,,,,,,,,,,,,,,,,,,,,01,,"05,06,11,",,,,,,,,,,,,3,8,,,,,2015-01-01,333
ст.173 ч.2,4,13490,,,1,1730002,FE1R10P1,"Нападение на лиц или организации, пользующихся меж",Халыќаралыќ ќорєауды пайдаланатын адамдарєа немесе,,"TR,",,ALL,,,ALL -,,,ALL -,,,,,,,,,,,,ALL -,,,,,,,,,,,,,,,,,,,4,0,,,NO,,,,,,,,,,,,,,,,,,,,ALL,,,,,ALL,ALL,,,,,,,,,,,01,,"05,06,11,",,,,,,,,,,,,10,15,,01,,,2015-01-01,334
ст.173 ч.2,4,13580,,,1,1730002,FE1R10P1,"Нападение на лиц или организации, пользующихся меж",Халыќаралыќ ќорєауды пайдаланатын адамдарєа немесе,,"TR,",,ALL,,,ALL -,,,ALL -,,,,,,,,,,,,ALL -,,,,,,,,,,,,,,,,,,,1,0,,,NO,,,,,,,,,,,,,,,,,,,,ALL,,,,,ALL,ALL,,,,,,,,,,,01,,"05,06,11,",,,,,,,,,,,,10,15,,"01,05",,,2017-04-27,335
ст.173 ч.3,4,14310,,,1,1730003,FE1R10P1,"Нападение на лиц или организации, пользующихся меж",Халыќаралыќ ќорєауды пайдаланатын адамдарєа немесе,,"TR,",,ALL,,,,ALL -,,,,,,,,ALL -,,,,,,,,,,,,,,,,,,,,,,,,,4,0,,,NO,,,,,,,,,,,,,,,,,,,,ALL,,,,ALL,ALL,ALL,,,,,,,,,,ALL,01,,"05,06,11,",,,,,,,,,,,,15,20,,01,,,2015-01-01,336
ст.173 ч.3,4,14320,,,1,1730003,FE1R10P1,"Нападение на лиц или организации, пользующихся меж",Халыќаралыќ ќорєауды пайдаланатын адамдарєа немесе,,"TR,",,ALL,,,,ALL -,,,,,,,,ALL -,,,,,,,,,,,,,,,,,,,,,,,,,1,0,,,NO,,,,,,,,,,,,,,,,,,,,ALL,,,,ALL,ALL,ALL,,,,,,,,,,ALL,01,,"05,06,11,",,,,,,,,,,,,15,20,,"01,05",,,2017-04-27,337
ст.174 ч.1,3,8740,,,1,1740001,FE1R10P1,"Возбуждение социальной, национальной, родовой, рас","Јлеуметтiк, ўлттыќ, рулыќ, нјсiлдiк,тектік-топтыќ",,"EKS,",,,ALL,,,,,,,,,,,,,,,,,,,,,,,,,,,,,,,,,,,,1,0,,,NO,,,,,,,,,,,,,,,,,,,,,,,,,,,,ALL,,,,,,,,,"11,01",,"05,06,",,,,,,,,,,2,7,2,7,,,,,2015-01-01,338
ст.174 ч.2,3,11500,,,1,1740002,FE1R10P1,"Возбуждение социальной, национальной, родовой, рас","Јлеуметтiк, ўлттыќ, рулыќ, нјсiлдiк,тектік-топтыќ",,"EKS,",,,ALL,ALL -,ALL -,,,ALL -,,,,,,,ALL -,,,,,,,,,,,,,,,,,,,,,,,,1,0,,,NO,,,,,,,,,,,,,,,,,,,,ALL,,,,ALL,,ALL,,,,,,,,,ALL,,01,,"05,06,11,",,,,,,,,,,,,5,10,,02,,3,2015-01-01,339
ст.174 ч.3,4,14260,,,1,1740003,FE1R10P1,"Возбуждение социальной, национальной, родовой, рас","Јлеуметтiк, ўлттыќ, рулыќ, нјсiлдiк,тектік-топтыќ",,"EKS,",,,ALL,,,ALL -,,,,,,,,,,,,,,,,,,,,,,,,,,,,,,,,,1,0,,,NO,,,,,,,,,,,,,,,,,,,,ALL,,,,,ALL,ALL,,,,,,,,,,ALL,01,,"05,06,11,",,,,,,,,,,,,12,20,,02,,3,2015-01-01,340
ст.175 ч.1,4,13530,,,1,1750001,FE1R10P1,Государственная измена,Мемлекетке опасыздыќ жасау,,,,,,,,,,,,,,,,,,,,,,,,,,,,,,,,,,,,,,,,,1,0,,,NO,,,,,,,,,,,,,,,,,,,,,,,,,,,,,,,,,,,,,01,,"05,06,11,",,,,,,,,,,,,10,15,,05,,,2017-04-27,341
ст.175 ч.1,4,13380,,,1,1750001,FE1R10P1,Государственная измена,Мемлекетке опасыздыќ жасау,,,,,,,,,,,,,,,,,,,,,,,,,,,,,,,,,,,,,,,,,4,0,,,NO,,,,,,,,,,,,,,,,,,,,,,,,,,,,,,,,,,,,,01,,"05,06,11,",,,,,,,,,,,,10,15,,,,,2015-01-01,342
ст.175 ч.2,4,14490,,,1,1750002,FE1R10P1,Государственная измена,Мемлекетке опасыздыќ жасау,,,,,,,,,,,,,,,,,,,,,,,,,,,,,,,,,,,,,,,,,1,0,,,NO,,,,,,,,,,,,,,,,,,,,,,,,,,,,,,,,,,,,,"01,03",,"05,06,11,",,,,,,,,,,,,15,20,,05,,,2017-04-27,343
ст.175 ч.2,4,14440,,,1,1750002,FE1R10P1,Государственная измена,Мемлекетке опасыздыќ жасау,,,,,,,,,,,,,,,,,,,,,,,,,,,,,,,,,,,,,,,,,4,0,,,NO,,,,,,,,,,,,,,,,,,,,,,,,,,,,,,,,,,,,,"01,03",,"05,06,11,",,,,,,,,,,,,15,20,,,,,2015-01-01,344
ст.175 ч.3,4,14800,,,1,1750003,FE1R10P1,Государственная измена,Мемлекетке опасыздыќ жасау,,,,,,,,,,,,,,,,,,,,,,,,,,,,,,,,,,,,,,,,,4,0,,,NO,,,,,,,,,,,,,,,,,,,,,,,,,,,,,,,,,,,,,"01,03,02",,"05,06,11,",,,,,,,,,,,,15,20,,,,,2015-01-01,345
ст.175 ч.3,4,14930,,,1,1750003,FE1R10P1,Государственная измена,Мемлекетке опасыздыќ жасау,,,,,,,,,,,,,,,,,,,,,,,,,,,,,,,,,,,,,,,,,1,0,,,NO,,,,,,,,,,,,,,,,,,,,,,,,,,,,,,,,,,,,,"01,03,02",,"05,06,11,",,,,,,,,,,,,15,20,,05,,,2017-04-27,346
ст.176,4,13390,,,1,1760001,FE1R10P1,Шпионаж,Тыѕшылыќ,,,,,,,,,,,,,,,,,,,,,,,,,,,,,,,,,,,,,,,,,1,0,,,NO,,,,,,,,,,,,,,,,,,,,,,,,,,,,,,,,,,,,,01,,"05,06,11,",,,,,,,,,,,,10,15,,,,,2015-01-01,347
ст.177,4,14810,,,1,1770001,FE1R10P1,Посягательство на жизнь Первого Президента Республ,Ќазаќстан Республикасы Тўѕєыш Президентiніѕ – Елба,,"TR,",,ALL,,,,,,,,,,,,,,,,,,,,,,,,,,,,,,,,,,,,,4,0,,,NO,,,,,,,,,,,,,,,,,,,,,,,,,,,,,,,,,,,,,"01,03,02",,"05,06,11,",,,,,,,,,,,,15,20,,,,,2015-01-01,348
ст.177,4,14940,,,1,1770001,FE1R10P1,Посягательство на жизнь Первого Президента Республ,Ќазаќстан Республикасы Тўѕєыш Президентiніѕ – Елба,,"TR,",,ALL,,,,,,,,,,,,,,,,,,,,,,,,,,,,,,,,,,,,,1,0,,,NO,,,,,,,,,,,,,,,,,,,,,,,,,,,,,,,,,,,,,"01,03,02",,"05,06,11,",,,,,,,,,,,,15,20,,05,,,2017-04-27,349
ст.178,4,14950,,,1,1780001,FE1R10P1,Посягательство на жизнь Президента Республики Каза,Ќазаќстан Республикасы Президентiнiѕ ґмiрiне ќолсў,,"TR,",,ALL,,,,,,,,,,,,,,,,,,,,,,,,,,,,,,,,,,,,,1,0,,,NO,,,,,,,,,,,,,,,,,,,,,,,,,,,,,,,,,,,,,"01,03,02",,"05,06,11,",,,,,,,,,,,,15,20,,05,,,2017-04-27,350
ст.178,4,14820,,,1,1780001,FE1R10P1,Посягательство на жизнь Президента Республики Каза,Ќазаќстан Республикасы Президентiнiѕ ґмiрiне ќолсў,,"TR,",,ALL,,,,,,,,,,,,,,,,,,,,,,,,,,,,,,,,,,,,,4,0,,,NO,,,,,,,,,,,,,,,,,,,,,,,,,,,,,,,,,,,,,"01,03,02",,"05,06,11,",,,,,,,,,,,,15,20,,,,,2015-01-01,351
ст.179 ч.1,3,8620,,,1,1790001,FE1R10P1,Пропаганда или публичные призывы к захвату или уде,Билікті басып алуды немесе ўстап тўруды насихаттау,,"EKS,",,,ALL,,,,,,,,,,,,,,,,,,,,,,,,,,,,,,,,,,,,1,0,,,NO,,,,,,,,,,,,,,,,,,,,,,,,,,,,,,,,,,,,,"05,11,01",,,,1000,5000,,,,,,,,7,,7,,,,,2017-04-27,352
ст.179 ч.1,3,8590,,,1,1790001,FE1R10P1,Пропаганда или публичные призывы к захвату или уде,Билікті басып алуды немесе ўстап тўруды насихаттау,,"EKS,",,,ALL,,,,,,,,,,,,,,,,,,,,,,,,,,,,,,,,,,,,2,0,,,NO,,,,,,,,,,,,,,,,,,,,,,,,,,,,,,,,,,,,,"05,11,01",,,,1000,5000,,,,,,,,7,,7,,,,,2015-01-01,353
ст.179 ч.2,3,11130,,,1,1790002,FE1R10P1,Пропаганда или публичные призывы к захвату или уде,Билікті басып алуды немесе ўстап тўруды насихаттау,,"EKS,",,,ALL,ALL -,ALL -,,,,,,,,,,ALL -,,,,,,,,,,,,,,,,,,,,,,,,2,0,,,NO,,,,,,,,,,,,,,,,,,,,,,,,,,ALL,,,,,,,,,ALL,,01,,"05,06,11,",,,,,,,,,,,,5,10,,,,,2015-01-01,354
ст.179 ч.2,3,11360,,,1,1790002,FE1R10P1,Пропаганда или публичные призывы к захвату или уде,Билікті басып алуды немесе ўстап тўруды насихаттау,,"EKS,",,,ALL,ALL -,ALL -,,,,,,,,,,ALL -,,,,,,,,,,,,,,,,,,,,,,,,1,0,,,NO,,,,,,,,,,,,,,,,,,,,,,,,,,ALL,,,,,,,,,ALL,,01,,"05,06,11,",,,,,,,,,,,,5,10,,,,,2017-04-27,355
ст.179 ч.3,4,14070,,,1,1790003,FE1R10P1,Пропаганда или публичные призывы к захвату или уде,Билікті басып алуды немесе ўстап тўруды насихаттау,,"EKS,",,,ALL,,,,,,,,,,,,,,,,,,,,,,,,,,,,,,,,,,,,1,0,,,NO,,,,,,,,,,,,,,,,,,,,,,,,,,,,,,,,,,,,,01,,"05,06,11,",,,,,,,,,,,,12,17,,05,,,2017-04-27,356
ст.179 ч.3,4,13400,,,1,1790003,FE1R10P1,Пропаганда или публичные призывы к захвату или уде,Билікті басып алуды немесе ўстап тўруды насихаттау,,"EKS,",,,ALL,,,,,,,,,,,,,,,,,,,,,,,,,,,,,,,,,,,,4,0,,,NO,,,,,,,,,,,,,,,,,,,,,,,,,,,,,,,,,,,,,01,,"05,06,11,",,,,,,,,,,,,10,15,,,,,2015-01-01,357
ст.179 ч.4,3,8640,,,1,1790004,FE1R10P1,Пропаганда или публичные призывы к захвату или уде,Билікті басып алуды немесе ўстап тўруды насихаттау,,"EKS,",,,ALL,,,,,,,,,,,,,,,,,,,,,,,,,,,,,,,,,,,,2,0,,,NO,,,,,,,,,,,,,,,,,,,,,,,,,,,,,,,,,,,,,"05,06,11,01",,,,3000,7000,3000,7000,,,,,,7,,7,,,,,2015-01-01,358
ст.179 ч.4,3,8650,,,1,1790004,FE1R10P1,Пропаганда или публичные призывы к захвату или уде,Билікті басып алуды немесе ўстап тўруды насихаттау,,"EKS,",,,ALL,,,,,,,,,,,,,,,,,,,,,,,,,,,,,,,,,,,,1,0,,,NO,,,,,,,,,,,,,,,,,,,,,,,,,,,,,,,,,,,,,"05,06,11,01",,,,3000,7000,3000,7000,,,,,,7,,7,,,,,2017-04-27,359
ст.180 ч.1,3,8600,,,1,1800001,FE1R10P1,Сепаратистская деятельность,Сепаратистік јрекет,,"EKS,",,,ALL,,,,,,,,,,,,,,,,,,,,,,,,,,,,,,,,,,,,2,0,,,NO,,,,,,,,,,,,,,,,,,,,,,,,,,,,,,,,,,,,,"05,11,01",,,,1000,5000,,,,,,,,7,,7,,,,,2015-01-01,360
ст.180 ч.1,3,8610,,,1,1800001,FE1R10P1,Сепаратистская деятельность,Сепаратистік јрекет,,"EKS,",,,ALL,,,,,,,,,,,,,,,,,,,,,,,,,,,,,,,,,,,,1,0,,,NO,,,,,,,,,,,,,,,,,,,,,,,,,,,,,,,,,,,,,"05,11,01",,,,1000,5000,,,,,,,,7,,7,,,,,2017-04-27,361
ст.180 ч.2,3,11140,,,1,1800002,FE1R10P1,Сепаратистская деятельность,Сепаратистік јрекет,,"EKS,",,,ALL,ALL -,ALL -,,,,,,,,,,ALL -,,,,,,,,,,,,,,,,,,,,,,,,2,0,,,NO,,,,,,,,,,,,,,,,,,,,,,,,,,ALL,,,,,,,,,ALL,,01,,"05,06,11,",,,,,,,,,,,,5,10,,,,,2015-01-01,362
ст.180 ч.2,3,11350,,,1,1800002,FE1R10P1,Сепаратистская деятельность,Сепаратистік јрекет,,"EKS,",,,ALL,ALL -,ALL -,,,,,,,,,,ALL -,,,,,,,,,,,,,,,,,,,,,,,,1,0,,,NO,,,,,,,,,,,,,,,,,,,,,,,,,,ALL,,,,,,,,,ALL,,01,,"05,06,11,",,,,,,,,,,,,5,10,,,,,2017-04-27,363
ст.180 ч.3,4,13410,,,1,1800003,FE1R10P1,Сепаратистская деятельность,Сепаратистік јрекет,,"EKS,",,,ALL,,,,,,,,,,,,,,,,,,,,,,,,,,,,,,,,,,,,4,0,,,NO,,,,,,,,,,,,,,,,,,,,,,,,,,,,,,,,,,,,,01,,"05,06,11,",,,,,,,,,,,,10,15,,,,,2015-01-01,364
ст.180 ч.3,4,13540,,,1,1800003,FE1R10P1,Сепаратистская деятельность,Сепаратистік јрекет,,"EKS,",,,ALL,,,,,,,,,,,,,,,,,,,,,,,,,,,,,,,,,,,,1,0,,,NO,,,,,,,,,,,,,,,,,,,,,,,,,,,,,,,,,,,,,01,,"05,06,11,",,,,,,,,,,,,10,15,,05,,,2017-04-27,365
ст.181 ч.1,4,14240,,,1,1810001,FE1R10P1,Вооруженный мятеж,Ќарулы бїлiк,,"EKS,",,,ALL,,,,,,,,,,,,,,,,,,,,,,,,,,,,,,,,,,,,4,0,,,NO,,,,,,,,,,,,,,,,,,,,,,,,,,,,,,,,,,,,,01,,"05,06,11,",,,,,,,,,,,,12,20,,,,,2015-01-01,366
ст.181 ч.1,4,14250,,,1,1810001,FE1R10P1,Вооруженный мятеж,Ќарулы бїлiк,,"EKS,",,,ALL,,,,,,,,,,,,,,,,,,,,,,,,,,,,,,,,,,,,1,0,,,NO,,,,,,,,,,,,,,,,,,,,,,,,,,,,,,,,,,,,,01,,"05,06,11,",,,,,,,,,,,,12,20,,05,,,2017-04-27,367
ст.181 ч.2,4,13420,,,1,1810002,FE1R10P1,Вооруженный мятеж,Ќарулы бїлiк,,"EKS,",,,ALL,,,,,,,,,,,,,,,,,,,,,,,,,,,,,,,,,,,,4,0,,,NO,,,,,,,,,,,,,,,,,,,,,,,,,,,,,,,,,,,,,01,,"05,06,11,",,,,,,,,,,,,10,15,,,,,2015-01-01,368
ст.181 ч.2,4,14040,,,1,1810002,FE1R10P1,Вооруженный мятеж,Ќарулы бїлiк,,"EKS,",,,ALL,,,,,,,,,,,,,,,,,,,,,,,,,,,,,,,,,,,,1,0,,,NO,,,,,,,,,,,,,,,,,,,,,,,,,,,,,,,,,,,,,01,,"05,06,11,",,,,,,,,,,,,10,17,,05,,,2017-04-27,369
ст.182 ч.1,4,13280,,,1,1820001,FE1R10P1,"Создание, руководство экстремистской группой или у","Экстремистік топ ќўру, оєан басшылыќ ету немесе он",,"EKS,",,,ALL,,,,,,,,,,,,,,,,,,,,,,,,,,,,,,,,,,,,2,0,,,NO,,,,,,,,,,,,,,,,,,,,,,,,,,,,,,,,,,,,,01,,"05,06,11,",,,,,,,,,,,,8,15,01,,,,2015-01-01,370
ст.182 ч.1,4,14050,,,1,1820001,FE1R10P1,"Создание, руководство экстремистской группой или у","Экстремистік топ ќўру, оєан басшылыќ ету немесе он",,"EKS,",,,ALL,,,,,,,,,,,,,,,,,,,,,,,,,,,,,,,,,,,,1,0,,,NO,,,,,,,,,,,,,,,,,,,,,,,,,,,,,,,,,,,,,01,,"05,06,11,",,,,,,,,,,,,10,17,01,,,,2017-01-01,371
ст.182 ч.2,3,13010,,,1,1820002,FE1R10P1,"Создание, руководство экстремистской группой или у","Экстремистік топ ќўру, оєан басшылыќ ету немесе он",,"EKS,",,,ALL,,,,,,,,,,,,,,,,,,,,,,,,,,,,,,,,,,,,1,0,,,NO,,,,,,,,,,,,,,,,,,,,,,,,,,ALL,,,,,,,,,,,01,,"05,06,11,",,,,,,,,,,,,8,12,01,,,,2017-01-01,372
ст.182 ч.2,3,12330,,,1,1820002,FE1R10P1,"Создание, руководство экстремистской группой или у","Экстремистік топ ќўру, оєан басшылыќ ету немесе он",,"EKS,",,,ALL,,,,,,,,,,,,,,,,,,,,,,,,,,,,,,,,,,,,2,0,,,NO,,,,,,,,,,,,,,,,,,,,,,,,,,ALL,,,,,,,,,,,01,,"05,06,11,",,,,,,,,,,,,6,12,01,,,,2015-01-01,373
ст.182 ч.3,4,14100,,,1,1820003,FE1R10P1,"Создание, руководство экстремистской группой или у","Экстремистік топ ќўру, оєан басшылыќ ету немесе он",,"EKS,",,,ALL,,,,,,,,,,,,ALL -,,,,,,,,,,,,,,,,,,,,,,,,1,0,,,NO,,,,,,,,,,,,,,,,,,,,,,,,,,,,,,,,,,,ALL,,01,,"05,06,11,",,,,,,,,,,,,12,17,"01,02",05,,5,2017-01-01,374
ст.182 ч.3,4,13760,,,1,1820003,FE1R10P1,"Создание, руководство экстремистской группой или у","Экстремистік топ ќўру, оєан басшылыќ ету немесе он",,"EKS,",,,ALL,,,,,,,,,,,,ALL -,,,,,,,,,,,,,,,,,,,,,,,,4,0,,,NO,,,,,,,,,,,,,,,,,,,,,,,,,,,,,,,,,,,ALL,,01,,"05,06,11,",,,,,,,,,,,,10,15,"01,02",,,5,2015-01-01,375
ст.183,0,1770,,,2,1830001,FE1R10P1,Дача разрешения на публикацию в средствах массовой,Бўќаралыќ аќпарат ќўралдарында экстремистік матери,,1,,,ALL,,,,,,,,,,,,,,,,,,,,,,,,,,,,,,,,,,,,1,0,,,NO,,,,,,,,,,,,,,,,,,,,,,,,,,,,,,,,,,,,,"05,06,09,12",,,,,200,,200,,200,,50,,,,,,02,,2,2015-01-01,376
ст.184,4,14870,,,1,1840001,FE1R10P1,Диверсия,Диверсия,,"TR,EKS,",,ALL,ALL,,,,,,,,,,,,,,,,,,,,,,,,,,,,,,,,,,,,4,0,,,NO,,,,,,,,,,,,,,,,,,,,,,,,,,,,,,,,,,,,,"01,03,02",,"05,06,11,",,,,,,,,,,,,15,20,,01,,,2015-01-01,377
ст.184,4,14970,,,1,1840001,FE1R10P1,Диверсия,Диверсия,,"TR,EKS,",,ALL,ALL,,,,,,,,,,,,,,,,,,,,,,,,,,,,,,,,,,,,1,0,,,NO,,,,,,,,,,,,,,,,,,,,,,,,,,,,,,,,,,,,,"01,03,02",,"05,06,11,",,,,,,,,,,,,15,20,01,05,,,2017-04-27,378
ст.185 ч.1,2,6540,,,1,1850001,FE1R10P1,"Незаконное собирание, распространение, разглашение","Мемлекеттiк ќўпияларды заѕсыз жинау, тарату,жария",,,,,,,,,,,,,,,,,,,,,,,,,,,,,,,,,,,,,,,,,1,0,,,NO,,,,,,,,,,,,,,,,,,,,,,,,,,,,,,,,,,,,,"11,01",,"05,06,",,,,,,,,,,,5,,5,,02,,3,2015-01-01,379
ст.185 ч.2,2,6550,,,1,1850002,FE1R10P1,"Незаконное собирание, распространение, разглашение","Мемлекеттiк ќўпияларды заѕсыз жинау, тарату,жария",,,,,,,,,,,,,,,,,,,,,,,,,,,,,,,,,,,,,,,,,1,0,,,NO,,,,,,,,,,,,,,,,,,,,,,,,,,,,,,,,,,,,,"11,01",,"05,06,",,,,,,,,,,,5,,5,,02,,3,2015-01-01,380
ст.185 ч.3,3,10720,,,1,1850003,FE1R10P1,"Незаконное собирание, распространение, разглашение","Мемлекеттiк ќўпияларды заѕсыз жинау, тарату,жария",,,,,,,,,,,,,,,,,,,ALL -,,,,,,,,,,,,,,,,,,,,,,1,0,,,NO,,,,,,,,,,,,,,,,,,,,,,,,,ALL,,,,,,,,,,,,01,,"05,06,11,",,,,,,,,,,,,5,8,02,,,3,2015-01-01,381
ст.186 ч.1,0,50,,,2,1860001,FE1R10P1,"Утрата носителей сведений, содержащих государствен",Мемлекеттiк ќўпиялары бар мјліметтер жеткізгіштерд,,1,,,,,,,,,,,,,,,,,,,,,,,,,,,,,,,,,,,,,,,1,0,,,NO,,,,,,,,,,,,,,,,,,ALL,,,,,,,,,,,,,,,,,,,05,,,,,200,,,,,,,,,,,,02,,3,2015-01-01,382
ст.186 ч.2,1,5510,,,1,1860002,FE1R10P1,"Утрата носителей сведений, содержащих государствен",Мемлекеттiк ќўпиялары бар мјліметтер жеткізгіштерд,,,,,,,,,,,,,,,,,,,ALL-,,,,,,,,,,,,,,,,,,,,,,1,0,,,NO,,,,,,,,,,,,,,,,,,ALL,,,,,,,ALL,,,,,,,,,,,,"05,11,01",,,,,4000,,,,,,,,4,,4,02,,,3,2015-01-01,383
ст.187 ч.1,0,210,,2,2,1870001,FE1R10P1,Мелкое хищение,Ўсаќ-тїйек жымќыру,,1,,,,,,,,,ALL,,,,,,,,,,,,,,,,,,,,,,,,,,,,,,1,0,ALL,,NO,,,,,,,,,,,,,,,,,,,,,,,,,,,,,,,,,,,,,"05,06,09,12",,,,,80,,80,,80,,20,,,,,,,,,2015-01-01,384
ст.187 ч.2,0,1560,,2,2,1870002,FE1R10P1,Мелкое хищение,Ўсаќ-тїйек жымќыру,,1,,,,,,,,ALL,ALL,,,,,,,,,,,,,,,,,,,,,,,,,,,,,,1,0,ALL,,NO,,,,,,,,,,,,,,,,,,,,,,,,ALL,,,,,,,,,,,,,"05,06,09,12",,,,,200,,200,,200,,50,,,,,,,,,2015-01-01,385
ст.188 ч.1,2,4510,1,,1,1880001,FE1R10P1,Кража,Ўрлыќ,,,,,,,,,,,ALL,,,,,,,,,,,,,,,,,,,,,,,,,,,,,,1,0,ALL,,NO,,,,,,,,,,,,,,,,,,,,,,,,,,,,,,,,,,,,,"05,06,09,11,01",,,,,1000,,1000,,800,,,,3,,3,,01,,,2015-01-01,386
ст.188 ч.2,2,6990,1,,1,1880002,FE1R10P1,Кража,Ўрлыќ,"01,03,04",,,,,,01,,,02,ALL,,,,,,,,,,,,,,,,,,,,,,,,,,,,,,2,0,ALL,,NO,,,,,,,,,,,,,,,,,,,,,,,,,,01,,,,,,,,,,,"05,06,09,11,01",,,,,3000,,3000,,1200,,,,5,,5,01,,,,2019-02-02,387
ст.188 ч.2,2,7000,1,,1,1880002,FE1R10P1,Кража,Ўрлыќ,"01,04",,,,,,01,,,02,ALL,,,,,,,,,,,,,,,,,,,,,,,,,,,,,,1,0,ALL,,NO,,,,,,,,,,,,,,,,,,,,,,,,,,01,,,,,,,,,,,"05,06,09,11,01",,,,,3000,,3000,,1200,,,,5,,5,01,,,,2020-01-11,388
ст.188 ч.2,2,6980,1,,1,1880002,FE1R10P1,Кража,Ўрлыќ,"01,02,03,04",,,,,,01,,,02,ALL,,,,,,,,,,,,,,,,,,,,,,,,,,,,,,2,0,ALL,,NO,,,,,,,,,,,,,,,,,,,,,,,,,,01,,,,,,,,,,,"05,06,09,11,01",,,,,3000,,3000,,1200,,,,5,,5,01,,,,2015-01-01,389
ст.188 ч.3,3,8760,1,,1,1880003,FE1R10P1,Кража,Ўрлыќ,"01,02",,,,,,,,,,ALL,,,,,,,,ALL,,,,,,,,,,,,,,,,,,,,,,2,0,ALL,,NO,,,,,,,,,,,,,,,,,,,,,,,,02,,,,,,,,,,,,,"11,01",,"05,06,09,11,",,,,,,,,,,2,7,2,7,01,,,,2019-02-02,390
ст.188 ч.3,3,8770,1,,1,1880003,FE1R10P1,Кража,Ўрлыќ,"01,02,03",,,,,,,,,,ALL,,,,,,,,ALL,,,,,,,,,,,,,,,,,,,,,,1,0,ALL,,NO,,,,,,,,,,,,,,,,,,,,,,,,02,,,,,,,,,,,,,"11,01",,"05,06,09,11,",,,,,,,,,,2,7,2,7,01,,,,2020-01-11,391
ст.188 ч.3,3,8750,1,,1,1880003,FE1R10P1,Кража,Ўрлыќ,,,,,,,,,,,ALL,,,,,,,,ALL,,,,,,,,,,,,,,,,,,,,,,2,0,ALL,,NO,,,,,,,,,,,,,,,,,,,,,,,,02,,,,,,,,,,,,,"11,01",,"05,06,09,11,",,,,,,,,,,2,7,2,7,01,,,,2015-01-01,392
ст.188 ч.4,3,11590,1,,1,1880004,FE1R10P1,Кража,Ўрлыќ,"01,02,03",,,,,,,01,,,ALL,,,,,,,,,03,,,,,,,,,,,,,,,,,,,,,1,0,ALL,,NO,,,,,,,,,,,,,,,,,,,,,,,,,,01,,,,,,,,,,01,01,,"05,06,11,",,,,,,,,,,,,5,10,01,,,,2015-01-01,393
ст.188-1 ч.1,2,6670,1,,1,1880101,FE1R10P1,Скотокрадство,Скотокрадство,,,,,,,,,,,ALL,,,,,,,,,,,,,,,,,,,,,,,,,,,,,,1,0,ALL,,NO,,,,,,,,,,,,,,,,,,,,,,,,,,,,,,,,,,,,,"05,06,11,01",,"09,",,,3000,,3000,,,,,,5,,5,01,,,,2020-01-11,394
ст.188-1 ч.2,3,9300,1,,1,1880102,FE1R10P1,Скотокрадство,Скотокрадство,"01,02",,,,,,01,,,ALL,ALL,,,,,,,,,,,,,,,,,,,,,,,,,,,,,,1,0,ALL,,NO,,,,,,,,,,,,,,,,,,,,,,,,,,01,,,,,,,,,,,01,,"05,06,09,11,",,,,,,,,,,,,3,7,01,,,,2020-01-11,395
ст.188-1 ч.3,3,11720,1,,1,1880103,FE1R10P1,Скотокрадство,Скотокрадство,"01,02",,,,,,,,,,ALL,,,,,,,,ALL,,,,,,,,,,,,,,,,,,,,,,1,0,ALL,,NO,,,,,,,,,,,,,,,,,,,,,,,,01,,,,,,,,,,,,,01,,"05,06,09,11,",,,,,,,,,,,,5,10,01,,,,2020-01-11,396
ст.188-1 ч.4,3,12710,1,,1,1880104,FE1R10P1,Скотокрадство,Скотокрадство,"01,02",,,,,,,01,,,ALL,,,,,,,,,,,,,,,,,,,,,,,,,,,,,,1,0,ALL,,NO,,,,,,,,,,,,,,,,,,,,,,,,,,01,,,,,,,,,,01,01,,"05,06,11,",,,,,,,,,,,,7,12,01,,,,2020-01-11,397
ст.189 ч.1,2,4540,1,2,1,1890001,FE1R10P1,Присвоение или растрата вверенного чужого имуществ,Сенiп тапсырылєан бґтен мїлiктi иемденiп алу немес,,,,,,,,,,,ALL,,,,,,,,,,,,,,,,,,,,,,,,,,,,,,1,0,ALL,,,,,,,,,,,,,,,,,,,,,,,,,,,,,,,,,,,,,,,"05,06,09,11,01",,,,,1000,,1000,,800,,,,3,,3,,01,,,2023-03-06,398
ст.189 ч.1,2,4520,1,2,1,1890001,FE1R10P1,Присвоение или растрата вверенного чужого имуществ,Сенiп тапсырылєан бґтен мїлiктi иемденiп алу немес,,,,,,,,,,,ALL,,,,,,,,,,,,,,,,,,,,,,,,,,,,,,2,0,ALL,,,,,,,,,,,,,,,,,,,,,,,,,,,,,,,,,,,,,,,"05,06,09,11,01",,,,,1000,,1000,,800,,,,3,,3,,01,,,2015-01-01,399
ст.189 ч.1,2,4530,1,2,1,1890001,FE1R10P1,Присвоение или растрата вверенного чужого имуществ,Сенiп тапсырылєан бґтен мїлiктi иемденiп алу немес,,,,,,,,,,,ALL,,,,,,,,,,,,,,,,,,,,,,,,,,,,,,2,0,ALL,,,,,,,,,,,,,,,,,,,,,,,,,,,,,,,,,,,,,,,"05,06,09,11,01",,,,,1000,,1000,,800,,,,3,,3,,01,,,2019-02-02,400
ст.189 ч.2,2,5630,1,2,1,1890002,FE1R10P1,Присвоение или растрата вверенного чужого имуществ,Сенiп тапсырылєан бґтен мїлiктi иемденiп алу немес,"01,03",,,,,,01,,,02,ALL,,,,,,03,,,,,,,,,,,,,,,,,,,,,,,,2,0,ALL,,,,,,,,,,,,,,,,,,,,,,,,,,,,01,,,,,,,,,03,,"05,06,09,11,01",,,,,3000,,3000,,1000,,,,4,,4,01,02,,3,2019-02-02,401
ст.189 ч.2,2,5650,1,2,1,1890002,FE1R10P1,Присвоение или растрата вверенного чужого имуществ,Сенiп тапсырылєан бґтен мїлiктi иемденiп алу немес,"01,03",,,,,,01,,,02,ALL,,,,,,03,,,,,,,,,,,,,,,,,,,,,,,,1,0,ALL,,,,,,,,,,,,,,,,,,,,,,,,,,,,01,,,,,,,,,03,,"05,06,09,11,01",,,,,3000,,3000,,1000,,,,4,,4,01,02,,3,2023-03-06,402
ст.189 ч.2,2,5620,1,2,1,1890002,FE1R10P1,Присвоение или растрата вверенного чужого имуществ,Сенiп тапсырылєан бґтен мїлiктi иемденiп алу немес,"01,02,03",,,,,,01,,,02,ALL,,,,,,03,,,,,,,,,,,,,,,,,,,,,,,,2,0,ALL,,,,,,,,,,,,,,,,,,,,,,,,,,,,01,,,,,,,,,03,,"05,06,09,11,01",,,,,3000,,3000,,1000,,,,4,,4,01,02,,3,2015-01-01,403
ст.189 ч.3,3,8790,1,,1,1890003,FE1R10P1,Присвоение или растрата вверенного чужого имуществ,Сенiп тапсырылєан бґтен мїлiктi иемденiп алу немес,"01,02","KR,",02,,,,,,,,ALL,,,,,,,,01,,,,,,,,,,,,,,,,,,,,,,2,0,ALL,,,,,,,,,,,,,,,,,,,,,,,,,,03,,,,,,,,,,,02,,"05,11,01",,"05,06,11,",,10xK,20xK,,,,,,,2,7,2,7,01,,,,2015-01-01,404
ст.189 ч.3,3,8800,1,,1,1890003,FE1R10P1,Присвоение или растрата вверенного чужого имуществ,Сенiп тапсырылєан бґтен мїлiктi иемденiп алу немес,"01,02,03","KR,",02,,,,,,,,ALL,,,,,,,,01,,,,,,,,,,,,,,,,,,,,,,2,0,ALL,,,,,,,,,,,,,,,,,,,,,,,,,,03,,,,,,,,,,,02,,"05,11,01",,"05,06,11,",,10xK,20xK,,,,,,,2,7,2,7,01,,,,2019-02-02,405
ст.189 ч.3,3,8810,1,,1,1890003,FE1R10P1,Присвоение или растрата вверенного чужого имуществ,Сенiп тапсырылєан бґтен мїлiктi иемденiп алу немес,"01,02,03","KR,",02,,,,,,,,ALL,,,,,,,,01,,,,,,,,,,,,,,,,,,,,,,1,0,ALL,,,,,,,,,,,,,,,,,,,,,,,,,,03,,,,,,,,,,,02,,"05,11,01",,"05,06,11,",,10xK,20xK,,,,,,,2,7,2,7,01,"22,02",,6,2023-03-06,406
ст.222 ч.2,0,230,2,,2,2220002,FE1R10P1,Незаконное использование товарного знака,Тауар белгісін заѕсыз пайдалану,,1,,,,,,,,ALL -,ALL,,,,,,,,ALL -,,,,,,,,,,,,,,,,,,,,,,1,0,,ALL,ALL,,,,,,,,,,,,,,,,,,,,,,,,,,,,,,,,,,,,,"05,06,09,12",,,,,80,,80,,80,,20,,,,,,,,,2015-01-01,407
ст.189 ч.4,3,12610,1,,1,1890004,FE1R10P1,Присвоение или растрата вверенного чужого имуществ,Сенiп тапсырылєан бґтен мїлiктi иемденiп алу немес,"01,02","KR,",,,,,,01,,,ALL,,,,,,,,,02,,,,,,,,,,,,,,,,,,,,,2,0,ALL,,,,,,,,,,,,,,,,,,,,,,,,,,,,01,,,,,,,,,,01,01,,"05,06,11,",,,,,,,,,,,,7,12,01,22,,,2015-01-01,408
ст.189 ч.4,3,12740,1,,1,1890004,FE1R10P1,Присвоение или растрата вверенного чужого имуществ,Сенiп тапсырылєан бґтен мїлiктi иемденiп алу немес,"01,02","KR,",,,,,,01,,,ALL,,,,,,,,,02,,,,,,,,,,,,,,,,,,,,,1,0,ALL,,,,,,,,,,,,,,,,,,,,,,,,,,,,01,,,,,,,,,,01,01,,"06,11,",,,,,,,,,,,,7,12,01,"22,02",,10,2023-03-06,409
ст.189 ч.4,3,12620,1,,1,1890004,FE1R10P1,Присвоение или растрата вверенного чужого имуществ,Сенiп тапсырылєан бґтен мїлiктi иемденiп алу немес,"01,02","KR,",,,,,,01,,,ALL,,,,,,,,,02,,,,,,,,,,,,,,,,,,,,,2,0,ALL,,,,,,,,,,,,,,,,,,,,,,,,,,,,01,,,,,,,,,,01,01,,"05,06,11,",,,,,,,,,,,,7,12,01,22,,,2019-02-02,410
ст.190 ч.1,1,2780,1,2,1,1900001,FE1R10P1,Мошенничество,Алаяќтыќ,,,,,,,,,,,ALL,,,,,,,,,,,,,,,,,,,,,,,,,,,,,,1,0,ALL,,,,,,,,,,,,,,,,,,,,,,,,,,,,,,,,,,,,,,,"05,06,09,11,01",,,,,1000,,1000,,600,,,,2,,2,01,,,,2015-01-01,411
ст.190 ч.2,2,5830,1,,1,1900002,FE1R10P1,Мошенничество,Алаяќтыќ,"01,03,04,05",,,,,,01,,,02,ALL,,,,,,03,,,,,,,,,,,,,,,,,,,,,,,,2,0,ALL,,,,,,,,,,,,,,,,,,,,,,,,,,,,01,,,,,,,,,03,,"05,06,09,11,01",,,,,4000,,4000,,1000,,,,4,,4,01,02,,3,2019-02-02,412
ст.190 ч.2,2,5820,1,,1,1900002,FE1R10P1,Мошенничество,Алаяќтыќ,"01,02,03,04,05",,,,,,01,,,02,ALL,,,,,,03,,,,,,,,,,,,,,,,,,,,,,,,1,0,ALL,,,,,,,,,,,,,,,,,,,,,,,,,,,,01,,,,,,,,,03,,"05,06,09,11,01",,,,,4000,,4000,,1000,,,,4,,4,01,02,,3,2015-01-01,413
ст.190 ч.3,3,9740,1,,1,1900003,FE1R10P1,Мошенничество,Алаяќтыќ,"01,02,03","KR,",02,,,,,,,,ALL,,,,,,,,01,,,,,,,,,,,,,,,,,,,,,,1,0,ALL,,,,,,,,,,,,,,,,,,,,,,,,,,04,,,,,,,,,,,02,,"01,05,11,",,"05,06,",,10xK,20xK,,,,,,,3,7,3,7,01,,,,2015-01-01,414
ст.190 ч.3,3,9750,1,,1,1900003,FE1R10P1,Мошенничество,Алаяќтыќ,"01,02,03,04","KR,",02,,,,,,,,ALL,,,,,,,,01,,,,,,,,,,,,,,,,,,,,,,2,0,ALL,,,,,,,,,,,,,,,,,,,,,,,,,,04,,,,,,,,,,,02,,"01,05,11,",,"05,06,",,10xK,20xK,,,,,,,3,7,3,7,01,,,,2019-02-02,415
ст.190 ч.4,3,11560,1,,1,1900004,FE1R10P1,Мошенничество,Алаяќтыќ,"01,02","KR,",,,,,,01,,,ALL,,,,,,,,,02,,,,,,,,,,,,,,,,,,,,,1,0,ALL,,,,,,,,,,,,,,,,,,,,,,,,,,,,01,,,,,,,,,,01,01,,"05,06,11,",,,,,,,,,,,,5,10,01,22,,,2015-01-01,416
ст.191 ч.1,2,5590,1,,1,1910001,FE1R10P1,Грабеж,Тонау,,,,,,,,,,,ALL,,,,,,,,,,,,,,,,,,,,,,,,,,,,,,1,0,ALL,,NO,,,NO,,,,,,,,,,,,,,,,,,,,,,,,,,,,,,,,,,"05,06,09,11,01",,,,,2000,,2000,,1000,,,,4,,4,,01,,,2015-01-01,417
ст.191 ч.2,3,9640,1,,1,1910002,FE1R10P1,Грабеж,Тонау,"01,02,03,04",,,,,,03,,,02,ALL,,,,,,,,,,,,,,,,,,,,,,,,,,,,,,2,0,ALL,,NO,,,01,,,,,,,,,,,,,,,,,,,,,,,03,,,,,,,,,,,"11,01",,"05,06,",,,,,,,,,,3,7,3,7,01,,,,2015-01-01,418
ст.191 ч.2,3,9660,1,,1,1910002,FE1R10P1,Грабеж,Тонау,"01,03",,,,,,03,,,,ALL,.,,,,,,,,,,,,,,,,,,,,,,,,,,,,,1,0,ALL,,NO,,,01,,,,,,,,,,,,,,,,,,,,,,,03,,,,,,,,,,,"11,01",,"05,06,",,,,,,,,,,3,7,3,7,01,,,,2020-01-11,419
ст.191 ч.3,3,11600,1,,1,1910003,FE1R10P1,Грабеж,Тонау,,,,,,,,,,,ALL,,,,,,,,ALL,,,,,,,,,,,,,,,,,,,,,,2,0,ALL,,NO,,,,,,,,,,,,,,,,,,,,,,,,02,,,,,,,,,,,,,01,,"05,06,11,",,,,,,,,,,,,5,10,01,,,,2015-01-01,420
ст.191 ч.3,3,11730,1,,1,1910003,FE1R10P1,Грабеж,Тонау,"01,02,03",,,,,,,,,,ALL,,,,,,,,ALL,,,,,,,,,,,,,,,,,,,,,,1,0,ALL,,NO,,,,,,,,,,,,,,,,,,,,,,,,02,,,,,,,,,,,,,01,,"05,06,11,",,,,,,,,,,,,5,10,01,,,,2020-01-11,421
ст.191 ч.4,3,12640,1,,1,1910004,FE1R10P1,Грабеж,Тонау,"01,02",,,,,,,01,,,ALL,,,,,,,,,02,,,,,,,,,,,,,,,,,,,,,1,0,ALL,,NO,,,,,,,,,,,,,,,,,,,,,,,,,,01,,,,,,,,,,01,01,,"05,06,11,",,,,,,,,,,,,7,12,01,,,,2015-01-01,422
ст.192 ч.1,3,9210,1,,1,1920001,FE1R10P1,Разбой,Ќараќшылыќ,,,,,,,,,,,ALL,,,,,,,,,,,,,,,,,,,,,,,,,,,,,,1,0,ALL,,NO,,,,,,,,,,,,,,,,,,,,ALL,,,,,,,,,,,,,,,,,01,,"05,06,11,",,,,,,,,,,,,3,7,01,,,,2015-01-01,423
ст.192 ч.2,3,11740,1,,1,1920002,FE1R10P1,Разбой,Ќараќшылыќ,"01,04,05",,,,,,01,,,02,ALL,,,,,,,,,,,04,,,,,,,,,,,,,,,,,,,1,0,ALL,,NO,,,,04,,,,,,,,,,,,,,,,ALL,,,,,05,01,,,,,,,,,,,01,,"05,06,11,",,,,,,,,,,,,5,10,01,,,,2020-01-11,424
ст.192 ч.2,3,11610,1,,1,1920002,FE1R10P1,Разбой,Ќараќшылыќ,"01,02,03,04,05",,,,,,01,,,02,ALL,,,,,,,,,,,04,,,,,,,,,,,,,,,,,,,2,0,ALL,,NO,,,,04,,,,,,,,,,,,,,,,ALL,,,,,05,01,,,,,,,,,,,01,,"05,06,11,",,,,,,,,,,,,5,10,01,,,,2015-01-01,425
ст.192 ч.3,3,12650,1,,1,1920003,FE1R10P1,Разбой,Ќараќшылыќ,"01,02",,,,,,,,,,ALL,,,,,по 01,,,02,,,,,,,,,,,,,,,,,,,,,,2,0,ALL,,NO,,,,,,,,,,,,,,,,,,,,ALL,,,,03,01,,,,,,,,,,,,01,,"05,06,11,",,,,,,,,,,,,7,12,01,,,,2015-01-01,426
ст.192 ч.3,3,12720,1,,1,1920003,FE1R10P1,Разбой,Ќараќшылыќ,"01,02.03,04",,,,,,,,,,ALL,,,,,по 01,,,02,,,,,,,,,,,,,,,,,,,,,,1,0,ALL,,NO,,,,,,,,,,,,,,,,,,,,ALL,,,,03,01,,,,,,,,,,,,01,,"05,06,11,",,,,,,,,,,,,7,12,01,,,,2020-01-11,427
ст.192 ч.4,4,13640,1,,1,1920004,FE1R10P1,Разбой,Ќараќшылыќ,"01,02",,,,,,,01,,,ALL,,,,,,,,,02,,,,,,,,,,,,,,,,,,,,,1,0,ALL,,NO,,,,,,,,,,,,,,,,,,,,ALL,,,,,,01,,,,,,,,,,01,01,,"05,06,11,",,,,,,,,,,,,10,15,01,,,,2015-01-01,428
ст.193 ч.1,3,8210,1,,1,1930001,FE1R10P1,"Хищение предметов, имеющих особую ценность",Ерекше ќўндылыєы бар заттарды жымќыру,,,,,,,,,,,ALL,,,,,,,,,,,,,,,,,,,,,,,,,,,,,,1,0,ALL,,NO,,,,,,,,,,,,,,,,,,,,,,,,,,,,,,,,,,,,,01,,"05,06,11,",,,,,,,,,,,,3,6,,01,,,2015-01-01,429
ст.193 ч.2,3,12170,1,,1,1930002,FE1R10P1,"Хищение предметов, имеющих особую ценность",Ерекше ќўндылыєы бар заттарды жымќыру,"01,02",,,,,01,01,,,02,ALL,,,,,,,,,,,,,,,,,,,,,,,,,,,,,,1,0,ALL,,NO,,,,,,,,,,,,,,,,,,,,,,,,02,,01,,,,,,,,,,,01,,"05,06,11,",,,,,,,,,,,,7,10,01,,,,2015-01-01,430
ст.193 ч.3,3,13120,1,,1,1930003,FE1R10P1,"Хищение предметов, имеющих особую ценность",Ерекше ќўндылыєы бар заттарды жымќыру,"01,02",,,,,,,01,,,ALL,,,,,,,,,,,,,,,,,,,,,,,,,,,,,,1,0,ALL,,NO,,,,,,,,,,,,,,,,,,,,,,,,,,01,,,,,,,,,,01,01,,"05,06,11,",,,,,,,,,,,,10,12,01,,,,2015-01-01,431
ст.194 ч.1,2,5740,1,,1,1940001,FE1R10P1,Вымогательство,Ќорќытып алу,,,,,,,,,,,ALL,,,,,,,,,,,,,,,,,,,,,,,,,,,,,,1,0,ALL,,NO,,,,,,,,,,,,,,,,,,,,,,,,,,,,,,,,,,,,,"05,06,09,11,01",,,,,4000,,4000,,1000,,,,4,,4,,01,,,2015-01-01,432
ст.194 ч.2,3,9650,1,,1,1940002,FE1R10P1,Вымогательство,Ќорќытып алу,"01,02,03",,,,,,02,,,03,ALL,,,,,,,,,,,,,,,,,,,,,,,,,,,,,,1,0,ALL,,NO,,,01,,,,,,,,,,,,,,,,,,,,,03,,02,,,,,,,,,,,"11,01",,"05,06,",,,,,,,,,,3,7,3,7,01,,,,2015-01-01,433
ст.194 ч.3,3,11620,1,,1,1940003,FE1R10P1,Вымогательство,Ќорќытып алу,"01,02",,,,,,,,,,ALL,,,,,,,,02,,,,,,,,,,,,,,,,,,,,,,1,0,ALL,,NO,,,,,,,,,,,,,,,,,,,,,,,,,01,,,,,,,,,,,,01,,"05,06,11,",,,,,,,,,,,,5,10,01,,,,2015-01-01,434
ст.194 ч.4,4,13200,1,,1,1940004,FE1R10P1,Вымогательство,Ќорќытып алу,"01,02",,,,,,,01,,,ALL,,,,,,,,,02,,,,,,,,,,,,,,,,,,,,,1,0,ALL,,NO,,,,,,,,,,,,,,,,,,,,,,,,,,01,,,,,,,,,,01,01,,"05,06,11,",,,,,,,,,,,,7,15,01,,,,2015-01-01,435
ст.195 ч.1,0,730,1,2,2,1950001,FE1R10P1,Причинение имущественного ущерба путем обмана или,Алдау немесе сенiмді теріс пайдалану жолымен мїлiк,,1,,,,,,,,,ALL,,,,,,,,,,,,,,,,,,,,,,,,,,,,,,2,0,ALL,,NO,,,,,,,,,,,,,,,,,,,,,,,,,,,,,,,,,,,,,"05,06,09,12",,,,,160,,160,,160,,40,,,,,,,,,2015-01-01,436
ст.195 ч.1,0,960,1,2,2,1950001,FE1R10P1,Причинение имущественного ущерба путем обмана или,Алдау немесе сенiмді теріс пайдалану жолымен мїлiк,,1,,,,,,,,,ALL,,,,,,,,,,,,,,,,,,,,,,,,,,,,,,1,0,ALL,,NO,,,,,,,,,,,,,,,,,,,,,,,,,,,,,,,,,,,,,"05,06,09,12",,,,,160,,160,,160,,40,,,,,,,,,2023-10-12,437
ст.195 ч.2,0,1570,1,,2,1950002,FE1R10P1,Причинение имущественного ущерба путем обмана или,Алдау немесе сенiмді теріс пайдалану жолымен мїлiк,,1,,,,,,,,ALL,ALL,,,,,,,,,,,,,,,,,,,,,,,,,,,,,,2,0,ALL,,NO,,,,,,,,,,,,,,,,,,,,,,,,ALL,,,,,,,,,,,,,"05,06,09,12",,,,,200,,200,,200,,50,,,,,,,,,2015-01-01,438
ст.195 ч.2,0,1710,1,,2,1950002,FE1R10P1,Причинение имущественного ущерба путем обмана или,Алдау немесе сенiмді теріс пайдалану жолымен мїлiк,,1,,,,,,,,ALL,ALL,,,,,,,,,,,,,,,,,,,,,,,,,,,,,,1,0,ALL,,NO,,,,,,,,,,,,,,,,,,,,,,,,ALL,,,,,,,,,,,,,"05,06,09,12",,,,,200,,200,,200,,50,,,,,,,,,2023-10-12,439
ст.195 ч.3,1,3530,1,,1,1950003,FE1R10P1,Причинение имущественного ущерба путем обмана или,Алдау немесе сенiмді теріс пайдалану жолымен мїлiк,"01,02,03",,,,,,01,,,,ALL,,,,,,02,,,,,,,,,,,,,,,,,,,,,,,,1,0,ALL,,NO,,,,,,,,,,,,,,,,,,,,,,,,,,01,,,,,,,,,02,,"05,06,09,11,01",,,,,2000,,2000,,600,,,,2,,2,,02,,3,2023-10-12,440
ст.195 ч.3,1,3460,1,,1,1950003,FE1R10P1,Причинение имущественного ущерба путем обмана или,Алдау немесе сенiмді теріс пайдалану жолымен мїлiк,"01,02,03",,,,,,01,,,,ALL,,,,,,02,,,,,,,,,,,,,,,,,,,,,,,,2,0,ALL,,NO,,,,,,,,,,,,,,,,,,,,,,,,,,01,,,,,,,,,02,,"05,06,09,11,01",,,,,2000,,2000,,600,,,,2,,2,,02,,3,2015-01-01,441
ст.195 ч.4,2,6560,1,,1,1950004,FE1R10P1,Причинение имущественного ущерба путем обмана или,Алдау немесе сенiмді теріс пайдалану жолымен мїлiк,"01,02",,,,,,,01,,,ALL,,,,,,,,02,,,,,,,,,,,,,,,,,,,,,,2,0,ALL,,NO,,,,,,,,,,,,,,,,,,,,,,,,,,01,,,,,,,,,,01,"01,11",,"05,06,",,,,,,,,,,,5,,5,,"01,02",,3,2015-01-01,442
ст.195 ч.4,2,6580,1,,1,1950004,FE1R10P1,Причинение имущественного ущерба путем обмана или,Алдау немесе сенiмді теріс пайдалану жолымен мїлiк,"01,02",,,,,,,01,,,ALL,,,,,,,,02,,,,,,,,,,,,,,,,,,,,,,1,0,ALL,,NO,,,,,,,,,,,,,,,,,,,,,,,,,,01,,,,,,,,,,01,"01,11",,"05,06,",,,,,,,,,,,5,,5,,"01,02",,3,2023-10-12,443
ст.195 ч.5,3,11880,1,,1,1950005,FE1R10P1,Причинение имущественного ущерба путем обмана или,Алдау немесе сенiмді теріс пайдалану жолымен мїлiк,,,,,,,,,,,ALL,,,,,,,,,,,,,,,,,,,,,,,,,,,,,,1,0,ALL,,NO,,,,,,,,,,,,,,,,,,,,,,,,,,,,,,,,,,,,,01,,"05,06,11,",,,,,,,,,,,,5,10,"01,02",,22,10,2023-10-12,444
ст.196 ч.1,0,740,1,,2,1960001,FE1R10P1,"Приобретение или сбыт имущества, заведомо добытого",Кґрiнеу ќылмыстыќ жолмен табылєан мїлiктi иемдену,,1,,,,,,,,,,,,,,,,,,,,,,,,,,,,,,,,,,,,,,,1,0,ALL,,NO,,,,,,,,,,,,,,,,,,,,,,,,,,,,,,,,,,,,,"05,06,09,12",,,,,160,,160,,160,,40,,,,,,,,,2015-01-01,445
ст.196 ч.2,0,1580,1,,2,1960002,FE1R10P1,"Приобретение или сбыт имущества, заведомо добытого",Кґрiнеу ќылмыстыќ жолмен табылєан мїлiктi иемдену,,1,,,,,,,,ALL,,,,,,,,,,,,,,,,,,,,,,,,,,,,,,,1,0,ALL,,NO,,,,,,,,,,,,,,,,,,,,,,,,ALL,,,,,,,,,,,,,"05,06,09,12",,,,,200,,200,,200,,50,,,,,,,,,2015-01-01,446
ст.196 ч.3,2,5750,1,,1,1960003,FE1R10P1,"Приобретение или сбыт имущества, заведомо добытого",Кґрiнеу ќылмыстыќ жолмен табылєан мїлiктi иемдену,"01,02,03,",,,,,,02,,,,,,,,,,,,,,01,,,,,,,,,,,,,,,,,,,,1,0,ALL,,NO,,,,,,,,,,,,,,,,,,,,,,,,,,02,,,,,,,,,,,"05,06,09,11,01",,,,,4000,,4000,,1000,,,,4,,4,,01,,,2015-01-01,447
ст.196 ч.4,2,6570,1,,1,1960004,FE1R10P1,"Приобретение или сбыт имущества, заведомо добытого",Кґрiнеу ќылмыстыќ жолмен табылєан мїлiктi иемдену,,,,,,,,ALL -,,,,,,,,,ALL -,,,,,,,,,,,,,,,,,,,,,,,,1,0,ALL,,NO,,,,,,,,,,,,,,,,,,,,,,,,,,ALL,,,,,,,,,ALL,ALL,"11,01",,"05,06,",,,,,,,,,,,5,,5,,"01,02",,3,2015-01-01,448
ст.197 ч.1,0,750,,,2,1970001,FE1R10P1,"Транспортировка, приобретение, реализация, хранени",Мўнайдыѕ жјне мўнай ґнiмдерiніѕ шыєарылу заѕдылыєы,,1,,,,,,,,,,,,,,,,,,,,,,,,,,,,,,,,,,,,,,,1,0,ALL,,,,,,,,,,,,,,,,,,,,,,,,,,,,,,,,,,,,,,,"05,06,09,12",,,,,160,,160,,160,,40,,,,,,,,,2015-01-01,449
ст.197 ч.2,0,1590,,,2,1970002,FE1R10P1,"Транспортировка, приобретение, реализация, хранени",Мўнайдыѕ жјне мўнай ґнiмдерiніѕ шыєарылу заѕдылыєы,,1,,,,,,,,ALL,,,,,,,,,,,,,,,,,,,,,,,,,,,,,,,1,0,ALL,,,,,,,,,,,,,,,,,,,,,,,,,,,,,,,,,,,,,,,"05,06,09,12",,,,,200,,200,,200,,50,,,,,,,,,2015-01-01,450
ст.197 ч.3,2,4870,,,1,1970003,FE1R10P1,"Транспортировка, приобретение, реализация, хранени",Мўнайдыѕ жјне мўнай ґнiмдерiніѕ шыєарылу заѕдылыєы,,,,,,,,,,,,,,,,,,,ALL,,,,,,,,,,,,,,,,,,,,,,1,0,ALL,,,,,,,,,,,,,,,,,,,,,,,,,,,,,,,,,,,,,,,"05,06,09,11,01",,,,,3000,,3000,,800,,,,3,,3,,01,,,2015-01-01,451
ст.197 ч.4,3,8220,,,1,1970004,FE1R10P1,"Транспортировка, приобретение, реализация, хранени",Мўнайдыѕ жјне мўнай ґнiмдерiніѕ шыєарылу заѕдылыєы,"01,02",,,,,,,01,,,,,,,,,,,,02,,,,,,,,,,,,,,,,,,,,,1,0,ALL,,,,,,,,,,,,,,,,,,,,,,,,,,,,,,,,,,,,,,,01,,"05,06,11,",,,,,,,,,,,,3,6,,01,,,2015-01-01,452
ст.198 ч.1,0,80,,1,2,1980001,FE1R10P1,Нарушение авторских и (или) смежных прав,Авторлыќ жјне (немесе) сабаќтас ќўќыќтарды бўзу,,1,,,,,,,,,ALL,,,,,,,,,,,,,,,,,,,,,,,,,,,,,,1,0,ALL,,,,,,,,,,,,,,,,,,,,,,,,,,,,,,,,,,,,,,,"05,06,09",,,,,80,,80,,80,,,,,,,,,,,2015-01-01,453
ст.198 ч.2,0,760,,2,2,1980002,FE1R10P1,Нарушение авторских и (или) смежных прав,Авторлыќ жјне (немесе) сабаќтас ќўќыќтарды бўзу,,1,,,,,,,,ALL,ALL,,,,,,,,,,,,,,,,,,,,,,,,,,,,,,1,0,ALL,,,,,,,,,,,,,,,,,,,,,,,,,,ALL,,,,,,,,,,,,,"05,06,09,12",,,,,160,,160,,160,,40,,,,,,,,,2015-01-01,454
ст.198 ч.3,2,7210,,,1,1980003,FE1R10P1,Нарушение авторских и (или) смежных прав,Авторлыќ жјне (немесе) сабаќтас ќўќыќтарды бўзу,"01,02,03",,,,,,01,,,,ALL,,,,,,03,,02,,,,,,,,,,,,,,,,,,,,,,1,0,ALL,,,,,,,,,,,,,,,,,,,,,,,,,,,,01,,,,,,,,,03,,"05,06,09,11,01",,,,,5000,,5000,,1200,,,,5,,5,,02,,3,2015-01-01,455
ст.198 ч.4,3,8300,,,1,1980004,FE1R10P1,Нарушение авторских и (или) смежных прав,Авторлыќ жјне (немесе) сабаќтас ќўќыќтарды бўзу,,,,,,,,ALL,,,ALL,,,,,,,,,,,,,,,,,,,,,,,,,,,,,,1,0,ALL,,,,,,,,,,,,,,,,,,,,,,,,,,,,ALL,,,,,,,,,,ALL,"11,01",,"05,06,09,",,,,,,,,,,3,6,3,6,,,,,2015-01-01,456
ст.199 ч.1,0,90,,1,2,1990001,FE1R10P1,"Нарушение прав на изобретения, полезные модели, пр","Ґнертабыстарєа, пайдалы модельдерге, ґнеркјсiптiк",,1,,,,,,,,,ALL,,,,,,,,,,,,,,,,,,,,,,,,,,,,,,1,0,ALL,,NO,,,,,,,,,,,,,,,,,,,,,,,,,,,,,,,,,,,,,"05,06,09",,,,,80,,80,,80,,,,,,,,,,,2015-01-01,457
ст.199 ч.2,0,770,,2,2,1990002,FE1R10P1,"Нарушение прав на изобретения, полезные модели, пр","Ґнертабыстарєа, пайдалы модельдерге, ґнеркјсiптiк",,1,,,,,,,,ALL -,ALL,,,,,,,,,,,,,,,,,,,,,,,,,,,,,,1,0,ALL,,NO,,,,,,,,,,,,,,,,,,,,,,,,ALL,,,,,,,,,,,,,"05,06,09,12",,,,,160,,160,,160,,40,,,,,,,,,2015-01-01,458
ст.199 ч.3,2,7220,,,1,1990003,FE1R10P1,"Нарушение прав на изобретения, полезные модели, пр","Ґнертабыстарєа, пайдалы модельдерге, ґнеркјсiптiк","01,02,03",,,,,,01,,,,ALL,,,,,,03,,02,,,,,,,,,,,,,,,,,,,,,,1,0,ALL,,NO,,,,,,,,,,,,,,,,,,,,,,,,,,01,,,,,,,,,03,,"05,06,09,11,01",,,,,5000,,5000,,1200,,,,5,,5,,02,,3,2015-01-01,459
ст.199 ч.4,3,8310,,,1,1990004,FE1R10P1,"Нарушение прав на изобретения, полезные модели, пр","Ґнертабыстарєа, пайдалы модельдерге, ґнеркјсiптiк",,,,,,,,ALL,,,ALL,,,,,,,,,,,,,,,,,,,,,,,,,,,,,,1,0,ALL,,NO,,,,,,,,,,,,,,,,,,,,,,,,,,ALL,,,,,,,,,,ALL,"11,01",,"05,06,09,",,,,,,,,,,3,6,3,6,,,,,2015-01-01,460
ст.200 ч.1,1,2720,1,,1,2000001,FE1R10P1,Неправомерное завладение автомобилем или иным тран,Автомобильдi немесе ґзге де кґлiк ќўралын жымќыру,,,,,,,,,,,ALL,,,,,,,,,,,,,,,,,,,,,,,,,,,,,,1,0,ALL,,NO,,,NO,,,,,,,,,,,,,,,,,,,,,,,,,,,,,,,,,,"05,06,09,11,01",,,,,1000,,1000,,600,,,,2,,2,,,,,2015-01-01,461
ст.200 ч.2,2,6970,1,,1,2000002,FE1R10P1,Неправомерное завладение автомобилем или иным тран,Автомобильдi немесе ґзге де кґлiк ќўралын жымќыру,"01,02,03",,,,,,01,,,02,ALL,,,,,,,,,,,,,,,,,,,,,,,,,,,,,,1,0,ALL,,NO,,,03,,,,,,,,,,,,,,,,,,,,,02,,01,,,,,,,,,,,"05,06,09,11,01",,,,,3000,,3000,,1200,,,,5,,5,,,,,2015-01-01,462
ст.293 ч.2,2,7080,,,1,2930002,FE1R10P1,Хулиганство,Бўзаќылыќ,"01,02,03,04",,,,,,01,,,02,,,,,,,03,,,,,,,,,,,,,,,,,,,,,,,,2,0,,,NO,,,,,,,,,,,,,,,,,,,,,,,,03,,01,,,,,,,,,,,"05,06,09,11,01",,,,,5000,,5000,,1200,,,,5,,5,,,,,2015-01-01,463
ст.200 ч.3,3,10650,1,,1,2000003,FE1R10P1,Неправомерное завладение автомобилем или иным тран,Автомобильдi немесе ґзге де кґлiк ќўралын жымќыру,,,,,,,,ALL -,,,ALL,,,,,,,,ALL -,,,,,,,,,,,,,,,,,,,,,,1,0,ALL,,NO,,,,,,,,,,,,,,,,,,,,,,,,,,ALL,,,,,,,,,,ALL,01,,"05,06,11,",,,,,,,,,,,,5,8,,,,,2015-01-01,464
ст.200 ч.4,3,11920,1,,1,2000004,FE1R10P1,Неправомерное завладение автомобилем или иным тран,Автомобильдi немесе ґзге де кґлiк ќўралын жымќыру,,,,,,,,,,,ALL,,,,,,,,,,,,,,,,,,,,,,,,,,,,,,1,0,ALL,,NO,,,,,,,,,,,,,,,,,,,,,,,,,,,,,,,,,,,,,01,,"05,06,11,",,,,,,,,,,,,6,10,,,,,2015-01-01,465
ст.201 ч.1,1,3020,,2,1,2010001,FE1R10P1,Нарушение вещных прав на землю,Жерге заттай ќўќыќтарды бўзу,,,,,,ALL -,,,,,ALL,,,,,,,,,,,,,,,,,,,,,,,,,,,,,,1,0,ALL,,NO,,,,,,,,,,,,,,,,,,,,,,,,,,ALL,,,,,,,,,,,"05,06,09,11,01",,,,,2000,,2000,,600,,,,2,,2,,,,,2015-01-01,466
ст.201 ч.2,2,5210,,,1,2010002,FE1R10P1,Нарушение вещных прав на землю,Жерге заттай ќўќыќтарды бўзу,,,,,,,,,,,ALL,,,,,,ALL,,,,,,,,,,,,,,,,,,,,,,,,1,0,ALL,,NO,,,,,,,,,,,,,,,,,,,,,,,,,,ALL,,,,,,,,,ALL,,"05,06,09,11,01",,,,,3000,,3000,,800,,,,3,,3,02,,,3,2015-01-01,467
ст.202 ч.1,1,3930,,2,1,2020001,FE1R10P1,Умышленное уничтожение или повреждение чужого имущ,Бґтенніѕ мїлкін ќасаќана жою немесе бїлдiру,,,,,,,,,,,ALL,,,,,,,,,,,,,,,,,,,,,,,,,,,,,,1,0,ALL,,NO,,,,,,,,,,,,,,,,,,,,,,,,,,,,,,,,,,,,,"05,06,09,11,01",,,,500,2000,500,2000,300,600,,,,2,,2,,,,,2024-09-04,468
ст.202 ч.1,1,3030,,2,1,2020001,FE1R10P1,Умышленное уничтожение или повреждение чужого имущ,Бґтенніѕ мїлкін ќасаќана жою немесе бїлдiру,,,,,,,,,,,ALL,,,,,,,,,,,,,,,,,,,,,,,,,,,,,,2,0,ALL,,NO,,,,,,,,,,,,,,,,,,,,,,,,,,,,,,,,,,,,,"05,06,09,11,01",,,,,2000,,2000,,600,,,,2,,2,,,,,2015-01-01,469
ст.202 ч.2,3,9770,,,1,2020002,FE1R10P1,Умышленное уничтожение или повреждение чужого имущ,Бґтенніѕ мїлкін ќасаќана жою немесе бїлдiру,"01,02,03,04,05",,,,,,,,,,ALL,,,,,,,,05,,,,,,04,03,,,,,,,,,,,,,,,2,0,ALL,,NO,,04,,,,,,,,,,,,,,,,,,,,,,07,02,06,,,,03,,01,,,,,"05,06,11,01",,,,3000,7000,3000,7000,,,,,3,7,3,7,,,,,2015-01-01,470
ст.202 ч.2,3,9780,,,1,2020002,FE1R10P1,Умышленное уничтожение или повреждение чужого имущ,Бґтенніѕ мїлкін ќасаќана жою немесе бїлдiру,"01,02,03,04,05,06,07",,,,,,,,,,ALL,,,,,,,,05,,,,,,04,03,,,,,,,,,,,,,,,1,0,ALL,,NO,,04,,,,,,,,,,,,,,,,,,,,,,07,02,06,,,,03,,01,,,,,"05,06,11,01",,,,3000,7000,3000,7000,,,,,3,7,3,7,,,,,2024-09-04,471
ст.202 ч.3,3,11420,,,1,2020003,FE1R10P1,Умышленное уничтожение или повреждение чужого имущ,Бґтенніѕ мїлкін ќасаќана жою немесе бїлдiру,"01,02,03",,,,,,,,,,ALL,,,,,01,,,,02,,,,,,,,,,,,,,,,,,,,,1,0,ALL,,NO,,,,,,,,,,,,,,,,,,,,,,,,,01,03,,,,,,,,,,03,01,,"05,06,11,",,,,,,,,,,,,5,10,,,,,2024-09-04,472
ст.202 ч.3,3,11150,,,1,2020003,FE1R10P1,Умышленное уничтожение или повреждение чужого имущ,Бґтенніѕ мїлкін ќасаќана жою немесе бїлдiру,"01,02",,,,,,,,,,ALL,,,,,01,,,,02,,,,,,,,,,,,,,,,,,,,,2,0,ALL,,NO,,,,,,,,,,,,,,,,,,,,,,,,,01,03,,,,,,,,,,03,01,,"05,06,11,",,,,,,,,,,,,5,10,,,,,2015-01-01,473
ст.203 ч.1,3,9010,,,1,2030001,FE1R10P1,"Умышленные уничтожение, вывоз или повреждение пред","Умышленные уничтожение, вывоз или повреждение пред",,,,,,,,,,,ALL,,,,,,,,,,,,,,,,,,,,,,,,,,,,,,1,0,ALL,,NO,,,,,,,,,,,,,,,,,,,,,,,,,,,,,,,,,,,,,01,,"05,06,11,",,,,,,,,,,,,3,7,,,,,2024-09-04,474
ст.203 ч.1,3,8860,,,1,2030001,FE1R10P1,"Умышленные уничтожение, вывоз или повреждение пред","Умышленные уничтожение, вывоз или повреждение пред",,,,,,,,,,,ALL,,,,,,,,,,,,,,,,,,,,,,,,,,,,,,2,0,ALL,,NO,,,,,,,,,,,,,,,,,,,,,,,,,,,,,,,,,,,,,01,,"05,06,11,",,,,,,,,,,,,3,7,,,,,2015-01-01,475
ст.203 ч.2,3,11160,,,1,2030002,FE1R10P1,"Умышленные уничтожение, вывоз или повреждение пред","Умышленные уничтожение, вывоз или повреждение пред","01,02,03",,,,,,,,,,ALL,,,,,,,,,,,,,,03,,,,,,,,,,,,,,,,2,0,ALL,,NO,,03,,,,,,,,,,,,,,,,,,,,,,05,02,04,,,,,,01,,,,,01,,"05,06,11,",,,,,,,,,,,,5,10,,,,,2015-01-01,476
ст.203 ч.2,3,11430,,,1,2030002,FE1R10P1,"Умышленные уничтожение, вывоз или повреждение пред","Умышленные уничтожение, вывоз или повреждение пред","01,02,03,04,05",,,,,,,,,,ALL,,,,,,,,,,,,,,03,,,,,,,,,,,,,,,,1,0,ALL,,NO,,03,,,,,,,,,,,,,,,,,,,,,,05,02,04,,,,,,01,,,,,01,,"05,06,11,",,,,,,,,,,,,5,10,,,,,2024-09-04,477
ст.203 ч.3,3,12490,,,1,2030003,FE1R10P1,"Умышленные уничтожение, вывоз или повреждение пред","Умышленные уничтожение, вывоз или повреждение пред",,,,,,,,,,,ALL,,,,,ALL,,,,,,,,,,,,,,,,,,,,,,,,,1,0,ALL,,NO,,,,,,,,,,,,,,,,,,,,,,,,,ALL,ALL,,,,,,,,,,ALL,01,,"05,06,11,",,,,,,,,,,,,7,12,,,,,2024-09-04,478
ст.203 ч.3,3,12420,,,1,2030003,FE1R10P1,"Умышленные уничтожение, вывоз или повреждение пред","Умышленные уничтожение, вывоз или повреждение пред",,,,,,,,,,,ALL,,,,,ALL,,,,,,,,,,,,,,,,,,,,,,,,,2,0,ALL,,NO,,,,,,,,,,,,,,,,,,,,,,,,,ALL,ALL,,,,,,,,,,ALL,01,,"05,06,11,",,,,,,,,,,,,7,12,,,,,2015-01-01,479
ст.203 ч.1-1,3,9020,,,1,2030011,FE1R10P1,"Умышленные уничтожение, вывоз или повреждение пред","Умышленные уничтожение, вывоз или повреждение пред",,,,,,,,,,,ALL,,,,,,,,,,,,,,,,,,,,,,,,,,,,,,1,0,ALL,,NO,,,,,,,,,,,,,,,,,,,,,,,,,,,,,,,,,,,,,01,,"05,06,11,",,,,,,,,,,,,3,7,,,,,2024-09-04,480
ст.203 ч.1-1,3,8990,,,1,2030011,FE1R10P1,"Умышленные уничтожение, вывоз или повреждение пред","Умышленные уничтожение, вывоз или повреждение пред",,,,,,,,,,,ALL,,,,,,,,,,,,,,,,,,,,,,,,,,,,,,2,0,ALL,,NO,,,,,,,,,,,,,,,,,,,,,,,,,,,,,,,,,,,,,01,,"05,06,11,",,,,,,,,,,,,3,7,,,,,2020-01-11,481
ст.204 ч.1,0,200,,2,2,2040001,FE1R10P1,Неосторожное уничтожение или повреждение чужого им,Бґтенніѕ мїлкін абайсызда жою немесе бїлдіру,,1,,,,,,,,,ALL,,,,,,,,ALL,,,,,,,,,,,,,,,,,,,,,,1,0,ALL,,NO,,,,,,,,,,,,,,,,,,ALL,,,,,,,,,,,,,,,,,,,"05,06,09,12",,,,,80,,80,,80,,20,,,,,,,,,2015-01-01,482
ст.204 ч.2,1,2810,,2,1,2040002,FE1R10P1,Неосторожное уничтожение или повреждение чужого им,Бґтенніѕ мїлкін абайсызда жою немесе бїлдіру,,,,,,,,,,,ALL,,,,,,,,,ALL -,,,,,,,,,,,,,,,,,,,,,1,0,ALL,,NO,,,,,,,,,,,,,,,,,,ALL,,,,,,,ALL,,,,,,,,,,,,"05,06,09,11,01",,,,,2000,,2000,,600,,,,2,,2,,,,,2015-01-01,483
ст.205 ч.1,0,990,,2,2,2050001,FE1R10P1,"Неправомерный доступ к информации, в информационну","Аќпаратќа, аќпараттыќ жїйеге немесе аќпараттыќ-ком",,1,,,,,,,,,ALL,,,,,,,,,,,,,,,,,,,,,,,,,,,,,,1,0,,,NO,,,,,,,,,,,,,,,,,,,,,,,,,,,,,,,,,,,,,"05,06,09,12",,,,,160,,160,,160,,40,,,,,,02,,2,2015-01-01,484
ст.205 ч.2,0,1780,,3,2,2050002,FE1R10P1,"Неправомерный доступ к информации, в информационну","Аќпаратќа, аќпараттыќ жїйеге немесе аќпараттыќ-ком",,1,,,,,,,,,,,,,,,,,,,,,,,,,,,,,,,,,,,,,,,1,0,,,NO,,,,,,,,,,,,,,,,,,,,,,,,,,,,,,,,,,,,,"05,06,09,12",,,,,200,,200,,200,,50,,,,,,02,,2,2015-01-01,485
ст.205 ч.3,1,3470,,,1,2050003,FE1R10P1,"Неправомерный доступ к информации, в информационну","Аќпаратќа, аќпараттыќ жїйеге немесе аќпараттыќ-ком",,,,,,,,,,,,,,,,,,,,,,,,,,,,,,,,,,,,,,,,,1,0,,,NO,,,,,,,,,,,,,,,,,,,,,,,,,ALL,,,,,,,,,,,,"05,06,09,11,01",,,,,2000,,2000,,600,,,,2,,2,,02,,3,2015-01-01,486
ст.206 ч.1,0,1800,,2,2,2060001,FE1R10P1,Неправомерные уничтожение или модификация информац,Аќпаратты ќўќыќќа сыйымсыз жою немесе тїрлендіру,,1,,,,,,,,,,,,,,,,,,,,,,,,,,,,,,,,,,,,,,,1,0,,,NO,,,,,,,,,,,,,,,,,,,,,,,,,,,,,,,,,,,,,"05,06,09,12",,,,,200,,200,,200,,50,,,,,,02,,2,2025-09-16,487
ст.206 ч.1,0,1790,,2,2,2060001,FE1R10P1,Неправомерные уничтожение или модификация информац,Аќпаратты ќўќыќќа сыйымсыз жою немесе тїрлендіру,,1,,,,,,,,,,,,,,,,,,,,,,,,,,,,,,,,,,,,,,,2,0,,,NO,,,,,,,,,,,,,,,,,,,,,,,,,,,,,,,,,,,,,"05,06,09,12",,,,,200,,200,,200,,50,,,,,,02,,2,2015-01-01,488
ст.206 ч.2,1,3480,,,1,2060002,FE1R10P1,Неправомерные уничтожение или модификация информац,Аќпаратты ќўќыќќа сыйымсыз жою немесе тїрлендіру,"01,02",,,,,,02,,,,,,,,,,,,,,,,,,,,,,,,,,,,,,,,,,2,0,,,NO,,,,,,,,,,,,,,,,,,,,,,,,,,,,,,,,,,,,,"05,06,09,11,01",,,,,2000,,2000,,600,,,,2,,2,,02,,3,2015-01-01,489
ст.206 ч.2,1,3540,,,1,2060002,FE1R10P1,Неправомерные уничтожение или модификация информац,Аќпаратты ќўќыќќа сыйымсыз жою немесе тїрлендіру,,,,,,,,,,,,,,,,,,,,,,,,,,,,,,,,,,,,,,,,,1,0,,,NO,,,,,,,,,,,,,,,,,,,,,,,,,,,,,,,,,,,,,"05,06,09,11,01",,,,,2000,,2000,,600,,,,2,,2,,02,,3,2025-09-16,490
ст.206 ч.3,3,9060,,,1,2060003,FE1R10P1,Неправомерные уничтожение или модификация информац,Аќпаратты ќўќыќќа сыйымсыз жою немесе тїрлендіру,"01,02",,,,,,,01,,,,,,,,,,,,,,,,,,,,,,,,,,,,,,,,,2,0,,,NO,,,,,,,,,,,,,,,,,,,,,,,,,02,01,,,,,,,,,,01,01,,"05,06,11,",,,,,,,,,,,,3,7,,02,,3,2015-01-01,491
ст.206 ч.3,3,9170,,,1,2060003,FE1R10P1,Неправомерные уничтожение или модификация информац,Аќпаратты ќўќыќќа сыйымсыз жою немесе тїрлендіру,"01,02",,,,,,,01,,,,,,,,,,,,,,,,,,,,,,,,,,,,,,,,,1,0,,,NO,,,,,,,,,,,,,,,,,,,,,,,,,02,01,,,,,,,,,,01,01,,,,,,,,,,,,,,3,7,,02,,4,2025-09-16,492
ст.206 ч.2-1,2,5060,,,1,2060021,FE1R10P1,Неправомерные уничтожение или модификация информац,Аќпаратты ќўќыќќа сыйымсыз жою немесе тїрлендіру,"01,02",,,,,,02,,,,,,,,,,,,,,,,,,,,,,,,,,,,,,,,,,1,0,,,NO,,,,,,,,,,,,,,,,,,,,,,,,01,,02,,,,,,,,,,,"05,06,09,11,01",,,,,3000,,3000,,800,,,,3,,3,,02,,3,2025-09-16,493
ст.207 ч.1,1,3440,,2,1,2070001,FE1R10P1,Нарушение работы информационной системы или сетей,Аќпараттыќ жїйеніѕ немесе телекоммуникациялар желі,,,,,,,,,,,,,,,,,,,,,,,,,,,,,,,,,,,,,,,,,1,0,,,NO,,,,,,,,,,,,,,,,,,,,,,,,,,,,,,,,,,,,,"05,06,09,11,01",,,,,2000,,2000,,600,,,,2,,2,,02,,2,2025-09-16,494
ст.207 ч.1,1,3410,,2,1,2070001,FE1R10P1,Нарушение работы информационной системы или информ,Аќпараттыќ жїйеніѕ немесе аќпараттыќ-коммуникациял,,,,,,,,,,,,,,,,,,,,,,,,,,,,,,,,,,,,,,,,,2,0,,,NO,,,,,,,,,,,,,,,,,,,,,,,,,,,,,,,,,,,,,"05,06,09,11,01",,,,,2000,,2000,,600,,,,2,,2,,02,,2,2015-01-01,495
ст.207 ч.2,2,5070,,,1,2070002,FE1R10P1,Нарушение работы информационной системы или сетей,Аќпараттыќ жїйеніѕ немесе телекоммуникациялар желі,,,,,,,,,,,,,,,,,,,,,,,,,,,,,,,,,,,,,,,,,1,0,,,NO,,,,,,,,,,,,,,,,,,,,,,,,,,,,,,,,,,,,,"05,06,09,11,01",,,,,3000,,3000,,800,,,,3,,3,,02,,3,2025-09-16,496
ст.207 ч.2,2,5760,,,1,2070002,FE1R10P1,Нарушение работы информационной системы или информ,Аќпараттыќ жїйеніѕ немесе аќпараттыќ-коммуникациял,"01,02",,,,,,02,,,,,,,,,,,,,,,,,,,,,,,,,,,,,,,,,,2,0,,,NO,,,,,,,,,,,,,,,,,,,,,,,,,,,,,,,,,,,,,"05,06,09,11,01",,,,,4000,,4000,,1000,,,,4,,4,,02,,3,2015-01-01,497
ст.207 ч.3,3,11540,,,1,2070003,FE1R10P1,Нарушение работы информационной системы или сетей,Аќпараттыќ жїйеніѕ немесе телекоммуникациялар желі,"01,02",,,,,,,01,,,,,,,,,,,,,,,,,,,,,,,,,,,,,,,,,1,0,,,NO,,,,,,,,,,,,,,,,,,,,,,,,,03,01,,,,,,,,,,01,01,,,,,,,,,,,,,,5,10,,02,,5,2025-09-16,498
ст.207 ч.3,3,11510,,,1,2070003,FE1R10P1,Нарушение работы информационной системы или информ,Аќпараттыќ жїйеніѕ немесе аќпараттыќ-коммуникациял,"01,02",,,,,,,01,,,,,,,,,,,,,,,,,,,,,,,,,,,,,,,,,2,0,,,NO,,,,,,,,,,,,,,,,,,,,,,,,,03,01,,,,,,,,,,01,01,,"05,06,11,",,,,,,,,,,,,5,10,,02,,5,2015-01-01,499
ст.207 ч.2-1,2,5810,,,1,2070021,FE1R10P1,Нарушение работы информационной системы или сетей,Аќпараттыќ жїйеніѕ немесе телекоммуникациялар желі,"01,02",,,,,,02,,,,,,,,,,,,,,,,,,,,,,,,,,,,,,,,,,1,0,,,NO,,,,,,,,,,,,,,,,,,,,,,,,01,,02,,,,,,,,,,,"05,06,09,11,01",,,,,4000,,4000,,1000,,,,4,,4,,02,,4,2025-09-16,500
ст.208 ч.1,0,1400,,2,2,2080001,FE1R10P1,Неправомерное завладение информацией,Аќпаратты ќўќыќќа сыйымсыз иеленіп алу,,1,,,,,,,,,,,,,,,,,,,,,,,,,,,,,,,,,,,,,,,2,0,,,NO,,,,,,,,,,,,,,,,,,,,,,,,,,,,,,,,,,,,,"05,06,09,12",,,,,200,,200,,180,,50,,,,,,02,,2,2015-01-01,501
ст.208 ч.1,0,1410,,2,2,2080001,FE1R10P1,Неправомерное завладение информацией,Аќпаратты ќўќыќќа сыйымсыз иеленіп алу,,1,,,,,,,,,,,,,,,,,,,,,,,,,,,,,,,,,,,,,,,1,0,,,NO,,,,,,,,,,,,,,,,,,,,,,,,,,,,,,,,,,,,,"05,06,09,12",,,,,200,,200,,180,,50,,,,,,02,,2,2025-09-16,502
ст.208 ч.2,1,3490,,,1,2080002,FE1R10P1,Неправомерное завладение информацией,Аќпаратты ќўќыќќа сыйымсыз иеленіп алу,"01,02",,,,,,02,,,,,,,,,,,,,,,,,,,,,,,,,,,,,,,,,,2,0,,,NO,,,,,,,,,,,,,,,,,,,,,,,,,,,,,,,,,,,,,"05,06,09,11,01",,,,,2000,,2000,,600,,,,2,,2,,02,,3,2015-01-01,503
ст.208 ч.2,1,3550,,,1,2080002,FE1R10P1,Неправомерное завладение информацией,Аќпаратты ќўќыќќа сыйымсыз иеленіп алу,,,,,,,,,,,,,,,,,,,,,,,,,,,,,,,,,,,,,,,,,1,0,,,NO,,,,,,,,,,,,,,,,,,,,,,,,,,,,,,,,,,,,,"05,06,09,11,01",,,,,2000,,2000,,600,,,,2,,2,,02,,3,2025-09-16,504
ст.208 ч.3,2,5080,,,1,2080003,FE1R10P1,Неправомерное завладение информацией,Аќпаратты ќўќыќќа сыйымсыз иеленіп алу,"01,02",,,,,,,01,,,,,,,,,,,,,,,,,,,,,,,,,,,,,,,,,1,0,,,NO,,,,,,,,,,,,,,,,,,,,,,,,01,,02,,,,,,,,,,,"05,06,09,11,01",,,,,3000,,3000,,800,,,,3,,3,,02,,3,2025-09-16,505
ст.208 ч.3,3,9070,,,1,2080003,FE1R10P1,Неправомерное завладение информацией,Аќпаратты ќўќыќќа сыйымсыз иеленіп алу,"01,02",,,,,,,01,,,,,,,,,,,,,,,,,,,,,,,,,,,,,,,,,2,0,,,NO,,,,,,,,,,,,,,,,,,,,,,,,01,,02,,,,,,,,,,,01,,"05,06,11,",,,,,,,,,,,,3,7,,02,,3,2015-01-01,506
ст.208 ч.4,3,9180,,,1,2080004,FE1R10P1,Неправомерное завладение информацией,Аќпаратты ќўќыќќа сыйымсыз иеленіп алу,"01,02",,,,,,,01,,,,,,,,,,,,,,,,,,,,,,,,,,,,,,,,,1,0,,,NO,,,,,,,,,,,,,,,,,,,,,,,,,02,01,,,,,,,,,,01,01,,,,,,,,,,,,,,3,7,,02,,4,2025-09-16,507
ст.209 ч.1,1,3420,,2,1,2090001,FE1R10P1,Принуждение к передаче информации,Аќпаратты беруге мјжбїрлеу,,,,,,,,,,,ALL,,,,,,,,,,,,,,,,,,,,,,,,,,,,,,1,0,,,NO,,,NO,,,,,,,,,,,,,,,,,,,,,,,,,,,,,,,,,,"05,06,09,11,01",,,,,2000,,2000,,600,,,,2,,2,,02,,2,2015-01-01,508
ст.209 ч.2,3,9080,,,1,2090002,FE1R10P1,Принуждение к передаче информации,Аќпаратты беруге мјжбїрлеу,"01,02,03",,,,,,02,,,,ALL,,,,,,,,,,,,,,,,,,,,,,,,,,,,,,1,0,,,NO,,,,,,,,,,,,,,,,,,,,,,,,,,02,,,,,,,,,,,01,,"05,06,11,",,,,,,,,,,,,3,7,,02,,3,2015-01-01,509
ст.209 ч.3,3,11520,,,1,2090003,FE1R10P1,Принуждение к передаче информации,Аќпаратты беруге мјжбїрлеу,"01,02",,,,,,,01,,,ALL,,,,,,,,,,,,,,,,,,,,,,,,,,,,,,1,0,,,NO,,,,,,,,,,,,,,,,,,,,,,,,,02,01,,,,,,,,,,01,01,,"05,06,11,",,,,,,,,,,,,5,10,,02,,5,2015-01-01,510
ст.210 ч.1,2,4990,,,1,2100001,FE1R10P1,"Создание, использование или распространение вредон",Зиян келтіретін компьютерлік баєдарламалар мен бає,,,,,,,,,,,,,,,,,,,,,,,,,,,,,,,,,,,,,,,,,1,0,,,NO,,,,,,,,,,,,,,,,,,,,,,,,,,,,,,,,,,,,,"05,06,09,11,01",,,,,3000,,3000,,800,,,,3,,3,,02,,3,2015-01-01,511
ст.210 ч.2,3,9630,,,1,2100002,FE1R10P1,"Создание, использование или распространение вредон",Зиян келтіретін компьютерлік баєдарламалар мен бає,"01,02,03",,,,,,01,,,,,,,,,,02,,,,,,,,,,,,,,,,,,,,,,,,1,0,,,NO,,,,,,,,,,,,,,,,,,,,,,,,,,01,,,,,,,,,02,,"11,01",,"05,06,",,,,,,,,,,3,7,3,7,,02,,3,2015-01-01,512
ст.210 ч.3,3,11530,,,1,2100003,FE1R10P1,"Создание, использование или распространение вредон",Зиян келтіретін компьютерлік баєдарламалар мен бає,"01,02",,,,,,,01,,,,,,,,,,,,,,,,,,,,,,,,,,,,,,,,,1,0,,,NO,,,,,,,,,,,,,,,,,,,,,,,,,02,01,,,,,,,,,,01,01,,"05,06,11,",,,,,,,,,,,,5,10,,02,,5,2015-01-01,513
ст.211 ч.1,0,1430,,2,2,2110001,FE1R10P1,Неправомерное распространение электронных информац,Ќолжетімділігі шектелген электрондыќ аќпараттыќ ре,,1,,,,,,,,,,,,,,,,,,,,,,,,,,,,,,,,,,,,,,,1,0,,,NO,,,,,,,,,,,,,,,,,,,,,,,,,,,,,,,,,,,,,"05,06,09,12",,,,,200,,200,,180,,50,,,,,,02,,3,2015-01-01,514
ст.211 ч.2,2,6930,,,1,2110002,FE1R10P1,Неправомерное распространение электронных информац,Ќолжетімділігі шектелген электрондыќ аќпараттыќ ре,"01,02,03",,,,,,01,,,,,,,,,,03,,,,,,,,,,,,,,,,,,,,,,,02,1,0,,,NO,,,,,,,,,,,,,,,,,,,,,,,,,,01,,,,,,,,,03,,"09,11,01",,"05,06,",,,,,,,1200,,,,5,,5,,02,,3,2015-01-01,515
ст.211 ч.3,3,9190,,,1,2110003,FE1R10P1,Неправомерное распространение электронных информац,Ќолжетімділігі шектелген электрондыќ аќпараттыќ ре,"01,02",,,,,,,01,,,,,,,,,,,,,,,,,,,,,,,,,,,,,,,,,1,0,,,NO,,,,,,,,,,,,,,,,,,,,,,,,,02,01,,,,,,,,,,01,01,,"05,06,11,",,,,,,,,,,,,3,7,,02,,5,2015-01-01,516
ст.212 ч.1,1,3640,,,1,2120001,FE1R10P1,Предоставление услуг для размещения интернет-ресур,Ќўќыќќа ќайшы маќсаттарды кґздейтін интернет-ресур,,,,,,,,,,,,,,,,,,,,,,,,,,,,,,,,,,,,,,,,,1,0,,,NO,,,,,,,,,,,,,,,,,,,,,,,,,,,,,,,,,,,,,"05,06,09,11,01",,,,,2000,,2000,,600,,,,2,,2,02,,,2,2015-01-01,517
ст.212 ч.2,3,9350,,,1,2120002,FE1R10P1,Предоставление услуг для размещения интернет-ресур,Ќўќыќќа ќайшы маќсаттарды кґздейтін интернет-ресур,,,,,,,ALL,ALL,,,,,,,,,,,,,,,,,,,,,,,,,,,,,,,,,1,0,,,NO,,,,,,,,,,,,,,,,,,,,,,,,,,ALL,,,,,,,,,,ALL,01,,"05,06,11,",,,,,,,,,,,,3,7,02,,,3,2015-01-01,518
ст.213 ч.1,0,780,,,2,2130001,FE1R10P1,Неправомерные изменение идентификационного кода аб,Ўялы байланыстыѕ абоненттiк ќўрылєысыныѕ сјйкестен,,1,,,,,,,,,,,,,,,,,,,,,,,,,,,,,,,,,,,,,,,1,0,,,NO,,,,,,,,,,,,,,,,,,,,,,,,,,,,,,,,,,,,,"05,06,09,12",,,,,160,,160,,160,,40,,,,,,,,,2015-01-01,519
ст.213 ч.2,1,3040,,,1,2130002,FE1R10P1,Неправомерные изменение идентификационного кода аб,Ўялы байланыстыѕ абоненттiк ќўрылєысыныѕ сјйкестен,,,,,,,,,,,,,,,,,,,,,,,,,,,,,,,,,,,,,,,,,1,0,,,NO,,,,,,,,,,,,,,,,,,,,,,,,,,,,,,,,,,,,,"05,06,09,11,01",,,,,2000,,2000,,600,,,,2,,2,,,,,2015-01-01,520
ст.213 ч.3,2,6090,,,1,2130003,FE1R10P1,Неправомерные изменение идентификационного кода аб,Ўялы байланыстыѕ абоненттiк ќўрылєысыныѕ сјйкестен,,,,,,,,ALL,,,,,,,,,,,,,,,,,,,,,,,,,,,,,,,,,1,0,,,NO,,,,,,,,,,,,,,,,,,,,,,,,,,ALL,,,,,,,,,,ALL,01,,"05,06,11,",,,,,,,,,,,,,5,,,,,2015-01-01,521
ст.214 ч.1,1,3350,2,,1,2140001,FE1R10P1,"Незаконное предпринимательство, незаконная банковс","Заѕсыз кјсiпкерлiк, заѕсыз банктік ќызмет",,,,,,,,,,,,,,,,,,,,,,,,,,,,,,,,,,,,,,,,,1,0,,ALL,ALL,,,,,,,,,,,,,,,,,,,,,,,,,,,,,,,,,,,,,"05,06,09,11,01",,,,,2000,,2000,,600,,,,2,,2,,01,,,2015-01-01,522
ст.214 ч.2,2,7280,2,,1,2140002,FE1R10P1,"Незаконное предпринимательство, незаконная банковс","Заѕсыз кјсiпкерлiк, заѕсыз банктік ќызмет","01,02,03",,,,,,,01,,03,,,,,,,,,,02,,,,,,,,,,,,,,,,,,,,,1,0,,ALL,ALL,,,,,,,,,,,,,,,,,,,,,,,,03,,01,,,,,,,,,,01,"05,06,09,11,01",,,,,5000,,5000,,1200,,,,5,,5,01,,,,2015-01-01,523
ст.214-1 ч.1,1,3390,2,,1,2140101,FE1R10P1,"Незаконная банковская, микрофинансовая деятельност",Заѕсыз банктік немесе микроќаржылыќ ќызмет,,,,,,,,,,,,,,,,,,,,,,,,,,,,,,,,,,,,,,,,,1,0,,ALL,ALL,,,,,,,,,,,,,,,,,,,,,,,,,,,,,,,,,,,,,"05,06,09,11,01",,,,,2000,,2000,,600,,,,2,,2,,01,,,2025-09-16,524
ст.214-1 ч.2,2,7340,2,,1,2140102,FE1R10P1,"Незаконная банковская, микрофинансовая деятельност",Заѕсыз банктік немесе микроќаржылыќ ќызмет,"01,02,03",,,,,,,,,,,,,,,,,,,,,,,,,,,,,,,,,,,,,,,,1,0,,ALL,ALL,,,,,,,,,,,,,,,,,,,,,,,,03,,01,,,,,,,,,,01,"05,06,09,11,01",,,,,5000,,5000,,1200,,,,5,,5,01,,,,2025-09-16,525
ст.214-2 ч.1,1,3400,2,,1,2140201,FE1R10P1,Незаконная коллекторская деятельность,Заѕсыз коллекторлыќ ќызмет,,,,,,,,,,,,,,,,,,,,,,,,,,,,,,,,,,,,,,,,,1,0,,ALL,ALL,,,,,,,,,,,,,,,,,,,,,,,,,,,,,,,,,,,,,"05,06,09,11,01",,,,,2000,,2000,,600,,,,2,,2,,01,,,2025-09-16,526
ст.214-2 ч.2,2,7350,2,,1,2140202,FE1R10P1,Незаконная коллекторская деятельность,Заѕсыз коллекторлыќ ќызмет,"01,02,03",,,,,,,,,,,,,,,,,,,,,,,,,,,,,,,,,,,,,,,,1,0,,ALL,ALL,,,,,,,,,,,,,,,,,,,,,,,,03,,01,,,,,,,,,,01,"05,06,09,11,01",,,,,5000,,5000,,1200,,,,5,,5,01,,,,2025-09-16,527
ст.215 ч.1,1,2440,2,,1,2150001,FE1R10P1,(Исключена) Лжепредпринимательство,Жалєан кјсіпкерлік,,,,,,,,,,,,,,,,,,,,,,,,,,,,,,,,,,,,,,,,,2,0,,ALL,ALL,,,,,,,,,,,,,,,,,,,,,,,,,,,,,,,,,,,,,"05,06,11,01",,,,,2000,,2000,,,,,,2,,2,,,,,2015-01-01,528
ст.215 ч.1,1,2580,2,,1,2150001,FE1R10P1,(Исключена) Лжепредпринимательство,Жалєан кјсіпкерлік,,,,,,,,,,,,,,,,,,,,,,,,,,,,,,,,,,,,,,,,,3,0,,ALL,ALL,,,,,,,,,,,,,,,,,,,,,,,,,,,,,,,,,,,,,"05,06,11,01",,,,,2000,,2000,,,,,,2,,2,,,,,2017-07-14,529
ст.215 ч.2,3,9800,2,,1,2150002,FE1R10P1,(Исключена) Лжепредпринимательство,Жалєан кјсіпкерлік,"01,02,03,04","KR,",03,,,,02,,,01,,,,,,,,,,,,,,,,,,,,,,,,,,,,,,,3,0,,ALL,ALL,,,,,,,,,,,,,,,,,,,,,,,,,,,,,,,,,,,,,"05,06,11,01",,,,3000,7000,3000,7000,,,,,3,7,3,7,01,,,,2017-07-14,530
ст.215 ч.2,3,9790,2,,1,2150002,FE1R10P1,(Исключена) Лжепредпринимательство,Жалєан кјсіпкерлік,"01,02,03,04","KR,",03,,,,02,,,01,,,,,,,,,,,,,,,,,,,,,,,,,,,,,,,2,0,,ALL,ALL,,,,,,,,,,,,,,,,,,,,,,,,,,,,,,,,,,,,,"05,06,11,01",,,,3000,7000,3000,7000,,,,,3,7,3,7,01,,,,2015-01-01,531
ст.215 ч.3,3,12140,2,,1,2150003,FE1R10P1,(Исключена) Лжепредпринимательство,Жалєан кјсіпкерлік,,,,,,,,ALL -,,,,,,,,,,,,ALL -,,,,,,,,,,,,,,,,,,,,,3,0,,ALL,ALL,,,,,,,,,,,,,,,,,,,,,,,,,,,,,,,,,,,,,01,,"05,06,11,",,,,,,,,,,,,7,10,01,22,,,2017-07-14,532
ст.215 ч.3,3,12130,2,,1,2150003,FE1R10P1,(Исключена) Лжепредпринимательство,Жалєан кјсіпкерлік,,,,,,,,ALL -,,,,,,,,,,,,ALL -,,,,,,,,,,,,,,,,,,,,,2,0,,ALL,ALL,,,,,,,,,,,,,,,,,,,,,,,,,,,,,,,,,,,,,01,,"05,06,11,",,,,,,,,,,,,7,10,01,22,,,2015-01-01,533
ст.216 ч.1,2,4660,2,,1,2160001,FE1R10P1,Совершение действий по выписке счета-фактуры без ф,"Іс жїзінде жўмыстар орындалмай, ќызметтер кґрсетіл",,,,,,,,,,,,,,,,,,,,,,,,,,,,,,,,,,,,,,,,,1,0,,ALL,ALL,,,,,,,,,,,,,,,,,,,,,,,,,,,,,,,,,,,,,"05,06,09,11,01",,,,,3000,,3000,,800,,,,3,,3,,,,,2015-01-01,534
ст.216 ч.2,2,7290,2,,1,2160002,FE1R10P1,Совершение действий по выписке счета-фактуры без ф,"Іс жїзінде жўмыстар орындалмай, ќызметтер кґрсетіл","01,02,04","KR,",04,,,,02,,,01,,,,,,,,,,,,,,,,,,,,,,,,,,,,,,,2,0,,ALL,ALL,,,,,,,,,,,,,,,,,,,,,,,,01,,02,,,,,,,,,04,,"05,06,09,11,01",,,,,5000,,5000,,1200,,,,5,,5,01,,,,2015-01-01,535
ст.216 ч.2,2,7320,2,,1,2160002,FE1R10P1,Совершение действий по выписке счета-фактуры без ф,"Іс жїзінде жўмыстар орындалмай, ќызметтер кґрсетіл","01,02,04",,,,,,02,,,01,,,,,,,,,,,,,,,,,,,,,,,,,,,,,,,1,0,,ALL,ALL,,,,,,,,,,,,,,,,,,,,,,,,01,,02,,,,,,,,,04,,"05,06,09,11,01",,,,,5000,,5000,,1200,,,,5,,5,01,,,,2020-01-11,536
ст.216 ч.3,3,8400,2,,1,2160003,FE1R10P1,Совершение действий по выписке счета-фактуры без ф,"Іс жїзінде жўмыстар орындалмай, ќызметтер кґрсетіл",,,,,,,,ALL -,,,,,,,,,,,,ALL -,,,,,,,,,,,,,,,,,,,,,1,0,,ALL,ALL,,,,,,,,,,,,,,,,,,,,,,,,,,ALL,,,,,,,,,,ALL,01,,"05,06,09,11,",,,,,,,,,,,,,7,01,22,,,2015-01-01,537
ст.217 ч.1,2,4490,2,,1,2170001,FE1R10P1,Создание и руководство финансовой (инвестиционной),Ќаржылыќ (инвестициялыќ) пирамиданы ќўру жјне оєан,,,,,,,,,,,,,,,,,,,,,,,,,,,,,,,,,,,,,,,,,1,0,,ALL,ALL,,,,,,,,,,,,,,,,,,,,,,,,,,,,,,,,,,,,,"05,09,11,01",,,,,3000,,,,800,,,,3,,3,01,,,,2015-01-01,538
ст.217 ч.2,3,9700,2,,1,2170002,FE1R10P1,Создание и руководство финансовой (инвестиционной),Ќаржылыќ (инвестициялыќ) пирамиданы ќўру жјне оєан,"01,02,03,04",,,,,,01,,,02,,,,,,,03,,,,,,,,,,,,,,,,,,,,,,,,1,0,,ALL,ALL,,,,,,,,,,,,,,,,,,,,,,,,02,,01,,,,,,,,,03,,"11,01",,"05,06,",,,,,,,,,,3,7,3,7,"01,02",,,3,2015-01-01,539
ст.217 ч.3,3,12300,2,,1,2170003,FE1R10P1,Создание и руководство финансовой (инвестиционной),Ќаржылыќ (инвестициялыќ) пирамиданы ќўру жјне оєан,"01,02,03","KR,",03,,,,,01,,,,,,,,,,,,,,,,,,,,,,,,,,,,,,,,,2,0,,ALL,ALL,,,,,,,,,,,,,,,,,,,,,,,,,,01,,,,,,,,,03,01,01,,"05,06,11,",,,,,,,,,,,,5,12,"01,02",,,7,2015-01-01,540
ст.217 ч.3,3,12310,2,,1,2170003,FE1R10P1,Создание и руководство финансовой (инвестиционной),Ќаржылыќ (инвестициялыќ) пирамиданы ќўру жјне оєан,"01,02,03",,,,,,,01,,,,,,,,,,,,,,,,,,,,,,,,,,,,,,,,,1,0,,ALL,ALL,,,,,,,,,,,,,,,,,,,,,,,,,,01,,,,,,,,,03,01,01,,"05,06,11,",,,,,,,,,,,,5,12,"01,02",,,7,2020-01-11,541
ст.217-1 ч.1,1,3620,2,2,1,2170101,FE1R10P1,Реклама финансовой (инвестиционной) пирамиды,Ќаржылыќ (инвестициялыќ) пирамиданы жарнамалау,,,,,,,,,,,,,,,,,,,ALL,,,,,,,,,,,,,,,,,,,,,,1,0,,ALL,ALL,,,,,,,,,,,,,,,,,,,,,,,,,,,,,,,,,,,,,"05,06,09,11,01",,,,,2000,,2000,,600,,,,2,,2,01,,,,2022-09-11,542
ст.217-1 ч.2,2,5500,2,,1,2170102,FE1R10P1,Реклама финансовой (инвестиционной) пирамиды,Ќаржылыќ (инвестициялыќ) пирамиданы жарнамалау,"01,02,03",,,,,,01,,,02,,,,,,,03,,,,,,,,,,,,,,,,,,,,,,,,1,0,,ALL,ALL,,,,,,,,,,,,,,,,,,,,,,,,02,,01,,,,,,,,,03,,"11,01",,"05,06,",,,,,,,,,,,4,,4,"01,02",,,3,2022-09-11,543
ст.218 ч.1,3,7980,2,,1,2180001,FE1R10P1,Легализация (отмывание) денег и (или) иного имущес,Ќылмыстыќ жолмен алынєан аќшаны жјне (немесе) ґзге,,"NRK,",,,,,,,,,,,,,,,,,,,,,,,,,,,,,,,,,,,,,,,1,0,,ALL,ALL,,,,,,,,,,,,,,,,,,,,,,,,,,,,,,,,,,,,,"05,06,11,01",,,,,5000,,5000,,,,,,6,,6,01,,,,2022-09-03,544
ст.218 ч.1,2,5110,2,,1,2180001,FE1R10P1,Легализация (отмывание) денег и (или) иного имущес,Ќылмыстыќ жолмен алынєан аќшаны жјне (немесе) ґзге,,"NRK,",,,,,,,,,,,,,,,,,,,,,,,,,,,,,,,,,,,,,,,2,0,,ALL,ALL,,,,,,,,,,,,,,,,,,,,,,,,,,,,,,,,,,,,,"05,06,09,11,01",,,,,3000,,3000,,800,,,,3,,3,01,,,,2015-01-01,545
ст.218 ч.2,3,9490,2,,1,2180002,FE1R10P1,Легализация (отмывание) денег и (или) иного имущес,Ќылмыстыќ жолмен алынєан аќшаны жјне (немесе) ґзге,"01,02,03","NRK,",,,,,01,,,02,,,,,,,03,,,,,,,,,,,,,,,,,,,,,,,,1,0,,ALL,ALL,,,,,,,,,,,,,,,,,,,,,,,,02,,01,,,,,,,,,03,,"05,06,01",,,,3000,7000,3000,7000,,,,,,,3,7,01,,,,2022-09-03,546
ст.218 ч.2,2,7300,2,,1,2180002,FE1R10P1,Легализация (отмывание) денег и (или) иного имущес,Ќылмыстыќ жолмен алынєан аќшаны жјне (немесе) ґзге,"01,02,03","NRK,",,,,,01,,,02,,,,,,,03,,,,,,,,,,,,,,,,,,,,,,,,2,0,,ALL,ALL,,,,,,,,,,,,,,,,,,,,,,,,02,,01,,,,,,,,,03,,"05,06,09,11,01",,,,,5000,,5000,,1200,,,,5,,5,01,,,,2015-01-01,547
ст.218 ч.3,3,11760,2,,1,2180003,FE1R10P1,Легализация (отмывание) денег и (или) иного имущес,Ќылмыстыќ жолмен алынєан аќшаны жјне (немесе) ґзге,"01,02,03","KR,NRK,",01,,,,,02,,,,,,,,,,,03,,,,,,,,,,,,,,,,,,,,,,1,0,,ALL,ALL,,,,,,,,,,,,,,,,,,,,,,,,,,02,,,,,,,,,01,02,01,,"05,06,11,",,,,,,,,,,,,5,10,01,,,,2022-09-03,548
ст.218 ч.3,3,9220,2,,1,2180003,FE1R10P1,Легализация (отмывание) денег и (или) иного имущес,Ќылмыстыќ жолмен алынєан аќшаны жјне (немесе) ґзге,"01,02,03","KR,NRK,",01,,,,,02,,,,,,,,,,,03,,,,,,,,,,,,,,,,,,,,,,2,0,,ALL,ALL,,,,,,,,,,,,,,,,,,,,,,,,,,02,,,,,,,,,01,02,01,,"05,06,11,",,,,,,,,,,,,3,7,01,,,,2015-01-01,549
ст.218-1 ч.1,2,6680,2,,1,2180101,FE1R10P1,Сокрытие незаконно приобретенных активов от обраще,Заѕсыз иемденілген активтерді мемлекет кірісіне ай,,,,,,,,,,,,,,,,,,,,,,,,,,,,,,,,,,,,,,,,,1,0,,ALL,ALL,,,,,,,,,,,,,,,,,,,,,,,,,,,,,,,,,,,,,"05,06,11,01",,,,,3000,,3000,,,,,,5,,5,01,,,,2023-10-12,550
ст.218-1 ч.2,3,7990,2,,1,2180102,FE1R10P1,Сокрытие незаконно приобретенных активов от обраще,Заѕсыз иемденілген активтерді мемлекет кірісіне ай,,,,,,,,,,,,,,,,,,,,,,,,,,,,,,,,,,,,,,,,,1,0,,ALL,ALL,,,,,,,,,,,,,,,,,,,,,,,,,,,,,,,,,,,,,"05,06,11,01",,,,,5000,,5000,,,,,,6,,6,01,,,,2023-10-12,551
ст.218-1 ч.3,3,9500,2,,1,2180103,FE1R10P1,Сокрытие незаконно приобретенных активов от обраще,Заѕсыз иемденілген активтерді мемлекет кірісіне ай,"01,02,03",,,,,,01,,,02,,,,,,,03,,,,,,,,,,,,,,,,,,,,,,,,1,0,,ALL,ALL,,,,,,,,,,,,,,,,,,,,,,,,02,,01,,,,,,,,,03,,"05,06,01",,,,3000,7000,3000,7000,,,,,,,3,7,01,,,,2023-10-12,552
ст.218-1 ч.4,3,11570,2,,1,2180104,FE1R10P1,Сокрытие незаконно приобретенных активов от обраще,Заѕсыз иемденілген активтерді мемлекет кірісіне ай,"01,02,03",,01,,,,,02,,,,,,,,,,,03,,,,,,,,,,,,,,,,,,,,,,1,0,,ALL,ALL,,,,,,,,,,,,,,,,,,,,,,,,,,02,,,,,,,,,01,02,01,,"05,06,11,",,,,,,,,,,,,5,10,01,22,,,2023-10-12,553
ст.219 ч.1,1,3050,2,2,1,2190001,FE1R10P1,Незаконное получение кредита или нецелевое использ,Кредиттi заѕсыз алу немесе бюджеттік кредитті маќс,,,,,,,,,,,,,,,,,,,ALL,,,,,,,,,,,,,,,,,,,,,,1,0,,ALL,ALL,,,,,,,,,,,,,,,,,,,,,,,,,,,,,,,,,,,,,"05,06,09,11,01",,,,,2000,,2000,,600,,,,2,,2,,,,,2015-01-01,554
ст.219 ч.2,1,3060,2,,1,2190002,FE1R10P1,Незаконное получение кредита или нецелевое использ,Кредиттi заѕсыз алу немесе бюджеттік кредитті маќс,,,,,,,,,,,,,,,,,,,ALL,,,,,,,,,,,,,,,,,,,,,,1,0,,ALL,ALL,,,,,,,,,,,,,,,,,,,,,,,,,,,,,,,,,,,,,"05,06,09,11,01",,,,,2000,,2000,,600,,,,2,,2,,,,,2015-01-01,555
ст.220,1,3590,2,,1,2200001,FE1R10P1,"Нецелевое использование денег, полученных от разме",Облигацияларды орналастырудан алынєан аќшаны маќса,,,,,,,,,,,,,,,,,,,ALL,,,,,,,,,,,,,,,,,,,,,,1,0,,ALL,ALL,,,,,,,,,,,,,,,,,,,,,,,,,,,,,,,,,,,,,"05,06,09,11,01",,,,,2000,,2000,,600,,,,2,,2,,02,,5,2015-01-01,556
ст.221 ч.1,1,2220,2,,1,2210001,FE1R10P1,Монополистическая деятельность,Монополистiк ќызмет,,,,,,,,,,,,,,,,,,,ALL,,,,,,,,,,,,,,,,,,,,,,1,0,,ALL,ALL,,,NO,,,,,,,,,,,,,,,,,,,,,,,,,,,,,,,,,,"05,06,09,11,01",,,,,1000,,1000,,400,,,,1,,1,,,,,2015-01-01,557
ст.221 ч.2,2,5090,2,,1,2210002,FE1R10P1,Монополистическая деятельность,Монополистiк ќызмет,,,,,,,ALL -,,,ALL -,,,,,,,ALL -,,,,,,,,,,,,,,,,,,,,,,,,1,0,,ALL,ALL,,,NO,,,,,,,,,,,,,,,,,,,,,ALL,,,,,,,,,,,ALL,,"05,06,09,11,01",,,,,3000,,3000,,800,,,,3,,3,,"01,02",,3,2015-01-01,558
ст.221 ч.3,3,7940,2,,1,2210003,FE1R10P1,Монополистическая деятельность,Монополистiк ќызмет,"01,02",,,,,,,01,,,,,,,,,,,,,,,,,,,,,,,,,,,,,,,,,1,0,,ALL,ALL,,,02>,,,,,,,,,,,,,,,,,,,,,,,01,,,,,,,,,,01,"11,01",,"05,06,",,,,,,,,,,,6,,6,,01,,,2015-01-01,559
ст.222 ч.1,0,220,2,,2,2220001,FE1R10P1,Незаконное использование товарного знака,Тауар белгісін заѕсыз пайдалану,,1,,,,,,,,ALL -,ALL,,,,,,,,ALL -,,,,,,,,,,,,,,,,,,,,,,1,0,,ALL,ALL,,,,,,,,,,,,,,,,,,,,,,,,,,,,,,,,,,,,,"05,06,09,12",,,,,80,,80,,80,,20,,,,,,,,,2015-01-01,560
ст.293 ч.2,3,8340,,,1,2930002,FE1R10P1,Хулиганство,Бўзаќылыќ,"01,02,03,04",,,,,,01,,,02,,,,,,,03,,,,,,,,,,,,,,,,,,,,,,,,1,0,,,NO,,,,,,,,,,,,,,,,,,,,,,,,03,,01,,,,,,,,,,,"05,06,09,11,01",,,,3000,7000,3000,7000,,1200,,,3,6,3,6,,,,,2024-09-04,561
ст.223 ч.1,1,3070,2,2,1,2230001,FE1R10P1,"Незаконные получение и разглашение сведений, соста",Коммерциялыќ немесе банктiк ќўпияны ќўрайтын мјлiм,,,,,,,,,,,ALL,,,,,,,,,,,,,,,,,,,,,,,,,,,,,,1,0,,ALL,ALL,,,,,,,,,,,,,,,,,,,,,,,,,,,,,,,,,,,,,"05,06,09,11,01",,,,,2000,,2000,,600,,,,2,,2,,,,,2015-01-01,562
ст.223 ч.2,2,4670,2,2,1,2230002,FE1R10P1,"Незаконные получение и разглашение сведений, соста",Коммерциялыќ немесе банктiк ќўпияны ќўрайтын мјлiм,,,,,,,,,,,ALL,,,,,,,,ALL -,,,,,,,,,,,,,,,,,,,,,,1,0,,ALL,ALL,,,,,,,,,,,,,,,,,,,,,,,,,,,,,,,,,,,,,"05,06,09,11,01",,,,,3000,,3000,,800,,,,3,,3,,,,,2015-01-01,563
ст.223 ч.3,1,3670,2,2,1,2230003,FE1R10P1,"Незаконные получение и разглашение сведений, соста",Коммерциялыќ немесе банктiк ќўпияны ќўрайтын мјлiм,,,,,,,,,,,ALL,,,,,,,,,,,,,,,,,,,,,,,,,,,,,,1,0,,ALL,ALL,,,,,,,,,,,,,,,,,,,,,,,,,,,,,,,,,,,,,"05,06,09,11,01",,,,,2000,,2000,,600,,,,2,,2,02,,,3,2015-01-01,564
ст.223 ч.4,1,3740,2,2,1,2230004,FE1R10P1,"Незаконное получение и разглашение сведений, соста",Коммерциялыќ немесе банктiк ќўпияны ќўрайтын мјлiм,,,,,,,,,,,ALL,,,,,,,,,,,,,,,,,,,,,,,,,,,,,,1,0,,ALL,ALL,,,,,,,,,,,,,,,,,,,,,,,,,,,,,,,,,,,,,"05,06,09,11,01",,,,,2000,,2000,,600,,,,2,,2,02,,,3,2015-01-01,565
ст.224,2,4500,2,,1,2240001,FE1R10P1,Нарушение эмитентом порядка выпуска эмиссионных це,Эмитенттіѕ эмиссиялыќ баєалы ќаєаздар шыєару тјртi,,,,,,,,,,,,,,,,,,,ALL,,,,,,,,,,,,,,,,,,,,,,1,0,,ALL,ALL,,,,,,,,,,,,,,,,,,,,,,,,,,,,,,,,,,,,,"05,06,09,11,01",,,,,1000,,1000,,800,,,,3,,3,,,,,2015-01-01,566
ст.225,0,600,2,,2,2250001,FE1R10P1,Непредоставление информации либо представление зав,Баєалы ќаєаздар эмитентi лауазымды адамыныѕ аќпар,,1,,,,,,,,,,,,,,,,,ALL,,,,,,,,,,,,,,,,,,,,,,1,0,,ALL,ALL,,,,,,,,,,,,,,,,,,,,,,,,,,,,,,,,,,,,,"05,06,09,12",,,,,200,,200,,120,,40,,,,,,02,,3,2015-01-01,567
ст.226 ч.1,0,1960,2,,2,2260001,FE1R10P1,Внесение в реестр держателей ценных бумаг заведомо,Баєалы ќаєаздарды ўстаушылар тiзiлiмiне кґрiнеу жа,,1,,,,,,,,,,,,,,,,,,,,,,,,,,,,,,,,,,,,,,,1,0,,ALL,ALL,,,,,,,,,,,,,,,,,,,,,,,,,,,,,,,,,,,,,"05,06,09,12",,,,,200,,200,,200,,50,,,,,02,,,3,2015-01-01,568
ст.226 ч.2,1,3680,2,,1,2260002,FE1R10P1,Внесение в реестр держателей ценных бумаг заведомо,Баєалы ќаєаздарды ўстаушылар тiзiлiмiне кґрiнеу жа,,,,,,,,,,,,,,,,,,,ALL,,,,,,,,,,,,,,,,,,,,,,1,0,,ALL,ALL,,,,,,,,,,,,,,,,,,,,,,,,,,,,,,,,,,,,,"05,06,09,11,01",,,,,2000,,2000,,600,,,,2,,2,02,,,3,2015-01-01,569
ст.227,0,610,2,,2,2270001,FE1R10P1,Представление заведомо ложных сведений профессиона,Баєалы ќаєаздар нарыєы кјсiби ќатысушыларыныѕ кґрi,,1,,,,,,,,,,,,,,,,,ALL,,,,,,,,,,,,,,,,,,,,,,1,0,,ALL,ALL,,,,,,,,,,,,,,,,,,,,,,,,,,,,,,,,,,,,,"05,06,09,12",,,,,200,,200,,120,,40,,,,,,02,,3,2015-01-01,570
ст.228 ч.1,0,1830,2,,2,2280001,FE1R10P1,Нарушение правил проведения операций с ценными бум,Баєалы ќаєаздармен операциялар жїргiзу ќаєидаларын,,1,,,,,,,,,,,,,,,,,ALL,,,,,,,,,,,,,,,,,,,,,,1,0,,ALL,ALL,,,,,,,,,,,,,,,,,,,,,,,,,,,,,,,,,,,,,"05,06,09,12",,,,,200,,200,,200,,50,,,,,,02,,3,2015-01-01,571
ст.228 ч.2,2,5220,2,,1,2280002,FE1R10P1,Нарушение правил проведения операций с ценными бум,Баєалы ќаєаздармен операциялар жїргiзу ќаєидаларын,,,,,,,ALL,,,ALL -,,,,,,,,,,,,,,,,,,,,,,,,,,,,,,,1,0,,ALL,ALL,,,,,,,,,,,,,,,,,,,,,,,,ALL,,ALL,,,,,,,,,,,"05,06,09,11,01",,,,,3000,,3000,,800,,,,3,,3,02,,,3,2015-01-01,572
ст.228 ч.3,2,6480,2,,1,2280003,FE1R10P1,Нарушение правил проведения операций с ценными бум,Баєалы ќаєаздармен операциялар жїргiзу ќаєидаларын,,,,,,,,ALL,,,,,,,,,,,,,,,,,,,,,,,,,,,,,,,,,1,0,,ALL,ALL,,,,,,,,,,,,,,,,,,,,,,,,,,ALL,,,,,,,,,,ALL,"11,01",,"05,06,09,",,,,,,,,,,,5,,5,,,,,2015-01-01,573
ст.229 ч.1,0,1840,2,,2,2290001,FE1R10P1,Манипулирование на рынке ценных бумаг,Баєалы ќаєаздар нарыєында айла-шарєы жасау,,,,,,,,,,,,,,,,,,,,,,,,,,,,,,,,,,,,,,,,,1,0,,ALL,ALL,,,,,,,,,,,,,,,,,,,,,,,,,,,,,,,,,,,,,"05,06,09,12",,,,,200,,200,,200,,50,,,,,,02,,3,2015-01-01,574
ст.229 ч.2,1,3560,2,,1,2290002,FE1R10P1,Манипулирование на рынке ценных бумаг,Баєалы ќаєаздар нарыєында айла-шарєы жасау,"01,02,03.",,,,,,03,,,01,,,,,,,,,02,,,,,,,,,,,,,,,,,,,,,,1,0,,ALL,ALL,,,,,,,,,,,,,,,,,,,,,,,,01,,ALL,,,,,,,,,,,"05,06,09,11,01",,,,,2000,,2000,,600,,,,2,,2,,"01,02",,3,2015-01-01,575
ст.229 ч.3,2,6590,2,,1,2290003,FE1R10P1,Манипулирование на рынке ценных бумаг,Баєалы ќаєаздар нарыєында айла-шарєы жасау,,,,,,,,ALL,,,,,,,,,,,,,,,,,,,,,,,,,,,,,,,,,1,0,,ALL,ALL,,,,,,,,,,,,,,,,,,,,,,,,,,ALL,,,,,,,,,,ALL,"11,01",,"05,06,09",,,,,,,,,,,5,,5,01,,,,2015-01-01,576
ст.230 ч.1,0,1850,2,,2,2300001,FE1R10P1,Незаконные действия в отношении инсайдерской инфор,Инсайдерлік аќпаратќа ќатысты заѕсыз јрекеттер,,,,,,,,,,,,,,,,,,,,,,,,,,,,,,,,,,,,,,,,,1,0,,ALL,ALL,,,,,,,,,,,,,,,,,,,,,,,,,,,,,,,,,,,,,"05,06,09,12",,,,,200,,200,,200,,50,,,,,,02,,3,2015-01-01,577
ст.230 ч.2,1,3570,2,,1,2300002,FE1R10P1,Незаконные действия в отношении инсайдерской инфор,Инсайдерлік аќпаратќа ќатысты заѕсыз јрекеттер,"01,02,03.",,,,,,01,,,,,,,,,,03,,02,,,,,,,,,,,,,,,,,,,,,,1,0,,ALL,ALL,,,,,,,,,,,,,,,,,,,,,,,,,,01,,,,,,,,,03,,"05,06,09,11,01",,,,,2000,,2000,,600,,,,2,,2,,"01,02",,3,2015-01-01,578
ст.230 ч.3,2,6600,2,,1,2300003,FE1R10P1,Незаконные действия в отношении инсайдерской инфор,Инсайдерлік аќпаратќа ќатысты заѕсыз јрекеттер,,,,,,,,,,,,,,,,,,,,,,,,,,,,,,,,,,,,,,,,,1,0,,ALL,ALL,,,,,,,,,,,,,,,,,,,,,,,,,,ALL,,,,,,,,,,ALL,"11,01",,"05,06,",,,,,,,,,,,5,,5,01,,,,2015-01-01,579
ст.231 ч.1,2,6220,2,,1,2310001,FE1R10P1,"Изготовление, хранение, перемещение или сбыт подде","Жалєан аќша немесе баєалы ќаєаздар жасау, саќтау,",,,,,,,,,,,,,,,,,,,,,,,,,,,,,,,,,,,,,,,,,1,0,,ALL,ALL,,,,,,,,,,,,,,,,,,,,,,,,,,,,,,,,,,,,,01,,"05,06,11,",,,,,,,,,,,,,5,,01,,,2015-01-01,580
ст.231 ч.2,3,11630,2,,1,2310002,FE1R10P1,"Изготовление, хранение, перемещение или сбыт подде","Жалєан аќша немесе баєалы ќаєаздар жасау, саќтау,","01,02,03,04.",,,,,,01,,,02,,,,,,,,,03,,,,,,,,,,,,,,,,,,,,,,1,0,,ALL,ALL,,,,,,,,,,,,,,,,,,,,,,,,02,,01,,,,,,,,,,,01,,"05,06,11,",,,,,,,,,,,,5,10,01,,,,2015-01-01,581
ст.231 ч.3,3,12960,2,,1,2310003,FE1R10P1,"Изготовление, хранение, перемещение или сбыт подде","Жалєан аќша немесе баєалы ќаєаздар жасау, саќтау,",,,,,,,,,,,,,,,,,,,,,,,,,,,,,,,,,,,,,,,,,1,0,,,,,,,,,,,,,,,,,,,,,,,,,,,,,ALL,,,,,,,,,,ALL,01,,"05,06,11,",,,,,,,,,,,,8,12,01,,,,2015-01-01,582
ст.232 ч.1,2,4050,2,,1,2320001,FE1R10P1,Изготовление или сбыт поддельных платежных карточе,Жалєан тґлем карточкалары мен ґзге де тґлем жјне е,,,,,,,,,,,,,,,,,,,ALL,,,,,,,,,,,,,,,,,,,,,,1,0,,ALL,ALL,,,,,,,,,,,,,,,,,,,,,,,,,,,,,,,,,,,,,01,,"05,06,11,",,,,,,,,,,,,,3,01,,,,2015-01-01,583
ст.232 ч.2,3,9920,2,,1,2320002,FE1R10P1,Изготовление или сбыт поддельных платежных карточе,Жалєан тґлем карточкалары мен ґзге де тґлем жјне е,,,,,,,,,,,,,,,,,,,,,,,,,,,,,,,,,,,,,,,,,1,0,,ALL,ALL,,,,,,,,,,,,,,,,,,,,,,,,ALL,,ALL,,,,,,,,,,ALL,01,,"05,06,11,",,,,,,,,,,,,4,7,01,,,,2015-01-01,584
ст.293 ч.3,3,10030,,,1,2930003,FE1R10P1,Хулиганство,Бўзаќылыќ,,,,,,,,,,,,,,,,,,,,,,,,,,,,,,,,,,,,,,,,,1,0,,,NO,,,,,,,,,,,,,,,,,,,,,,,,,,ALL,,,,,,,,,,ALL,01,,"05,06,11,",,,,,,,,,,,,5,7,,,,,2024-09-04,585
ст.232-1 ч.1,0,1240,2,,2,2320101,FE1R10P1,"Незаконное предоставление, передача и приобретение","Банктік шотќа, тґлем ќўралына немесе сјйкестендіру",,,,,,,,,,,,,,,,,,,ALL,,,,,,,,,,,,,,,,,,,,,,1,0,,ALL,ALL,,,,,,,,,,,,,,,,,,,,,,,,,,,,,,,,,,,,,"05,06,12",,,,,160,,160,,,,50,,,,,01,,,,2025-09-16,586
ст.232-1 ч.2,1,3950,2,,1,2320102,FE1R10P1,"Незаконное предоставление, передача и приобретение","Банктік шотќа, тґлем ќўралына немесе сјйкестендіру",,,,,,,,,,,,,,,,,,,ALL,,,,,,,,,,,,,,,,,,,,,,1,0,,ALL,ALL,,,,,,,,,,,,,,,,,,,,,,,,,,,,,,,,,,,,,"05,06,09,11,01",,,,,3000,,3000,,1000,,,,2,,2,01,,,,2025-09-16,587
ст.232-1 ч.3,2,5410,2,,1,2320103,FE1R10P1,"Незаконное предоставление, передача и приобретение","Банктік шотќа, тґлем ќўралына немесе сјйкестендіру",,,,,,,,,,,,,,,,,,,ALL,,,,,,,,,,,,,,,,,,,,,,1,0,,ALL,ALL,,,,,,,,,,,,,,,,,,,,,,,,,,,,,,,,,,,,,"05,06,09,11,01",,,,,4000,,4000,,1000,,,,3,,3,01,,,,2025-09-16,588
ст.232-1 ч.4,1,2630,2,,1,2320104,FE1R10P1,"Незаконное предоставление, передача и приобретение","Банктік шотќа, тґлем ќўралына немесе сјйкестендіру",,,,,,,,,,,,,,,,,,,ALL,,,,,,,,,,,,,,,,,,,,,,1,0,,ALL,ALL,,,,,,,,,,,,,,,,,,,,,,,,,,,,,,,,,,,,,"05,06,11,01",,,,,2000,,2000,,,,,,2,,2,01,,,,2025-09-16,589
ст.232-1 ч.5,2,5140,2,,1,2320105,FE1R10P1,"Незаконное предоставление, передача и приобретение","Банктік шотќа, тґлем ќўралына немесе сјйкестендіру",,,,,,,,,,,,,,,,,,,ALL,,,,,,,,,,,,,,,,,,,,,,1,0,,ALL,ALL,,,,,,,,,,,,,,,,,,,,,,,,,,,,,,,,,,,,,"05,06,09,11,01",,,,,3000,,3000,,800,,,,3,,3,01,,,,2025-09-16,590
ст.232-1 ч.6,2,7360,2,,1,2320106,FE1R10P1,"Незаконное предоставление, передача и приобретение","Банктік шотќа, тґлем ќўралына немесе сјйкестендіру",,,,,,,,,,,,,,,,,,,ALL,,,,,,,,,,,,,,,,,,,,,,1,0,,ALL,ALL,,,,,,,,,,,,,,,,,,,,,,,,,,,,,,,,,,,,,"05,06,09,11,01",,,,,5000,,5000,,1200,,,,5,,5,01,,,,2025-09-16,591
ст.232-1 ч.7,3,9670,2,,1,2320107,FE1R10P1,"Незаконное предоставление, передача и приобретение","Банктік шотќа, тґлем ќўралына немесе сјйкестендіру",,,,,,,,,,,,,,,,,,,ALL,,,,,,,,,,,,,,,,,,,,,,1,0,,ALL,ALL,,,,,,,,,,,,,,,,,,,,,,,,,,,,,,,,,,,,,"11,01",,,,,,,,,,,,3,7,3,7,01,,,,2025-09-16,592
ст.233 ч.1,1,2290,2,,1,2330001,FE1R10P1,Нарушение порядка и правил маркировки подакцизных,Акцизделетiн тауарларды акциздiк маркалармен жјне,,,,,,,,,,,,,,,,,,,,,,,,,,,,,,,,,,,,,,,,,1,0,,ALL,ALL,,,,,,,,,,,,,,,,,,,,,,,,,,,,,,,,,,,,,"05,06,09,11,01",,,,,1000,,1000,,400,,,,1,,1,,"01,02",,3,2015-01-01,593
ст.233 ч.2,1,3580,2,,1,2330002,FE1R10P1,Нарушение порядка и правил маркировки подакцизных,Акцизделетiн тауарларды акциздiк маркалармен жјне,,,,,,,,,,,,,,,,,,,,,,,,,,,,,,,,,,,,,,,,,1,0,,,,,,,,,,,,,,,,,,,,,,,,,,,,,,,,,,,,,,,,"05,06,09,11,01",,,,,2000,,2000,,600,,,,2,,2,,"01,02",,3,2015-01-01,594
ст.233-1 ч.1,0,970,2,,2,2330101,FE1R10P1,"Транспортировка, приобретение, реализация, хранени",Мўнайдыѕ жјне мўнай ґнiмдерiніѕ шыєарылу заѕдылыєы,,,,,,,,,,,,,,,,,,,,,,,,,,,,,,,,,,,,,,,,,1,0,,ALL,ALL,,,,,,,,,,,,,,,,,,,,,,,,,,,,,,,,,,,,,"05,06,09,12",,,,,160,,160,,160,,40,,,,,,,,,2025-09-16,595
ст.233-1 ч.2,0,1740,2,,2,2330102,FE1R10P1,"Транспортировка, приобретение, реализация, хранени",Мўнайдыѕ жјне мўнай ґнiмдерiніѕ шыєарылу заѕдылыєы,,,,,,,,,,,,,,,,,,,,,,,,,,,,,,,,,,,,,,,,,1,0,,ALL,ALL,,,,,,,,,,,,,,,,,,,,,,,,ALL,,,,,,,,,,,,,"05,06,09,12",,,,,200,,200,,200,,50,,,,,,,,,2025-09-16,596
ст.233-1 ч.3,2,4880,2,,1,2330103,FE1R10P1,"Транспортировка, приобретение, реализация, хранени",Мўнайдыѕ жјне мўнай ґнiмдерiніѕ шыєарылу заѕдылыєы,,,,,,,,,,,,,,,,,,,,,,,,,,,,,,,,,,,,,,,,,1,0,,ALL,ALL,,,,,,,,,,,,,,,,,,,,,,,,,,02,,,,,,,,,,,"05,06,09,11,01",,,,,3000,,3000,,800,,,,3,,3,,01,,,2025-09-16,597
ст.233-1 ч.4,3,8230,2,,1,2330104,FE1R10P1,"Транспортировка, приобретение, реализация, хранени",Мўнайдыѕ жјне мўнай ґнiмдерiніѕ шыєарылу заѕдылыєы,"01,02",,,,,,,,,,,,,,,,,,,,,,,,,,,,,,,,,,,,,,,,1,0,,ALL,ALL,,,,,,,,,,,,,,,,,,,,,,,,,,01,,,,,,,,,,01,01,,,,,,,,,,,,,,3,6,,01,,,2025-09-16,598
ст.234 ч.1,0,320,2,,2,2340001,FE1R10P1,Экономическая контрабанда,Экономикалыќ контрабанда,,1,,,,,,,,,,,,,,,,,ALL,,,,,,,,,,,,,,,,,,,,,,1,0,,ALL,ALL,,,,,,,,,,,,,,,,,,,,,,,,,,,,,,,,,,,,,"05,06,09,12",,,,,80,,80,,80,,20,,,,,,01,,,2015-01-01,599
ст.234 ч.2,2,5130,2,,1,2340002,FE1R10P1,Экономическая контрабанда,Экономикалыќ контрабанда,"01,02,03,04,05",,,,,,05,,,01,,,,,,,02,,,04,,,,,,,,,,,,,,,,,,,,,1,0,,ALL,ALL,,,03,,,,,,,,,,,,,,,,,,,,,01,,,,,,,,,,,02,,"05,06,09,11,01",,,,,3000,,3000,,800,,,,3,,3,01,,,,2015-01-01,600
ст.234 ч.3,3,10470,2,,1,2340003,FE1R10P1,Экономическая контрабанда,Экономикалыќ контрабанда,"01,02.","KR,",,,,,,02,,,,,,,,,,,,,,,,,,,,,,,,,,,,,,,,,1,0,,ALL,ALL,,,,,,,,,,,,,,,,,,,,,,,,,,,,,,,,,,,01,02,01,,"05,06,11,",,,,,,,,,,,,3,8,01,,,,2015-01-01,601
ст.235 (исключена),2,7180,2,,1,2350001,FE1R10P1,Невыполнение требования репатриации национальной и,Ўлттыќ валютаны жјне (немесе) шетел валютасын репа,,,,,,,,,,,,,,,,,,,ALL,,,,,,,,,,,,,,,,,,,,,,3,0,,ALL,ALL,,,,,,,,,,,,,,,,,,,,,,,,,,,,,,,,,,,,,"05,06,09,11,01",,,,,5000,,5000,,1200,,,,5,,5,,,,,2023-07-24,602
ст.235 (исключена),2,7050,2,,1,2350001,FE1R10P1,Невыполнение требования репатриации национальной и,Ўлттыќ валютаны жјне (немесе) шетел валютасын репа,,,,,,,,,,,,,,,,,,,ALL,,,,,,,,,,,,,,,,,,,,,,2,0,,ALL,ALL,,,,,,,,,,,,,,,,,,,,,,,,,,,,,,,,,,,,,"05,06,09,11,01",,,,,5000,,5000,,1200,,,,5,,5,,,,,2015-01-01,603
ст.235-1 ч.1,2,6650,2,,1,2350101,FE1R10P1,"Незаконный вывоз, пересылка и перевод из Республик",Валюталыќ ќўндылыќтарды Ќазаќстан Республикасынан,,,,,,,,,,,,,,,,,,,ALL,,,,,,,,,,,,,,,,,,,,,,1,0,,ALL,ALL,,,,,,,,,,,,,,,,,,,,,,,,,,,,,,,,,,,,,"05,11,01",,,,50xK,50xK,,,,,,,,5,,5,,,,,2023-10-12,604
ст.235-1 ч.2,3,8460,2,,1,2350102,FE1R10P1,"Незаконный вывоз, пересылка и перевод из Республик",Валюталыќ ќўндылыќтарды Ќазаќстан Республикасынан,,,,,,,,,,,,,,,,,,,ALL,,,,,,,,,,,,,,,,,,,,,,1,0,,ALL,ALL,,,,,,,,,,,,,,,,,,,,,,,,,,,,,,,,,,,,,"11,01",,,,,,,,,,,,,7,,7,,,,,2023-10-12,605
ст.235-1 ч.3,3,12920,2,,1,2350103,FE1R10P1,"Незаконный вывоз, пересылка и перевод из Республик",Валюталыќ ќўндылыќтарды Ќазаќстан Республикасынан,,,,,,,,,,,,,,,,,,,ALL,,,,,,,,,,,,,,,,,,,,,,1,0,,ALL,ALL,,,,,,,,,,,,,,,,,,,,,,,,,,,,,,,,,,,,,"11,01",,,,,,,,,,,,7,12,7,12,,,,,2023-10-12,606
ст.236 ч.1,0,240,2,,2,2360001,FE1R10P1,"Уклонение от уплаты таможенных пошлин, таможенных","Кедендік баждарды, кедендік алымдарды, салыќтарды,",,,,,,,,,,,,,,,,,,,ALL,,,,,,,,,,,,,,,,,,,,,,1,0,,ALL,ALL,,,,,,,,,,,,,,,,,,,,,,,,,,,,,,,,,,,,,"05,06,09,12",,,,,80,,80,,80,,20,,,,,,,,,2015-01-01,607
ст.236 ч.2,1,2230,2,,1,2360002,FE1R10P1,"Уклонение от уплаты таможенных пошлин, таможенных","Кедендік баждарды, кедендік алымдарды, салыќтарды,",,,,,,,,,,,,,,,,,,,,,,,,,,,,,,,,,,,,,,,,,1,0,,,,,,,,,,,,,,,,,,,,,,,,,,,,,,,,,,,,,,ALL,,"05,06,09,11,01",,,,,1000,,1000,,400,,,,1,,1,,,,,2015-01-01,608
ст.236 ч.3,2,7590,2,,1,2360003,FE1R10P1,"Уклонение от уплаты таможенных пошлин, таможенных","Кедендік баждарды, кедендік алымдарды, салыќтарды,",,,,,,,,,,,,,,,,,,,,,,,,,,,,,,,,,,,,,,,,,1,0,,,,,,,,,,,,,,,,,,,,,,,,,,,,,ALL,,,,,,,,,,ALL,01,,"05,06,11,",,,,,,,,,,,,2,5,,,,,2015-01-01,609
ст.237 ч.1,1,3690,2,,1,2370001,FE1R10P1,Неправомерные действия при реабилитации и банкротс,Оѕалту жјне банкроттыќ кезіндегі ќўќыќќа сыйымсыз,,1,,,,,,,,,,,,,,,,,ALL,,,,,,,,,,,,,,,,,,,,,,1,0,,ALL,ALL,,,,,,,,,,,,,,,,,,,,,,,,,,,,,,,,,,,,,"05,06,09,11,01",,,,,2000,,2000,,600,,,,2,,2,02,,,3,2015-01-01,610
ст.237 ч.2,1,3700,2,,1,2370002,FE1R10P1,Неправомерные действия при реабилитации и банкротс,Оѕалту жјне банкроттыќ кезіндегі ќўќыќќа сыйымсыз,,,,,,,,,,,,,,,,,,,,,,,,,,,,,,,,,,,,,,,,,1,0,,ALL,ALL,,,,,,,,,,,,,,,,,,,,,,,,,,,,,,,,,,,,,"05,06,09,11,01",,,,,2000,,2000,,600,,,,2,,2,02,,,3,2015-01-01,611
ст.238 ч.1,2,5230,2,,1,2380001,FE1R10P1,Преднамеренное банкротство,Јдейi банкроттыќ,,,,,,,,,,,,,,,,,,,ALL,,,,,,,,,,,,,,,,,,,,,,1,0,,ALL,ALL,,,,,,,,,,,,,,,,,,,,,,,,,,,,,,,,,,,,,"05,06,09,11,01",,,,,3000,,3000,,800,,,,3,,3,02,,,3,2015-01-01,612
ст.238 ч.2,2,5180,2,,1,2380002,FE1R10P1,Преднамеренное банкротство,Јдейi банкроттыќ,,,,,,,,,,,,,,,,,,,ALL,,,,,,,,,,,,,,,,,,,,,,1,0,,ALL,ALL,,,,,,,,,,,,,,,,,,,,,,,,,,,,,,,,,,,,,"05,06,09,11,01",,,,,3000,,3000,,800,,,,3,,3,02,,5,,2015-01-01,613
ст.239 ч.1,0,620,2,,2,2390001,FE1R10P1,Доведение до неплатежеспособности,Тґлем ќабiлетсiздiгiне дейiн жеткiзу,,1,,,,,,,,,,,,,,,,,ALL,,,,,,,,,,,,,,,,,,,,,,1,0,,ALL,ALL,,,,,,,,,,,,,,,,,,,,,,,,,,,,,,,,,,,,,"05,06,09,12",,,,,200,,200,,120,,40,,,,,02,,,3,2015-01-01,614
ст.239 ч.2,3,9730,2,,1,2390002,FE1R10P1,Доведение до неплатежеспособности,Тґлем ќабiлетсiздiгiне дейiн жеткiзу,,1,,,,,,,,,,,,,,,,,,,,,,,,,,,,,,,,,,,,,,,1,0,,,,,,,,,,,,,,,,,,,,,,,,,,,,,,,,,,,,,,,,"11,01",,"05,06,09,",,,,,,,,,,3,7,3,7,"01,02,22",,5,,2020-01-11,615
ст.239 ч.2,2,5330,2,,1,2390002,FE1R10P1,Доведение до неплатежеспособности,Тґлем ќабiлетсiздiгiне дейiн жеткiзу,,1,,,,,,,,,,,,,,,,,,,,,,,,,,,,,,,,,,,,,,,2,0,,,,,,,,,,,,,,,,,,,,,,,,,,,,,,,,,,,,,,,,"05,06,09,11,01",,,,,3000,,3000,,800,,,,3,,3,02,,,5,2015-01-01,616
ст.239 ч.3 (исключена),2,5190,2,,1,2390003,FE1R10P1,(Исключена) Доведение до неплатежеспособности,Тґлем ќабiлетсiздiгiне дейiн жеткiзу,,1,,,,,,,,,,,,,,,,,,,,,,,,,,,,,,,,,,,,,,,2,0,,,,,,,,,,,,,,,,,,,,,,,,,,,,,,,,,,,,,,,,"05,06,09,11,01",,,,,3000,,3000,,800,,,,3,,3,02,,5,,2015-01-01,617
ст.239 ч.3 (исключена),2,5200,2,,1,2390003,FE1R10P1,(Исключена) Доведение до неплатежеспособности,Тґлем ќабiлетсiздiгiне дейiн жеткiзу,,1,,,,,,,,,,,,,,,,,,,,,,,,,,,,,,,,,,,,,,,3,0,,,,,,,,,,,,,,,,,,,,,,,,,,,,,,,,,,,,,,,,"05,06,09,11,01",,,,,3000,,3000,,800,,,,3,,3,02,,5,,2014-01-01,618
ст.240,1,3770,2,,1,2400001,FE1R10P1,Ложное банкротство,Жалєан банкроттыќ,,1,,,,,,,,,,,,,,,,,ALL,,,,,,,,,,,,,,,,,,,,,,1,0,,ALL,ALL,,,,,,,,,,,,,,,,,,,,,,,,,,,,,,,,,,,,,"05,06,09,11,01",,,,,2000,,2000,,600,,,,2,,2,02,,,5,2015-01-01,619
ст.241,0,330,2,,2,2410001,FE1R10P1,Нарушение законодательства Республики Казахстан о,Ќазаќстан Республикасыныѕ бухгалтерлiк есеп пен ќа,,,,,,,,,,,,,,,,,,,ALL,,,,,,,,,,,,,,,,,,,,,,1,0,,ALL,ALL,,,,,,,,,,,,,,,,,,,,,,,,,,,,,,,,,,,,,"05,06,09,12",,,,,80,,80,,80,,20,,,,,02,,,5,2015-01-01,620
ст.242,0,630,2,,2,2420001,FE1R10P1,Представление заведомо ложных сведений о банковски,Банк операциялары туралы кґрiнеу жалєан мјлiметтер,,1,,,,,,,,,,,,,,,,,ALL,,,,,,,,,,,,,,,,,,,,,,1,0,,ALL,ALL,,,,,,,,,,,,,,,,,,,,,,,,,,,,,,,,,,,,,"05,06,09,12",,,,,200,,200,,120,,40,,,,,02,,,3,2015-01-01,621
ст.243 ч.1,2,5240,2,,1,2430001,FE1R10P1,Незаконное использование денег банка,Банктiѕ аќшасын заѕсыз пайдалану,,,,,,,,,,,,,,,,,,,ALL,,,,,,,,,,,,,,,,,,,,,,1,0,,ALL,ALL,,,,,,,,,,,,,,,,,,,,,,,,,,,,,,,,,,,,,"05,06,09,11,01",,,,,3000,,3000,,800,,,,3,,3,02,,,3,2015-01-01,622
ст.243 ч.2,0,640,2,,2,2430002,FE1R10P1,Незаконное использование денег банка,Банктiѕ аќшасын заѕсыз пайдалану,,,,,,,,,,,,,,,,,,,,,,,,,,,,,,,,,,,,,,,,,1,0,,ALL,ALL,,,,,,,,,,,,,,,,,,,,,,,,,,,,,,,,,,,,,"05,06,09,12",,,,,200,,200,,120,,40,,,,,02,,,3,2015-01-01,623
ст.244 ч.1,0,2060,2,,2,2440001,FE1R10P1,Уклонение гражданина от уплаты налога и (или) друг,Азаматтыѕ салыќ жјне (немесе) бюджетке тґленетiн б,,1,,,,,,,,,,,,,,,,,,,,,,,,,,,,,,,,,,,,,,,2,0,,ALL,ALL,,,,,,,,,,,,,,,,,,,,,,,,,,,,,,,,,,,,,"05,06,09,12",,,,,500,,500,,300,,90,,,,,,,,,2015-01-01,624
ст.244 ч.1,2,4810,2,,1,2440001,FE1R10P1,Уклонение гражданина от уплаты налога и (или) друг,Азаматтыѕ салыќ жјне (немесе) бюджетке тґленетiн б,,1,,,,,,,,,,,,,,,,,,,,,,,,,,,,,,,,,,,,,,,1,0,,ALL,ALL,,,,,,,,,,,,,,,,,,,,,,,,,,,,,,,,,,,,,"05,06,09,11,01",,,,,3000,,3000,,800,,,,3,,3,,,,,2017-07-14,625
ст.244 ч.2,2,4320,2,,1,2440002,FE1R10P1,(Исключена) Уклонение гражданина от уплаты налога,Азаматтыѕ салыќ жјне (немесе) бюджетке тґленетiн б,,1,,,,,,,,,,,,,,,,,,,,,,,,,,,,,,,,,,,,,,,3,0,,,,,,,,,,,,,,,,,,,,,,,,,,,,,,,,,,,,,,,,"05,06,11,01",,,,,3000,,3000,,,,,,3,,3,,,,,2017-07-14,626
ст.244 ч.2,2,4280,2,,1,2440002,FE1R10P1,Уклонение гражданина от уплаты налога и (или) друг,Азаматтыѕ салыќ жјне (немесе) бюджетке тґленетiн б,,1,,,,,,,,,,,,,,,,,,,,,,,,,,,,,,,,,,,,,,,2,0,,,,,,,,,,,,,,,,,,,,,,,,,,,,,,,,,,,,,,,,"05,06,11,01",,,,,3000,,3000,,,,,,3,,3,,,,,2015-01-01,627
ст.245 ч.1,2,4590,2,,1,2450001,FE1R10P1,Уклонение от уплаты налога и (или) других обязател,Ўйымдарєа салынатын салыќты жјне (немесе) бюджетке,,1,,,,,,,,,,,,,,,,,,,,,,,,,,,,,,,,,,,,,,,1,0,,ALL,ALL,,,,,,,,,,,,,,,,,,,,,,,,,,,,,,,,,,,,,"05,06,09,11,01",,,,,2000,,2000,,800,,,,3,,3,02,,,3,2015-01-01,628
ст.245 ч.2,2,5860,2,,1,2450002,FE1R10P1,Уклонение от уплаты налога и (или) других обязател,Ўйымдарєа салынатын салыќты жјне (немесе) бюджетке,"01,02",1,,,,,02,,,ALL,,,,,,,,,,,,,,,,,,,,,,,,,,,,,,,1,0,,ALL,ALL,,,,,,,,,,,,,,,,,,,,,,,,,,02,,,,,,,,,,,"05,06,09,11,01",,,,,4000,,4000,,1000,,,,4,,4,02,,,3,2015-01-01,629
ст.245 ч.3,3,10740,2,,1,2450003,FE1R10P1,Уклонение от уплаты налога и (или) других обязател,Ўйымдарєа салынатын салыќты жјне (немесе) бюджетке,,,,,,,,,,,,,,,,,,,ALL -,,,,,,,,,,,,,,,,,,,,,,1,0,,ALL,ALL,,,,,,,,,,,,,,,,,,,,,,,,,,ALL,,,,,,,,,,ALL,"01,05",,"06,11,09",,2xK,3xK,,,,,,,,,5,8,02,,,3,2015-01-01,630
ст.246,0,1600,2,,2,2460001,FE1R10P1,"Незаконные действия в отношении имущества, огранич",Салыќ тґлеушiнiѕ салыќ берешегi есебіне билiк ету,,,,,,,,,,,ALL,,,,,,,,,,,,,,,,,,,,,,,,,,,,,,1,0,,ALL,ALL,,,,,,,,,,,,,,,,,,,,,,,,,,,,,,,,,,,,,"05,06,09,12",,,,,200,,200,,200,,50,,,,,,,,,2015-01-01,631
ст.247 ч.1,0,250,2,3,2,2470001,FE1R10P1,Получение незаконного вознаграждения,Заѕсыз сыйаќы алу,,,,,,,,,,,,,,,,,,,,,,,,,,,,,,,,,,,,,,,,,1,0,,ALL,ALL,,,,,,,,,,,,,,,,,,,,,,,,,,,,,,,,,,,,,"05,06,09,12",,,,,80,,80,,80,,20,,,,,,,,,2015-01-01,632
ст.247 ч.2,0,420,2,3,2,2470002,FE1R10P1,Получение незаконного вознаграждения,Заѕсыз сыйаќы алу,,,,,,,,,,,,,,,,,,,,,,,,,,,,,,,,,,,,,,,,,1,0,,ALL,ALL,,,,,,,,,,,,,,,,,,,,,,,,ALL,,,,,,,,,,,,,"05,06,09,12",,,,,120,,120,,120,,30,,,,,,,,,2015-01-01,633
ст.247 ч.3,1,3750,2,3,1,2470003,FE1R10P1,Получение незаконного вознаграждения,Заѕсыз сыйаќы алу,,,,,,,,,,,,,,,,,,,,,,,,,,,,,,,,,,,,,,,,,1,0,,ALL,ALL,,,,,,,,,,,,,,,,,,,,,,,,,,,,,,,,,,,,,"05,06,09,11,01",,,,,2000,,2000,,600,,,,2,,2,02,01,,3,2015-01-01,634
ст.248 ч.1,1,3080,,2,1,2480001,FE1R10P1,Принуждение к совершению сделки или к отказу от ее,Мјмiле жасауєа немесе оны жасаудан бас тартуєа мјж,,,,,,,,,,,,,,,,,,,,,,,,,,,,,,,,,,,,,,,,,1,0,,ALL,ALL,,,,,,,,,,,,,,,,,,,,,,,,,,,,,,,,,,,,,"05,06,09,11,01",,,,,2000,,2000,,600,,,,2,,2,,,,,2015-01-01,635
ст.248 ч.2,2,4680,,,1,2480002,FE1R10P1,Принуждение к совершению сделки или к отказу от ее,Мјмiле жасауєа немесе оны жасаудан бас тартуєа мјж,"01,02",,,,,,,,,01,,,,,,,,,,,,,,,,,,,,,,,,,,,,,,,1,0,,ALL,ALL,,,02,,,,,,,,,,,,,,,,,,,,,01,,,,,,,,,,,,,"05,06,09,11,01",,,,,3000,,3000,,800,,,,3,,3,,,,,2015-01-01,636
ст.248 ч.3,3,8140,,,1,2480003,FE1R10P1,Принуждение к совершению сделки или к отказу от ее,Мјмiле жасауєа немесе оны жасаудан бас тартуєа мјж,,,,,,,,,,,,,,,,,,,,,,,,,,,,,,,,,,,,,,,,,1,0,,ALL,ALL,,,,,,,,,,,,,,,,,,,,,,,,,,ALL,,,,,,,,,,ALL,01,,"05,06,09,11,",,,,,,,,,,,,2,6,,,,,2015-01-01,637
ст.249 ч.1,2,7390,,,1,2490001,FE1R10P1,Рейдерство,Рейдерлiк,,,,,,,,,,,,,,,,,,,,,,,,,,,,,,,,,,,,,,,,,1,0,,ALL,ALL,,,,,,,,,,,,,,,,,,,,,,,,,,,,,,,,,,,,,"05,06,09,11,01",,,,,5000,,5000,,1200,,,,5,,5,"01,02",,,2,2015-01-01,638
ст.249 ч.2,3,9410,,,1,2490002,FE1R10P1,Рейдерство,Рейдерлiк,"01,02,03",,,,,,01,,,02,,,,,,,03,,,,,,,,,,,,,,,,,,,,,,,,1,0,,ALL,ALL,,,,,,,,,,,,,,,,,,,,,,,,02,,01,,,,,,,,,03,,01,,"05,06,11,",,,,,,,,,,,,3,7,"01,02",,,5,2020-01-11,639
ст.249 ч.2,3,9230,,,1,2490002,FE1R10P1,Рейдерство,Рейдерлiк,"01,02,03",,,,,,01,,,02,,,,,,,03,,,,,,,,,,,,,,,,,,,,,,,,2,0,,ALL,ALL,,,,,,,,,,,,,,,,,,,,,,,,02,,01,,,,,,,,,03,,01,,"05,06,11,",,,,,,,,,,,,3,7,01,,,,2015-01-01,640
ст.249 ч.3,3,12180,,,1,2490003,FE1R10P1,Рейдерство,Рейдерлiк,"01,02","KR,",,,,,,01,,,,,,,,,,,,,,,,,,,,,,,,,,,,,,,,,1,0,,,,,,,,,,,,,,,,,,,,,,,,,,,,,01,,,,,,,,,01,01,01,,"05,06,11,",,,,,,,,,,,,7,10,01,,,,2015-01-01,641
ст.249 ч.1-1,3,8500,,,1,2490011,FE1R10P1,Рейдерство,Рейдерлiк,,,,,,,,,,,,,,,,,,,,,,,,,,,,,,,,,,,,,,,,,1,0,,ALL,ALL,,,,,,,,,,,,,,,,,,,,,,,,,,,,,,,,,,,,,"11,01",,"05,06,09,",,,,,,,,,,,7,,7,"01,02",,,5,2021-09-03,642
ст.250 ч.1,2,5900,,2,1,2500001,FE1R10P1,Злоупотребление полномочиями,Ґкiлеттiктердi терiс пайдалану,,,,,,,,,,,ALL,,,,,,,,,,,,,,,,,,,,,,,,,,,,,,1,0,,,NO,,,,,,,,,,,,,,,,,,,,,,,,,,,,,,,,,,,,,"05,06,09,11,01",,,,,4000,,4000,,1000,,,,4,,4,02,01,,5,2015-01-01,643
ст.250 ч.2,2,5850,,2,1,2500002,FE1R10P1,Злоупотребление полномочиями,Ґкiлеттiктердi терiс пайдалану,,,,,,,,,,,ALL,,,,,,,,,,,,,,,,,,,,,,,,,,,,,,1,0,,,NO,,,,,,,,,,,,,,,,,,,,,,,,,,,,,,,,,,,,,"05,06,09,11,01",,,,,4000,,4000,,1000,,,,4,,4,02,01,5,,2015-01-01,644
ст.251 ч.1,2,5910,,2,1,2510001,FE1R10P1,"Злоупотребление полномочиями частными нотариусами,","Жекеше нотариустардыѕ, баєалаушылардыѕ, жеке сот о",,,,,,,ALL -,,,,ALL,,,,,,,,ALL -,,,,,,,,,,,,,,,,,,,,,,1,0,,,NO,,,,,,,,,,,,,,,,,,,,,,,,,,,,,,,,,,,,,"05,06,09,11,01",,,,,4000,,4000,,1000,,,,4,,4,02,01,,5,2015-01-01,645
ст.251 ч.2,2,7440,,,1,2510002,FE1R10P1,"Злоупотребление полномочиями частными нотариусами,","Жекеше нотариустардыѕ, баєалаушылардыѕ, жеке сот о",,,,,,,,ALL -,,,ALL,,,,,,,,,ALL -,,,,,,,,,,,,,,,,,,,,,1,0,,,NO,,,,,,,,,,,,,,,,,,,,,,,,ALL,,,,,,,,,,,,,"05,06,09,11,01",,,,,5000,,5000,,1200,,,,5,,5,02,01,,5,2015-01-01,646
ст.252 ч.1,2,7270,,,1,2520001,FE1R10P1,Превышение полномочий служащими частных охранных с,Жекеше кїзет ќызметтерi ќызметшiлерiнiѕ ґкiлеттiкт,,,,,,,,,,,ALL,,,,,ALL -,,,,,,,,,,,,,,,,,,,,,,,,,1,0,,,NO,,,ALL,NO,,,,,,,,,,,,,,,,,,,,,,,,,,,,,,,,,"05,06,09,11,01",,,,,5000,,5000,,1200,,,,5,,5,,02,,5,2015-01-01,647
ст.252 ч.2,3,10510,,,1,2520002,FE1R10P1,Превышение полномочий служащими частных охранных с,Жекеше кїзет ќызметтерi ќызметшiлерiнiѕ ґкiлеттiкт,,,,,,,,,,,,,,,,,,,,,,,,,,,,,,,,,,,,,,,,,1,0,,,NO,,,ALL,,,,,,,,,,,,,,,,,,,,,,ALL,,,,,,,,,,,,01,,"05,06,11,",,,,,,,,,,,,3,8,02,,,5,2015-01-01,648
ст.253 ч.1,2,7060,,,1,2530001,FE1R10P1,Коммерческий подкуп,Параєа коммерциялыќ сатып алу,,,,ALL,,,,,,,,,,,,,,,,,,,,,,,,,,,,,,,,,,,,,1,0,,,NO,,,,,,,,,,,,,,,,,,,,,,,,,,,,,,,,,,,,,"05,06,09,11,01",,,,,5000,,5000,,1200,,,,5,,5,,,,,2015-01-01,649
ст.253 ч.2,3,12850,,,1,2530002,FE1R10P1,Коммерческий подкуп,Параєа коммерциялыќ сатып алу,,,,ALL,,,,,,,,,,,,,,,,,,02,,,,,,,,,,,,,,,,,,,1,0,,,NO,,,,,,,,,,,,,,,,,,,,,,,,ALL,,ALL,,,,,,,,,,,"05,01",,"06,09,11,",,30xK,40xK,,,,,,,,,7,12,01,,,,2015-01-01,650
ст.253 ч.3,4,13870,,,1,2530003,FE1R10P1,Коммерческий подкуп,Параєа коммерциялыќ сатып алу,"01,02",,,ALL,,,,,,,,,,,,02,,,,,,,01,,,,,,,,,,,,,,,,,,1,0,,,NO,,,,,,,,,,,,,,,,,,,,,,,,,,ALL,,,,,,,,,,ALL,"05,01",,"06,09,11,",,40xK,50xK,,,,,,,,,10,15,01,,,,2015-01-01,651
ст.253 ч.4,2,7400,,,1,2530004,FE1R10P1,Коммерческий подкуп,Параєа коммерциялыќ сатып алу,,,,ALL,,,,,,,,,,,,,,,,,,,,,,,,,,,,,,,,,,,,,1,0,,,NO,,,,,,,,,,,,,,,,,,,,,,,,,,,,,,,,,,,,,"05,06,09,11,01",,,,,5000,,5000,,1200,,,,5,,5,"01,02",,,2,2015-01-01,652
ст.253 ч.5,3,12890,,,1,2530005,FE1R10P1,Коммерческий подкуп,Параєа коммерциялыќ сатып алу,"01,02,03,04",,,,,,01,,,02,,,,,,,,,04,,,,,,,,,,,,,,,,,,,,,,1,0,,,,,,,,,,,,,,,,,,,,,,,,,,,02,,01,,,,,,,,,,,"05,01",,"06,11,",,60xK,70xK,,,,,,,,,7,12,"01,02",,,3,2015-01-01,653
ст.253 ч.6,4,13910,,,1,2530006,FE1R10P1,Коммерческий подкуп,Параєа коммерциялыќ сатып алу,,,,,,,,,,,,,,,,,,,,,,,,,,,,,,,,,,,,,,,,,1,0,,,,,,,,,,,,,,,,,,,,,,,,,,,,,01,,,,,,,,,,ALL,"05,01",,"06,09,11,",,70xK,80xK,,,,,,,,,10,15,"01,02",,,5,2015-01-01,654
ст.254,1,6430,,,1,2540001,FE1R10P1,Недобросовестное отношение к обязанностям,Мiндеттерiне адал ќарамау,,,,ALL,,,,,,,,,,,,,,,,,,,,,,,,,,,,,,,,,,,,,1,0,,,NO,,,,,,,,,,,,,,,,,,ALL,,,,,,,ALL,,,,,,,,,,,,"11,01",,"05,06,",,,,,,,,,,,5,,5,,02,,3,2015-01-01,655
ст.255 ч.1,3,10950,,,1,2550001,FE1R10P1,Акт терроризма,Терроризм актісі,,"TR,",,ALL,,,,,,,,,,,,,,,,,,,,,,,,,,,,,,,,,,,,,2,0,,,NO,,,,,,,,,,,,,,,,,,,,ALL,,,,,,,,,,,,,,,,,01,,"05,06,11,",,,,,,,,,,,,4,10,,01,,,2015-01-01,656
ст.255 ч.1,3,10960,,,1,2550001,FE1R10P1,Акт терроризма,Терроризм актісі,,"TR,",,ALL,,,,,,,,,,,,,,,,,,,,,,,,,,,,,,,,,,,,,1,0,,,NO,,,,,,,,,,,,,,,,,,,,ALL,,,,,,,,,,,,,,,,,01,,"05,06,11,",,,,,,,,,,,,4,10,,01,,,2017-04-27,657
ст.255 ч.2,3,12520,,,1,2550002,FE1R10P1,Акт терроризма,Терроризм актісі,"01,02","TR,",,ALL,,,,,,01,,,,,,,,,,,,02,,,,,,,,,,,,,,,,,,,2,0,,,NO,,,,"02,",,,,,,,,,,,,,,,,ALL,,,,01,,,,,,,,,,,,,01,,"05,06,11,",,,,,,,,,,,,7,12,,01,,,2015-01-01,658
ст.255 ч.2,3,12550,,,1,2550002,FE1R10P1,Акт терроризма,Терроризм актісі,"01,02","TR,",,ALL,,,,,,01,,,,,,,,,,,,02,,,,,,,,,,,,,,,,,,,1,0,,,NO,,,,"02,",,,,,,,,,,,,,,,,ALL,,,,01,,,,,,,,,,,,,01,,"05,06,11,",,,,,,,,,,,,7,12,,01,,,2017-04-27,659
ст.255 ч.3,4,13500,,,1,2550003,FE1R10P1,Акт терроризма,Терроризм актісі,"01,02","TR,",,ALL,,,,,,,,,,,,,ALL -,,,,,,01,,,,,,,,,,,,,,,,,,4,0,,,NO,,,,"01,",,,,,,,,,,,,,,,,ALL,,,,,02,,,,,,,,,,,,01,,"05,06,11,",,,,,,,,,,,,10,15,,01,,,2015-01-01,660
ст.255 ч.3,4,14090,,,1,2550003,FE1R10P1,Акт терроризма,Терроризм актісі,"01,02","TR,",,ALL,,,,,,,,,,,,,ALL -,,,,,,01,,,,,,,,,,,,,,,,,,1,0,,,NO,,,,"01,",,,,,,,,,,,,,,,,ALL,,,,,02,,,,,,,,,,,,01,,"05,06,11,",,,,,,,,,,,,12,17,01,05,,,2017-04-27,661
ст.255 ч.4,4,14880,,,1,2550004,FE1R10P1,Акт терроризма,Терроризм актісі,,"TR,",,,,,,,,,,,,,,,,,,,,,,,,,,,,,,,,,,,,,,,4,0,,,NO,,,,,,,,,,,,,,,,,,,,ALL,,,,,,,,,,,,,,,,,"01,03,02",,"05,06,11,",,,,,,,,,,,,15,20,,01,,,2015-01-01,662
ст.255 ч.4,4,14980,,,1,2550004,FE1R10P1,Акт терроризма,Терроризм актісі,,"TR,",,,,,,,,,,,,,,,,,,,,,,,,,,,,,,,,,,,,,,,1,0,,,NO,,,,,,,,,,,,,,,,,,,,ALL,,,,,,,,,,,,,,,,,"01,03,02",,"05,06,11,",,,,,,,,,,,,15,20,01,05,,,2017-04-27,663
ст.256 ч.1,3,10770,,,1,2560001,FE1R10P1,Пропаганда терроризма или публичные призывы к сове,Терроризмдi насихаттау немесе терроризм актiсiн жа,,"TR,",,ALL,ALL,,,,,,,,,,,,,,,,,,,,,,,,,,,,,,,,,,,,1,0,,,NO,,,,,,,,,,,,,,,,,,,,ALL,,,,,,ALL,,,,,,,,,,,01,,"05,06,11,",,,,,,,,,,,,5,9,01,,,,2017-01-02,664
ст.256 ч.1,3,9240,,,1,2560001,FE1R10P1,Пропаганда терроризма или публичные призывы к сове,Терроризмдi насихаттау немесе терроризм актiсiн жа,,"TR,",,ALL,ALL,,,,,,,,,,,,,,,,,,,,,,,,,,,,,,,,,,,,2,0,,,NO,,,,,,,,,,,,,,,,,,,,ALL,,,,,,ALL,,,,,,,,,,,01,,"05,06,11,",,,,,,,,,,,,3,7,01,,,,2015-01-01,665
ст.293 ч.3,3,9560,,,1,2930003,FE1R10P1,Хулиганство,Бўзаќылыќ,"01,02",,,,,,,01,,,,,,,,,,,,,,,,,,,,,,,,,,,,,,,,,2,0,,,NO,,,,,,,,,,,,,,,,,,,,,,,,,,ALL,,,,,,,,,,ALL,"11,01",,"05,06,",,,,,,,,,,3,7,3,7,,,,,2015-01-01,666
ст.256 ч.2,3,11640,,,1,2560002,FE1R10P1,Пропаганда терроризма или публичные призывы к сове,Терроризмдi насихаттау немесе терроризм актiсiн жа,,"TR,",,ALL,ALL,,ALL -,,,ALL -,,,,,,,ALL -,,ALL -,,,,,,,,,,,,,,,,,,,,,,2,0,,,NO,,,,,,,,,,,,,,,,,,,,ALL,,,,,,,,,,,,,,,ALL,,01,,"05,06,11,",,,,,,,,,,,,5,10,01,,,,2015-01-01,667
ст.256 ч.2,3,12690,,,1,2560002,FE1R10P1,Пропаганда терроризма или публичные призывы к сове,Терроризмдi насихаттау немесе терроризм актiсiн жа,,"TR,",,ALL,ALL,,ALL -,,,ALL -,,,,,,,ALL -,,ALL -,,,,,,,,,,,,,,,,,,,,,,1,0,,,NO,,,,,,,,,,,,,,,,,,,,ALL,,,,,,,,,,,,,,,ALL,,01,,"05,06,11,",,,,,,,,,,,,7,12,01,,,,2017-01-02,668
ст.257 ч.1,4,13290,,,1,2570001,FE1R10P1,"Создание, руководство террористической группой и у","Террористiк топ ќўру, оєан басшылыќ ету жјне оныѕ",,"TR,",,ALL,ALL,,,,,,,,,,,,,,,,,,,,,,,,,,,,,,,,,,,,4,0,,,NO,,,,,,,,,,,,,,,,,,,,,,,,,,,,,,,,,,,,,01,,"05,06,11,",,,,,,,,,,,,8,15,01,,,,2015-01-01,669
ст.257 ч.1,4,14060,,,1,2570001,FE1R10P1,"Создание, руководство террористической группой и у","Террористiк топ ќўру, оєан басшылыќ ету жјне оныѕ",,"TR,",,ALL,ALL,,,,,,,,,,,,,,,,,,,,,,,,,,,,,,,,,,,,1,0,,,NO,,,,,,,,,,,,,,,,,,,,,,,,,,,,,,,,,,,,,01,,"05,06,11,",,,,,,,,,,,,10,17,01,05,,,2017-04-27,670
ст.257 ч.2,3,12340,,,1,2570002,FE1R10P1,"Создание, руководство террористической группой и у","Террористiк топ ќўру, оєан басшылыќ ету жјне оныѕ",,"TR,",,ALL,ALL,,,,,,,,,,,,,,,,,,,,,,,,,,,,,,,,,,,,4,0,,,NO,,,,,,,,,,,,,,,,,,,,,,,,,,ALL,,,,,,,,,,,01,,"05,06,11,",,,,,,,,,,,,6,12,01,,,,2015-01-01,671
ст.257 ч.2,3,13000,,,1,2570002,FE1R10P1,"Создание, руководство террористической группой и у","Террористiк топ ќўру, оєан басшылыќ ету жјне оныѕ",,"TR,",,ALL,ALL,,,,,,,,,,,,,,,,,,,,,,,,,,,,,,,,,,,,1,0,,,NO,,,,,,,,,,,,,,,,,,,,,,,,,,ALL,,,,,,,,,,,01,,"05,06,11,",,,,,,,,,,,,8,12,01,,,,2017-04-27,672
ст.257 ч.3,4,14020,1,,1,2570003,FE1R10P1,"Создание, руководство террористической группой и у","Террористiк топ ќўру, оєан басшылыќ ету жјне оныѕ",,"TR,",,,,,,,,,,,,,,,,,,,,,,,,,,,,,,,,,,,,,,,1,0,,,,,,,,,,,,,,,,,,,,,,,,,,,,,ALL,,,,,,,,,ALL,,01,,"05,06,11,",,,,,,,,,,,,12,15,01,05,,,2017-04-27,673
ст.257 ч.3,4,13650,1,,1,2570003,FE1R10P1,"Создание, руководство террористической группой и у","Террористiк топ ќўру, оєан басшылыќ ету жјне оныѕ",,"TR,",,,,,,,,,,,,,,,,,,,,,,,,,,,,,,,,,,,,,,,4,0,,,,,,,,,,,,,,,,,,,,,,,,,,,,,ALL,,,,,,,,,ALL,,01,,"05,06,11,",,,,,,,,,,,,10,15,01,,,,2015-01-01,674
ст.258 ч.1,3,9250,,,1,2580001,FE1R10P1,Финансирование террористической или экстремистской,Террористiк немесе экстремистiк јрекетті ќаржыланд,,"TR,EKS,",,ALL,ALL,,,,,,,,,,,,,,,,,,,,,,,,,,,,,,,,,,,,1,0,,,NO,,,,,,,,,,,,,,,,,,,,,,,,,,,,,,,,,,,,,01,,"05,06,11,",,,,,,,,,,,,3,7,01,,,,2015-01-01,675
ст.258 ч.2,3,11650,,,1,2580002,FE1R10P1,Финансирование террористической или экстремистской,Террористiк немесе экстремистiк јрекетті ќаржыланд,,"TR,EKS,",,,,,,,,,,,,,,,,,,,,,,,,,,,,,,,,,,,,,,,1,0,,,,,,,,,,,,,,,,,,,,,,,,,,,ALL,,ALL,,,,,,,,,ALL,,01,,"05,06,11,",,,,,,,,,,,,5,10,01,,,,2015-01-01,676
ст.259 ч.1,3,12370,1,,1,2590001,FE1R10P1,Вербовка или подготовка либо вооружение лиц в целя,Террористiк не экстремистiк јрекетті ўйымдастыру м,,"TR,EKS,",,ALL,,,,,,,ALL,,,,,,,,,,,,,,,,,,,,,,,,,,,,,,1,0,,,NO,,,,,,,,,,,,,,,,,,,,,,,,,,,,,,,,,,,,,01,,"05,06,11,",,,,,,,,,,,,6,12,01,,,,2017-01-02,677
ст.259 ч.1,3,12350,1,,1,2590001,FE1R10P1,Вербовка или подготовка либо вооружение лиц в целя,Террористiк не экстремистiк јрекетті ўйымдастыру м,,"TR,EKS,",,ALL,,,,,,,ALL,,,,,,,,,,,,,,,,,,,,,,,,,,,,,,2,0,,,NO,,,,,,,,,,,,,,,,,,,,,,,,,,,,,,,,,,,,,01,,"05,06,11,",,,,,,,,,,,,6,12,01,,,,2015-01-01,678
ст.259 ч.2,4,13300,1,,1,2590002,FE1R10P1,Вербовка или подготовка либо вооружение лиц в целя,Террористiк не экстремистiк јрекетті ўйымдастыру м,,"TR,EKS,",,ALL,,,01,,,02,ALL,,08,05,06,,,,,,,04,,,,,,07,,,,,,,,,,,09,,2,0,,,NO,,,,,,,,,,,,,,,,,,,,,,,,,,,,,,,,,,,ALL,,01,,"05,06,11,",,,,,,,,,,,,8,15,01,,,,2015-01-01,679
ст.259 ч.2,4,13310,1,,1,2590002,FE1R10P1,Вербовка или подготовка либо вооружение лиц в целя,Террористiк не экстремистiк јрекетті ўйымдастыру м,,"TR,EKS,",,ALL,,,01,,,02,ALL,,08,05,06,,,,,,,04,,,,,,07,,,,,,,,,,,09,,1,0,,,NO,,,,,,,,,,,,,,,,,,,,,,,,,,,,,,,,,,,ALL,,01,,"05,06,11,",,,,,,,,,,,,8,15,01,,,,2017-01-02,680
ст.260,3,8870,1,,1,2600001,FE1R10P1,Прохождение террористической или экстремистской по,Террористік немесе экстремистік даярлыќтан ґту,,"TR,EKS,",,,,,,,,,,,,,,,,,,,,,,,,,,,,,,,,,,,,,,,1,0,,,NO,,,,,,,,,,,,,,,,,,,,,,,,,,,,,,,,,,,,,01,,"05,06,11,",,,,,,,,,,,,3,7,,,,,2015-01-01,681
ст.261 ч.1,3,10300,1,,1,2610001,FE1R10P1,Захват заложника,Адамды кепiлге алу,,"TR,",,,,,,,,,,,,,,,,,,,,,,,,,,,,,,,,,,,,,,,2,0,,,NO,,,,,,ALL,,,,,,,,,,,,,,,,,,,,,,,,,,,,,,,01,,"05,06,11,",,,,,,,,,,,,3,8,,,,,2015-01-01,682
ст.261 ч.1,3,10390,1,,1,2610001,FE1R10P1,Захват заложника,Адамды кепiлге алу,,"TR,",,,,,,,,,,,,,,,,,,,,,,,,,,,,,,,,,,,,,,,1,0,,,NO,,,,,,ALL,,,,,,,,,,,,,,,,,,,,,,,,,,,,,,,01,,"05,06,11,",,,,,,,,,,,,3,8,,,,,2017-04-27,683
ст.261 ч.2,3,12460,1,,1,2610002,FE1R10P1,Захват заложника,Адамды кепiлге алу,"01,02,03,04,05,06,07,08,09","TR,",,,,,01,,,02,,08,08,05,06,,,,,,,04,,,,,,07,,,,,,,,,,,09,,1,0,,,NO,09>,,03>,"04,",,ALL,08,06,06,,,,,,06,,,,,03,,,,02,,01,,,"06,07",,,,,,,,01,,"05,06,11,",,,,,,,,,,,,7,12,,,,,2017-04-27,684
ст.261 ч.2,3,12430,1,,1,2610002,FE1R10P1,Захват заложника,Адамды кепiлге алу,"01,02,03,04,05,06,07,08,09","TR,",,,,,01,,,02,,08,08,05,06,,,,,,,04,,,,,,07,,,,,,,,,,,09,,2,0,,,NO,09>,,03>,"04,",,ALL,08,06,06,,,,,,06,,,,,03,,,,02,,01,,,"06,07",,,,,,,,01,,"05,06,11,",,,,,,,,,,,,7,12,,,,,2015-01-01,685
ст.261 ч.3,4,13550,1,,1,2610003,FE1R10P1,Захват заложника,Адамды кепiлге алу,,"TR,",,,,,,,,,,,,,,,,,,,,,,,,,,,,,,,,,,,,,,,1,0,,,NO,,,,,,ALL,,,,,,ALL,,,,,,,,,,,,,ALL,ALL,,,,,,,,,,ALL,01,,"05,06,11,",,,,,,,,,,,,10,15,,05,,,2017-04-27,686
ст.261 ч.3,4,13430,1,,1,2610003,FE1R10P1,Захват заложника,Адамды кепiлге алу,,"TR,",,,,,,,,,,,,,,,,,,,,,,,,,,,,,,,,,,,,,,,4,0,,,NO,,,,,,ALL,,,,,,ALL,,,,,,,,,,,,,ALL,ALL,,,,,,,,,,ALL,01,,"05,06,11,",,,,,,,,,,,,10,15,,,,,2015-01-01,687
ст.262 ч.1,3,12660,1,,1,2620001,FE1R10P1,"Создание и руководство организованной группой, пре","Ўйымдасќан топ, ќылмыстыќ ўйым ќўру жјне оларєа ба",,"NRK,",,,,,,,,,,,,,,,,,,,,,,,,,,,,,,,,,,,,,,,1,0,,,,,,,,,,,,,,,,,,,,,,,,,,,,,ALL,,,,,,,,,,ALL,01,,"05,06,11,",,,,,,,,,,,,7,12,01,,,,2015-01-01,688
ст.262 ч.2,3,11660,1,,1,2620002,FE1R10P1,"Создание и руководство организованной группой, пре","Ўйымдасќан топ, ќылмыстыќ ўйым ќўру жјне оларєа ба",,"NRK,",,,,,,,,,,,,,,,,,,,,,,,,,,,,,,,,,,,,,,,1,0,,,,,,,,,,,,,,,,,,,,,,,,,,,,,ALL,,,,,,,,,,ALL,01,,"05,06,11,",,,,,,,,,,,,5,10,01,,,,2015-01-01,689
ст.262 ч.3,4,13160,1,,1,2620003,FE1R10P1,"Создание и руководство организованной группой, пре","Ўйымдасќан топ, ќылмыстыќ ўйым ќўру жјне оларєа ба",,"NRK,",,,,,,,,,,,,,,,ALL,,,,,,,,,,,,,,,,,,,,,,,,1,0,,,,,,,,,,,,,,,,,,,,,,,,,,,,,ALL,,,,,,,,,ALL,ALL,01,,"05,06,11,",,,,,,,,,,,,8,13,01,,,,2015-01-01,690
ст.263 ч.1,4,13990,1,,1,2630001,FE1R10P1,"Создание и руководство преступным сообществом, а р","Ќылмыстыќ ќоєамдастыќ ќўру жјне оєан басшылыќ ету,",,"NRK,",,,,,,,,,,,,,,,,,,,,,,,,,,,,,,,,,,,,,,,1,0,,,,,,,,,,,,,,,,,,,,,,,,,,,,,ALL,,,,,,,,,,ALL,01,,"05,06,11,",,,,,,,,,,,,12,15,01,,,,2015-01-01,691
ст.263 ч.2,3,12970,1,,1,2630002,FE1R10P1,"Создание и руководство преступным сообществом, а р","Ќылмыстыќ ќоєамдастыќ ќўру жјне оєан басшылыќ ету,",,"NRK,",,,,,,,,,,,,,,,,,,,,,,,,,,,,,,,,,,,,,,,1,0,,,,,,,,,,,,,,,,,,,,,,,,,,,,,ALL,,,,,,,,,,ALL,01,,"05,06,11,",,,,,,,,,,,,8,12,01,,,,2015-01-01,692
ст.263 ч.3,4,14270,1,,1,2630003,FE1R10P1,"Создание и руководство преступным сообществом, а р","Ќылмыстыќ ќоєамдастыќ ќўру жјне оєан басшылыќ ету,",,"NRK,",,,,,,,,,,,,,,,ALL,,,,,,,,,,,,,,,,,,,,,,,,1,0,,,,,,,,,,,,,,,,,,,,,,,,,,,,,ALL,,,,,,,,,,ALL,01,,"05,06,11,",,,,,,,,,,,,12,20,01,,,,2015-01-01,693
ст.263 ч.4,4,14280,1,,1,2630004,FE1R10P1,"Создание и руководство преступным сообществом, а р","Ќылмыстыќ ќоєамдастыќ ќўру жјне оєан басшылыќ ету,",,"NRK,",,,,,,,,,,,,,,,,,,,,,,,,,,,,,,,,,,,,,,,1,0,,,,,,,,,,,,,,,,,,,,,,,,,,,,,ALL,,,,,,,,,ALL,ALL,01,,"05,06,11,",,,,,,,,,,,,12,20,01,,,,2015-01-01,694
ст.263 ч.5,4,14510,1,,1,2630005,FE1R10P1,"Создание и руководство преступным сообществом, а р","Ќылмыстыќ ќоєамдастыќ ќўру жјне оєан басшылыќ ету,",,"NRK,",,,,,,,,,,,,,,,,,,,,,,,,,,,,,,,,,,,,,,,1,0,,,,,,,,,,,,,,,,,,,,,,,,,,,,,,,,,,,,,,,ALL,"01,03",,"05,06,11,",,,,,,,,,,,,15,20,01,,,,2015-01-01,695
ст.264 ч.1,4,13660,1,,1,2640001,FE1R10P1,Создание и руководство транснациональной организов,"Трансўлттыќ ўйымдасќан топ, трансўлттыќ ќылмыстыќ",,"NRK,",,,,,,,,,,,,,,,,,,,,,,,,,,,,,,,,,,,,,,,1,0,,,NO,,,,,,,,,,,,,,,,,,,,,,,,,,ALL,,,,,,,,,,ALL,01,,"05,06,11,",,,,,,,,,,,,10,15,01,,,,2015-01-01,696
ст.264 ч.2,3,12980,1,,1,2640002,FE1R10P1,Создание и руководство транснациональной организов,"Трансўлттыќ ўйымдасќан топ, трансўлттыќ ќылмыстыќ",,"NRK,",,,,,,,,,,,,,,,,,,,,,,,,,,,,,,,,,,,,,,,1,0,,,NO,,,,,,,,,,,,,,,,,,,,,,,,,,ALL,,,,,,,,,,ALL,01,,"05,06,11,",,,,,,,,,,,,8,12,01,,,,2015-01-01,697
ст.264 ч.3,4,14290,1,,1,2640003,FE1R10P1,Создание и руководство транснациональной организов,"Трансўлттыќ ўйымдасќан топ, трансўлттыќ ќылмыстыќ",,"NRK,",,,,,,,,,,,,,,,ALL -,,,,,,,,,,,,,,,,,,,,,,,,1,0,,,NO,,,,,,,,,,,,,,,,,,,,,,,,,,ALL,,,,,,,,,ALL,ALL,01,,"05,06,11,",,,,,,,,,,,,12,20,01,,,,2015-01-01,698
ст.265 ч.1,4,14330,,,1,2650001,FE1R10P1,Создание и руководство транснациональным преступны,Трансўлттыќ ќылмыстыќ ќоєамдастыќ ќўру жјне оєан б,,"NRK,",,,ALL,,,,,,,,,,,,,,,,,,,,,,,,,,,,,,,,,,,,1,0,,,NO,,,,,,,,,,,,,,,,,,,,,,,,,,,,,,,,,,,,ALL,01,,"05,06,11,",,,,,,,,,,,,15,20,01,,,,2015-01-01,699
ст.265 ч.2,4,13670,,,1,2650002,FE1R10P1,Создание и руководство транснациональным преступны,Трансўлттыќ ќылмыстыќ ќоєамдастыќ ќўру жјне оєан б,,"NRK,",,,ALL,,,,,,,,,,,,,,,,,,,,,,,,,,,,,,,,,,,,1,0,,,NO,,,,,,,,,,,,,,,,,,,,,,,,,,,,,,,,,,,,ALL,01,,"05,06,11,",,,,,,,,,,,,10,15,01,,,,2015-01-01,700
ст.265 ч.3,4,14350,,,1,2650003,FE1R10P1,Создание и руководство транснациональным преступны,Трансўлттыќ ќылмыстыќ ќоєамдастыќ ќўру жјне оєан б,,"NRK,",,,,,,,,,,,,,,,,,,,,,,,,,,,,,,,,,,,,,,,1,0,,,,,,,,,,,,,,,,,,,,,,,,,,,,,,,,,,,,,,ALL,ALL,01,,"05,06,11,",,,,,,,,,,,,17,20,01,,,,2015-01-01,701
ст.266 ч.1,3,9260,1,,1,2660001,FE1R10P1,"Финансирование деятельности преступной группы, а р","Ќылмыстыќ топтыѕ јрекетін ќаржыландыру, сол сияќты",,,,,,,,,,,,,,,,,,,,,,,,,,,,,,,,,,,,,,,,,1,0,,,,,,,,,,,,,,,,,,,,,,,,,,,,,ALL,,,,,,,,,,ALL,01,,"05,06,11,",,,,,,,,,,,,3,7,01,,,,2015-01-01,702
ст.266 ч.2,3,11670,1,,1,2660002,FE1R10P1,"Финансирование деятельности преступной группы, а р","Ќылмыстыќ топтыѕ јрекетін ќаржыландыру, сол сияќты",,,,,,,,,,,,,,,,,,,,,,,,,,,,,,,,,,,,,,,,,1,0,,,,,,,,,,,,,,,,,,,,,,,,,,,,,ALL,,,,,,,,,,ALL,01,,"05,06,11,",,,,,,,,,,,,5,10,01,,,,2015-01-01,703
ст.266 ч.3,3,12790,1,,1,2660003,FE1R10P1,"Финансирование деятельности преступной группы, а р","Ќылмыстыќ топтыѕ јрекетін ќаржыландыру, сол сияќты",,,,,,,,,,,,,,,,,ALL,,,,,,,,,,,,,,,,,,,,,,,,1,0,,,,,,,,,,,,,,,,,,,,,,,,,,,,,ALL,,,,,,,,,ALL,ALL,01,,"05,06,11,",,,,,,,,,,,,7,12,"01,02",,7,10,2015-01-01,704
ст.267 ч.1,3,8670,,,1,2670001,FE1R10P1,Организация незаконного военизированного формирова,Заѕсыз јскерилендiрiлген ќўралымды ўйымдастыру,,"EKS,",,ALL,,,,,,,ALL,,,,,,,,,,,,,,,,,,,,,,,,,,,,,,1,0,,,NO,,,,,,,,,,,,,,,,,,,,,,,,,,,,,,,,,,,,ALL,01,,"05,06,11,",,,,,,,,,,,,2,7,,,,,2015-01-01,705
ст.267 ч.2,2,4690,,,1,2670002,FE1R10P1,Организация незаконного военизированного формирова,Заѕсыз јскерилендiрiлген ќўралымды ўйымдастыру,,"EKS,",,ALL,,,01,,,02,ALL,,,,,,,,,,,04,,,,,,,,,,,,,,,,,05,,1,0,,,NO,,,,,,,,,,,,,,,,,,,,,,,,,,,,,,,,,,,,ALL,"05,06,09,11,01",,,,,3000,,3000,,800,,,,3,,3,,,,,2015-01-01,706
ст.268 ч.1,4,14300,,,1,2680001,FE1R10P1,Бандитизм,Бандитизм,,,,ALL,,,,,,,,,,,,,,,,,,,,,,,,,,,,,,,,,,,,,1,0,,,NO,,,,,,,,,,,,,,,,,,,,,,,,,,ALL,,,,,,,,,,ALL,01,,"05,06,11,",,,,,,,,,,,,12,20,01,,,,2015-01-01,707
ст.268 ч.2,4,13680,,,1,2680002,FE1R10P1,Бандитизм,Бандитизм,,,,ALL,,,,,,,,,,,,,,,,,,,,,,,,,,,,,,,,,,,,,1,0,,,NO,,,,,,,,,,,,,,,,,,,,,,,,,,ALL,,,,,,,,,,ALL,01,,"05,06,11,",,,,,,,,,,,,10,15,01,,,,2015-01-01,708
ст.268 ч.3,4,14340,,,1,2680003,FE1R10P1,Бандитизм,Бандитизм,,,,ALL,,,,ALL -,,,,,,,,ALL -,,,,,,,,,,,,,,,,,,,,,,,,,1,0,,,NO,,,,,,,,,,,,,,,,,,,,,,,,,,ALL,,,,,,,,,ALL,ALL,01,,"05,06,11,",,,,,,,,,,,,15,20,01,,,,2015-01-01,709
ст.269 ч.1,3,9540,,,1,2690001,FE1R10P1,"Нападение на здания, сооружения, средства сообщени","Єимараттарєа, ќўрылыстарєа, ќатынас жјне байланыс",,"TR,",,,,,,,,,,,,,,,,,,,,,,,,,,,,,,,,,,,,,,,2,0,,,NO,,,,,,,,,,,,,,,,,,,,,,,,,,,,,,,,,,,,,"11,01",,"05,06,",,,,,,,,,,3,7,3,7,,,,,2015-01-01,710
ст.269 ч.1,3,9580,,,1,2690001,FE1R10P1,"Нападение на здания, сооружения, средства сообщени","Єимараттарєа, ќўрылыстарєа, ќатынас жјне байланыс",,"TR,",,,,,,,,,,,,,,,,,,,,,,,,,,,,,,,,,,,,,,,1,0,,,NO,,,,,,,,,,,,,,,,,,,,,,,,,,,,,,,,,,,,,"11,01",,"05,06,",,,,,,,,,,3,7,3,7,,,,,2017-04-27,711
ст.269 ч.2,3,12560,,,1,2690002,FE1R10P1,"Нападение на здания, сооружения, средства сообщени","Єимараттарєа, ќўрылыстарєа, ќатынас жјне байланыс","01,02,03,04,05,06","TR,",,,,,01,,,02,,,,,,,,,,,,04,,,,,,,,,,,,,,,,,05,,1,0,,,NO,05>,,03>,"04,",,,,,,,,,,,,,,,,03,,,,02,,01,,,,,,,,,,,01,,"05,06,11,",,,,,,,,,,,,7,12,,01,,,2017-04-27,712
ст.269 ч.2,3,12530,,,1,2690002,FE1R10P1,"Нападение на здания, сооружения, средства сообщени","Єимараттарєа, ќўрылыстарєа, ќатынас жјне байланыс","01,02,03,04,05,06","TR,",,,,,01,,,02,,,,,,,,,,,,04,,,,,,,,,,,,,,,,,05,,2,0,,,NO,05>,,03>,"04,",,,,,,,,,,,,,,,,03,,,,02,,01,,,,,,,,,,,01,,"05,06,11,",,,,,,,,,,,,7,12,,01,,,2015-01-01,713
ст.269 ч.3,4,13250,,,1,2690003,FE1R10P1,"Нападение на здания, сооружения, средства сообщени","Єимараттарєа, ќўрылыстарєа, ќатынас жјне байланыс",,"TR,",,,,,,ALL -,,,,,,,,ALL -,,,,,,,,,,,,,,,,,,,,,,,,,4,0,,,NO,,,,,,,,,,,,,,,,,,,,,,,,,ALL,ALL,,,,,,,,,,ALL,01,,"05,06,11,",,,,,,,,,,,,8,15,,01,,,2015-01-01,714
ст.269 ч.3,4,13320,,,1,2690003,FE1R10P1,"Нападение на здания, сооружения, средства сообщени","Єимараттарєа, ќўрылыстарєа, ќатынас жјне байланыс",,"TR,",,,,,,ALL -,,,,,,,,ALL -,,,,,,,,,,,,,,,,,,,,,,,,,1,0,,,NO,,,,,,,,,,,,,,,,,,,,,,,,,ALL,ALL,,,,,,,,,,ALL,01,,"05,06,11,",,,,,,,,,,,,8,15,01,05,,,2017-04-27,715
ст.269-1ч.1,0,1700,,,2,2690101,FE1R10P1,Незаконное проникновение на охраняемый объект,Кїзетілетін объектіге заѕсыз кіру,,,,,,,,,,,,,,,,,,,,,,,,,,,,,,,,,,,,,,,,,1,0,,,NO,,,,,,,,,,,,,,,,,,,,,,,,,,,,,,,,,,,,,"05,06,09,12",,,,,200,,200,,200,,50,,,,,,,,,2021-09-03,716
ст.269-1ч.2,2,6510,,,1,2690102,FE1R10P1,Незаконное проникновение на охраняемый объект,Кїзетілетін объектіге заѕсыз кіру,"01,02,03,04",,,,,,04,,,,,,,,,,,,,,,,,,,,,,,,,,,,,,,,,,1,0,,,NO,,,02>,"03,",,,,,,,,,,,,,,,,,,,,,,04,,,,,,,,,,,"11,01",,"05,06,",,,,,,,,,,,5,,5,,,,,2021-09-03,717
ст.269-1ч.3,3,12120,,,1,2690103,FE1R10P1,Незаконное проникновение на охраняемый объект,Кїзетілетін объектіге заѕсыз кіру,"01,02",,,,,,,,,,"01,","01,",,,,,,,,,,,,,,,,,,,,,,,,,,,,,1,0,,,NO,,,,,,,,,,,,,,,,,,,,,,,,,01,02,,,,,,,,,,02,01,,"05,06,11,",,,,,,,,,,,,7,10,,,,,2021-09-03,718
ст.270 ч.1,3,10170,,,1,2700001,FE1R10P1,"Угон, а равно захват воздушного или водного судна",Јуе немесе су кемесін не жылжымалы темiржол состав,,"TR,",,,,,,,,,,,,,,,,,,,,,,,,,,,,,,,,,,,,,,,2,0,,,NO,,,,,,,,,,,,,,,,,,,,,,,,,,,,,,,,,,,,,01,,"05,06,11,",,,,,,,,,,,,2,8,,,,,2015-01-01,719
ст.270 ч.1,3,10200,,,1,2700001,FE1R10P1,"Угон, а равно захват воздушного или водного судна",Јуе немесе су кемесін не жылжымалы темiржол состав,,"TR,",,,,,,,,,,,,,,,,,,,,,,,,,,,,,,,,,,,,,,,1,0,,,NO,,,,,,,,,,,,,,,,,,,,,,,,,,,,,,,,,,,,,01,,"05,06,11,",,,,,,,,,,,,2,8,,,,,2017-04-27,720
ст.270 ч.2,3,12540,,,1,2700002,FE1R10P1,"Угон, а равно захват воздушного или водного судна",Јуе немесе су кемесін не жылжымалы темiржол состав,"01,02,03,04","TR,",,,,,01,,,02,,,,,,,,,,,,04,,,,,,,,,,,,,,,,,,,2,0,,,NO,,,03>,"04,",,,,,,,,,,,,,,,,03,,,,02,,01,,,,,,,,,,,01,,"05,06,11,",,,,,,,,,,,,7,12,,01,,,2015-01-01,721
ст.270 ч.2,3,12570,,,1,2700002,FE1R10P1,"Угон, а равно захват воздушного или водного судна",Јуе немесе су кемесін не жылжымалы темiржол состав,"01,02,03,04","TR,",,,,,01,,,02,,,,,,,,,,,,04,,,,,,,,,,,,,,,,,,,1,0,,,NO,,,03>,"04,",,,,,,,,,,,,,,,,03,,,,02,,01,,,,,,,,,,,01,,"05,06,11,",,,,,,,,,,,,7,12,,01,,,2017-04-27,722
ст.270 ч.3,4,13330,,,1,2700003,FE1R10P1,"Угон, а равно захват воздушного или водного судна",Јуе немесе су кемесін не жылжымалы темiржол состав,,"TR,",,,,,,,,,,,,,,,,,,,,,,,,,,,,,,,,,,,,,,,1,0,,,NO,,,,,,,,,,,,,,,,,,,,,,,,,ALL,ALL,,,,,,,,,,ALL,01,,"05,06,11,",,,,,,,,,,,,8,15,01,05,,,2017-04-27,723
ст.270 ч.3,4,13260,,,1,2700003,FE1R10P1,"Угон, а равно захват воздушного или водного судна",Јуе немесе су кемесін не жылжымалы темiржол состав,,"TR,",,,,,,,,,,,,,,,,,,,,,,,,,,,,,,,,,,,,,,,4,0,,,NO,,,,,,,,,,,,,,,,,,,,,,,,,ALL,ALL,,,,,,,,,,ALL,01,,"05,06,11,",,,,,,,,,,,,8,15,,01,,,2015-01-01,724
ст.271 ч.1,3,11680,,,1,2710001,FE1R10P1,Пиратство,Теѕiз ќараќшылыєы,,,,,,,,,,,,,,,,,,,,,,,,,,,,,,,,,,,,,,,,,1,0,,,NO,,,ALL,NO,,,,,,,,,,,,,,,,ALL,,,,,,,,,,,,,,,,,01,,"05,06,11,",,,,,,,,,,,,5,10,01,,,,2015-01-01,725
ст.271 ч.2,3,12990,,,1,2710002,FE1R10P1,Пиратство,Теѕiз ќараќшылыєы,,,,,,,,,,,,,,,,,,,,,,,,,,,,,,,,,,,,,,,,,1,0,,,NO,,,ALL,,,,,,,,,,,,,,,,,ALL,,,,ALL,,,,,,,,,,,,,01,,"05,06,11,",,,,,,,,,,,,8,12,01,,,,2015-01-01,726
ст.271 ч.3,4,13690,,,1,2710003,FE1R10P1,Пиратство,Теѕiз ќараќшылыєы,,,,,,,,,,,,,,,,,,,,,,,,,,,,,,,,,,,,,,,,,1,0,,,NO,,,ALL,,,,,,,,,,,,,,,,,ALL,,,,,ALL,ALL,,,,,,,,,,ALL,01,,"05,06,11,",,,,,,,,,,,,10,15,01,,,,2015-01-01,727
ст.272 ч.1,3,10930,,,1,2720001,FE1R10P1,Массовые беспорядки,Жаппай тјртiпсiздiк,,,,,,,,,,,,,,,,,,,,,,,,,,,,,,,,,,,,,,,,,2,0,,,NO,,,,,,,,,,,,,,,,,,,,,,,,,,,,,,,,,,,,,01,,"05,06,11,",,,,,,,,,,,,4,10,,,,,2015-01-01,728
ст.272 ч.1,3,10940,,,1,2720001,FE1R10P1,Массовые беспорядки,Жаппай тјртiпсiздiк,,,,,,,,,,,,,,,,,,,,,,,,,,,,,,,,,,,,,,,,,1,0,,,NO,,,,,,,,,,,,,,,,,,,,,,,,,,,,,,,,,,,,,01,,"05,06,11,",,,,,,,,,,,,4,10,,,,,2023-05-19,729
ст.272 ч.2,3,10310,,,1,2720002,FE1R10P1,Массовые беспорядки,Жаппай тјртiпсiздiк,"01,02,03",,,,,,01,,,,,,,,,,02,,,,,,,,,,,,,,,,,,,,,,,,2,0,,,NO,,,,,,,,,,,,,,,,,,,,,,,,,,,,,,,,,,,,,01,,"05,06,11,",,,,,,,,,,,,3,8,,,,,2015-01-01,730
ст.272 ч.2,3,10430,,,1,2720002,FE1R10P1,Массовые беспорядки,Жаппай тјртiпсiздiк,"01,02,03",,,,,,01,,,,,,,,,,02,,,,,,,,,,,,,,,,,,,,,,,,1,0,,,NO,,,,,,,,,,,,,,,,,,,,,,,,,,,,,,,,,,,,,01,,"05,06,11,",,,,,,,,,,,,3,8,,,,,2023-05-19,731
ст.272 ч.3,2,7780,,,1,2720003,FE1R10P1,Массовые беспорядки,Жаппай тјртiпсiздiк,,,,,,,,,,,,,,,,,,,ALL,,,,,,,,,,,,,,,,,,,,,,1,0,,,NO,,,,NO,,,,,,,,,,,,,,,,,,,,,,,,,,,,,,,,,"11,01",,"05,06,",,,,,,,,,,3,5,3,5,,,,,2023-05-19,732
ст.272 ч.3,2,4170,,,1,2720003,FE1R10P1,Массовые беспорядки,Жаппай тјртiпсiздiк,,,,,,,,,,,,,,,,,,,ALL,,,,,,,,,,,,,,,,,,,,,,2,0,,,NO,,,,NO,,,,,,,,,,,,,,,,,,,,,,,,,,,,,,,,,"11,01",,"05,06,",,,,,,,,,,,3,,3,,,,,2015-01-01,733
ст.272 ч.4,3,9600,,,1,2720004,FE1R10P1,Массовые беспорядки,Жаппай тјртiпсiздiк,,,,,,,,,,,,,,,,,,,ALL,,,,,,,,,,,,,,,,,,,,,,1,0,,,NO,,,,NO,,,,,,,,,,,,,,,,,,,,,,,,,,,,,,,,,"11,01",,"05,06,",,,,,,,,,,3,7,3,7,,,,,2023-05-19,734
ст.273,2,6700,,,1,2730001,FE1R10P1,Заведомо ложное сообщение об акте терроризма,Терроризм актiсi туралы кґрiнеу жалєан хабарлау,,,,,,,,,,,,,,,,,,,,,,,,,,,,,,,,,,,,,,,,,1,0,,,NO,,,,,,,,,,,,,,,,,,,,,,,,,,,,,,,,,,,,,"05,06,11,01",,,,,5000,,5000,,,,,,5,,5,,,,,2015-01-01,735
ст.274 ч.1,1,2240,,,1,2740001,FE1R10P1,Распространение заведомо ложной информации,Кґрінеу жалєан аќпарат тарату,,1,,,,,,,,,,,,,,,,,,,,,,,,,,,,,,,,,,,,,,,1,0,,,NO,,,,,,,,,,,,,,,,,,,,,,,,,,,,,,,,,,,,,"05,06,09,11,01",,,,,1000,,1000,,400,,,,1,,1,,,,,2015-01-01,736
ст.274 ч.2,2,4700,,,1,2740002,FE1R10P1,Распространение заведомо ложной информации,Кґрінеу жалєан аќпарат тарату,"01,02,03",,,,,,01,,,,,,,,,,02,,,,,,,,,,,,,,,,,,,,,,,,1,0,,,NO,,,,,,,,,,,,,,,,,,,,,,,,,,01,,,,,,,,,02,,"05,06,09,11,01",,,,,3000,,3000,,800,,,,3,,3,,,,,2015-01-01,737
ст.274 ч.3,2,7070,,,1,2740003,FE1R10P1,Распространение заведомо ложной информации,Кґрінеу жалєан аќпарат тарату,,,,,,,,,,,,,,,,,,,,,,,,,,,,,,,,,,,,,,,,,1,0,,,NO,,,,,,,,,,,,,,,,,,,,,,,,,ALL,,,,,,,,,,,,"05,06,09,11,01",,,,,5000,,5000,,1200,,,,5,,5,,,,,2015-01-01,738
ст.274 ч.4,3,9550,,,1,2740004,FE1R10P1,Распространение заведомо ложной информации,Кґрінеу жалєан аќпарат тарату,"01,02",,,,,,,01,,,,,,,,,,,,,,,,,,,,,,,,,,,,,,,,,1,0,,,,,,,,,,,,,,,,,,,,,,,,,,,,,01,,,,,,,02,,,01,"01,11",,"05,06,",,,,,,,,,,3,7,3,7,,,,,2015-01-01,739
ст.275,3,9040,,,1,2750001,FE1R10P1,"Незаконный экспорт технологий, научно-технической","Жаппай ќырып-жою ќаруын, ќару-жараќты жјне јскери",,,,,,,,,,,ALL,,,,,,,,,,,,,,,,,,,,,,,,,,,,,,1,0,,,NO,,,,,,,,,,,,,,,,,,,,,,,,,,,,,,,,,,,,,01,,"05,06,11,",,,,,,,,,,,,3,7,,01,,,2015-01-01,740
ст.276 ч.1,0,380,,,2,2760001,FE1R10P1,Нарушение правил безопасности на объектах использо,Атом энергиясын пайдалану объектiлерiнде ќауiпсiзд,,,,,,,,,,,ALL,,,,,,,,,,,,,,,,,,,,,,,,,,,,,,1,0,,,NO,,,,,,,,,,,,,,,,,,ALL,,,,,,,,,,,,,,,,,,,"05,06,09,12",,,,,120,,120,,120,,30,,,,,02,,,2,2015-01-01,741
ст.276 ч.2,1,4610,,,1,2760002,FE1R10P1,Нарушение правил безопасности на объектах использо,Атом энергиясын пайдалану объектiлерiнде ќауiпсiзд,,,,,,,,,,,ALL,,,,,ALL -,,,,,,,,,,,,,,,,,,,,,,,,,1,0,,,NO,,,,,,,,,,,,,,,,,,ALL,,,,,,,ALL,,,,,,,,,,,,"05,06,09,11,01",,,,,3000,,3000,,800,,,,3,,3,,02,,3,2015-01-01,742
ст.276 ч.3,2,11010,,,1,2760003,FE1R10P1,Нарушение правил безопасности на объектах использо,Атом энергиясын пайдалану объектiлерiнде ќауiпсiзд,,,,,,,,,,,ALL,ALL,,,,,,,,,,,,,,,,,,,,,,,,,,,,,1,0,,,NO,,,,,,,,,,,,,,,,,,ALL,,,,,,,ALL,,,,,,,,,,,,01,,"05,06,11,",,,,,,,,,,,,5,10,,02,,3,2015-01-01,743
ст.277 ч.1,1,2850,,,1,2770001,FE1R10P1,Нарушение правил безопасности при ведении горных и,Тау-кен немесе ќўрылыс жўмыстарын жїргiзу кезiнде,,,,,,,,,,,ALL,,,,,ALL -,,,,,,,,,,,,,,,,,,,,,,,,,1,0,,,NO,,,,,,,,,,,,,,,,,,ALL,,,,,,,ALL,,,,,,,,,,,,"05,06,09,11,01",,,,,2000,,2000,,600,,,,2,,2,,02,,3,2015-01-01,744
ст.293 ч.3,3,9610,,,1,2930003,FE1R10P1,Хулиганство,Бўзаќылыќ,,,,,,,,,,,,,,,,,,,,,,,,,,,,,,,,,,,,,,,,,2,0,,,NO,,,,,,,,,,,,,,,,,,,,,,,,,,ALL,,,,,,,,,,ALL,"11,01",,"05,06,",,,,,,,,,,3,7,3,7,,,,,2023-05-19,745
ст.277 ч.2,2,7800,,,1,2770002,FE1R10P1,Нарушение правил безопасности при ведении горных и,Тау-кен немесе ќўрылыс жўмыстарын жїргiзу кезiнде,,,,,,,,,,,ALL,ALL,,,,,,,,,,,,,,,,,,,,,,,,,,,,,1,0,,,NO,,,,,,,,,,,,,,,,,,ALL,,,,,,,ALL,,,,,,,,,,,,01,,"05,06,11,",,,,,,,,,,,,,6,,02,,3,2015-01-01,746
ст.277 ч.3,2,10230,,,1,2770003,FE1R10P1,Нарушение правил безопасности при ведении горных и,Тау-кен немесе ќўрылыс жўмыстарын жїргiзу кезiнде,,,,,,,,,,,,,,,,,,,,,,,,,,,,,,,,,,,,,,,,,1,0,,,,,,,,,,,,,,,,,,,,,ALL,,,,,,,ALL,,,,,,,,,,,,01,,"05,06,11,",,,,,,,,,,,,3,8,,02,,3,2015-01-01,747
ст.278 ч.1,1,2860,,,1,2780001,FE1R10P1,Недоброкачественное строительство,Сапасыз салынєан ќўрылыс,,,,,,,,,,,ALL,,,,,ALL -,,,,,,,,,,,,,,,,,,,,,,,,,1,0,,,NO,,,,,,,,,,,,,,,,,,ALL,,,,,,,ALL,,,,,,,,,,,,"05,06,09,11,01",,,,,2000,,2000,,600,,,,2,,2,,02,,3,2015-01-01,748
ст.278 ч.2,2,7810,,,1,2780002,FE1R10P1,Недоброкачественное строительство,Сапасыз салынєан ќўрылыс,,,,,,,,,,,ALL,ALL,,,,,,,,,,,,,,,,,,,,,,,,,,,,,1,0,,,NO,,,,,,,,,,,,,,,,,,ALL,,,,,,,ALL,,,,,,,,,,,,01,,"05,06,11,",,,,,,,,,,,,,6,,02,,3,2015-01-01,749
ст.278 ч.3,2,10240,,,1,2780003,FE1R10P1,Недоброкачественное строительство,Сапасыз салынєан ќўрылыс,,,,,,,,,,,,,,,,,,,,,,,,,,,,,,,,,,,,,,,,,1,0,,,,,,,,,,ALL,,,,,,ALL,,,,,ALL,,,,,,,ALL,,,,,,,,,,,,01,,"05,06,11,",,,,,,,,,,,,3,8,,02,,3,2015-01-01,750
ст.279 ч.1,2,7820,,,1,2790001,FE1R10P1,Нарушение правил или требований нормативов в сфере,"Сјулет, ќала ќўрылысы жјне ќўрылыс ќызметі саласын",,,,,,,,,,,ALL,,,,,,,,,,,,,,,,,,,,,,,,,,,,,,1,0,,,NO,,,,,,,,,,,,,,,,,,ALL,,,,,,,ALL,,,,,,,,,,,,01,,"05,06,11,",,,,,,,,,,,,,6,,02,,3,2015-01-01,751
ст.279 ч.2,2,10250,,,1,2790002,FE1R10P1,Нарушение правил или требований нормативов в сфере,"Сјулет, ќала ќўрылысы жјне ќўрылыс ќызметі саласын",,,,,,,,,,,ALL,,,,,ALL -,,,,,,,,,,,,,,,,,,,,,,,,,1,0,,,NO,,,,,,,ALL,,,,,,ALL,,,,,ALL,,,,,,,ALL,,,,,,,,,,,,01,,"05,06,11,",,,,,,,,,,,,3,8,,02,,3,2015-01-01,752
ст.280 ч.1,2,7830,,,1,2800001,FE1R10P1,Ненадлежащее выполнение экспертных работ или инжин,Сараптамалыќ жўмыстарды немесе инжинирингтiк ќызме,,,,,,,,,,,ALL,,,,,,,,,,,,,,,,,,,,,,,,,,,,,,1,0,,,NO,,,,,,,,,,,,,,,,,,ALL,,,,,,,ALL,,,,,,,,,,,,01,,"05,06,11,",,,,,,,,,,,,,6,,02,,3,2015-01-01,753
ст.280 ч.2,2,10260,,,1,2800002,FE1R10P1,Ненадлежащее выполнение экспертных работ или инжин,Сараптамалыќ жўмыстарды немесе инжинирингтiк ќызме,,,,,,,,,,,ALL,,,,,ALL -,,,,,,,,,,,,,,,,,,,,,,,,,1,0,,,NO,,,,,,,ALL,,,,,,ALL,,,,,ALL,,,,,,,ALL,,,,,,,,,,,,01,,"05,06,11,",,,,,,,,,,,,3,8,,02,,3,2015-01-01,754
ст.281 ч.1,1,2870,1,,1,2810001,FE1R10P1,Нарушение правил безопасности на взрывоопасных объ,Жарылыс ќаупi бар объектiлерде ќауiпсiздiк ќаєидал,,,,,,,,,,,,,,,,,,,,,,,,,,,,,,,,,,,,,,,,,1,0,,,NO,,,,,,,,,,,,,,,,,,ALL,,,,,,,ALL,,,,,,,,,,,,"05,06,09,11,01",,,,,2000,,2000,,600,,,,2,,2,,02,,3,2015-01-01,755
ст.281 ч.2,2,7840,1,,1,2810002,FE1R10P1,Нарушение правил безопасности на взрывоопасных объ,Жарылыс ќаупi бар объектiлерде ќауiпсiздiк ќаєидал,,,,,,,,,,,,,,,,,,,,,,,,,,,,,,,,,,,,,,,,,1,0,,,NO,,,,,,,,,,,,,,,,,,ALL,,,,,,,ALL,,,,,,,,,,,,01,,"05,06,11,",,,,,,,,,,,,,6,,02,,3,2015-01-01,756
ст.281 ч.3,2,10270,1,,1,2810003,FE1R10P1,Нарушение правил безопасности на взрывоопасных объ,Жарылыс ќаупi бар объектiлерде ќауiпсiздiк ќаєидал,,,,,,,,ALL -,,,,,,,,ALL -,,,,,,,,,,,,,,,,,,,,,,,,,1,0,,,NO,,,,,,,ALL,,,,,,ALL,,,,,ALL,,,,,,,ALL,,,,,,,,,,,,01,,"05,06,11,",,,,,,,,,,,,3,8,,02,,3,2015-01-01,757
ст.282 ч.1,1,4620,1,,1,2820001,FE1R10P1,Нарушение правил безопасности при осуществлении ко,Єарыш ќызметiн жїзеге асыру кезiнде ќауiпсiздiк ќа,,,,,,,,,,,ALL,,,,,,,,,,,,,,,,,,,,,,,,,,,,,,1,0,,,NO,,,,,,,,,,,,,,,,,,ALL,,,,,,,ALL,,,,,,,,,,,,"05,06,09,11,01",,,,,3000,,3000,,800,,,,3,,3,,02,,3,2015-01-01,758
ст.282 ч.2,2,7850,1,,1,2820002,FE1R10P1,Нарушение правил безопасности при осуществлении ко,Єарыш ќызметiн жїзеге асыру кезiнде ќауiпсiздiк ќа,"01,02,03,04",,,,,,01,,,02,ALL,,,,,,03,,,,,,,,,,,,,,,,,,,,,,,,1,0,,,NO,,,,,,,,,,,,,,,,,,ALL,,,,,,,ALL,,,,,,,,,,,,01,,"05,06,11,",,,,,,,,,,,,,6,,02,,3,2015-01-01,759
ст.282 ч.3,2,10280,1,,1,2820003,FE1R10P1,Нарушение правил безопасности при осуществлении ко,Єарыш ќызметiн жїзеге асыру кезiнде ќауiпсiздiк ќа,"01,02",,,,,,,02,,,,,,,,,,,,,,,,,,,,,,,,,,,,,,,,,1,0,,,NO,,,,,,,ALL,,,,,,ALL,,,,,ALL,,,,,,,ALL,,,,,,,,,,,,01,,"05,06,11,",,,,,,,,,,,,3,8,,02,,3,2015-01-01,760
ст.283 ч.1,2,4360,,,1,2830001,FE1R10P1,"Незаконное обращение с радиоактивными веществами,","Радиоактивтi заттармен, радиоактивті ќалдыќтармен,",,,,,,,,,,,ALL,,,,,,,,,,,,,,,,,,,,,,,,,,,,,,1,0,,,NO,,,,,,,,,,,,,,,,,,,,,,,,,,,,,,,,,,,,,"05,06,11,01",,,,,3000,,3000,,,,,,3,,3,,01,,,2015-01-01,761
ст.283 ч.2,3,8160,,,1,2830002,FE1R10P1,"Незаконное обращение с радиоактивными веществами,","Радиоактивтi заттармен, радиоактивті ќалдыќтармен,",,,,,,,,,,,ALL,,,,,ALL -,,,,,,,,,,,,,,,,,,,,,,,,,1,0,,,NO,,,,,,,,,,,,,,,,,,,,,,,,,,,,,,,,,,,,,01,,"05,06,11,",,,,,,,,,,,,2,6,,01,,,2015-01-01,762
ст.283 ч.3,3,10460,,,1,2830003,FE1R10P1,"Незаконное обращение с радиоактивными веществами,","Радиоактивтi заттармен, радиоактивті ќалдыќтармен,",,,,,,,,,,,,,,,,,,,,,,,,,,,,,,,,,,,,,,,,,1,0,,,,,,,,,,,,,,,,,,,,,,,,,,,,ALL,ALL,,,,,,,,,,ALL,01,,"05,06,11,",,,,,,,,,,,,3,8,,01,,,2015-01-01,763
ст.284 ч.1,2,6710,1,,1,2840001,FE1R10P1,"Хищение либо вымогательство радиоактивных веществ,","Радиоактивтi заттарды, радиоактивті ќалдыќтарды не",,,,,,,,,,,,,,,,,,,,,,,,,,,,,,,,,,,,,,,,,1,0,,,NO,,,NO,,,,,,,,,,,,,,,,,,,,,,,,,,,,,,,,,,"05,06,11,01",,,,,5000,,5000,,,,,,5,,5,,,,,2015-01-01,764
ст.284 ч.2,3,9900,1,,1,2840002,FE1R10P1,"Хищение либо вымогательство радиоактивных веществ,","Радиоактивтi заттарды, радиоактивті ќалдыќтарды не","01,02,03,04",,,,,,04,,,01,,,,,,,02,,,,,,,,,,,,,,,,,,,,,,,,1,0,,,NO,,,04,,,,,,,,,,,,,,,,,,,,,02,,01,,,,,,,,,03,,01,,"05,06,11,",,,,,,,,,,,,4,7,,01,,,2015-01-01,765
ст.284 ч.3,3,11690,1,,1,2840003,FE1R10P1,"Хищение либо вымогательство радиоактивных веществ,","Радиоактивтi заттарды, радиоактивті ќалдыќтарды не","01,02",,,,,,,02,,,,,,,,,,,,,,,,,,,,,,,,,,,,,,,,,1,0,,,NO,,,01>,,,,,,,,,,,,,,,,,,,,,,,02,,,,,,,,,,02,01,,"05,06,11,",,,,,,,,,,,,5,10,01,,,,2015-01-01,766
ст.285 ч.1,1,2140,1,,1,2850001,FE1R10P1,Нарушение правил обращения с радиоактивными вещест,"Радиоактивтi заттармен, радиоактивті ќалдыќтармен,",,1,,,,,,,,,,,,,,,,,,,,,,,,,,,,,,,,,,,,,,,1,0,,,NO,,,,,,,,,,,,,,,,,,,,,,,,,ALL,,,,,,,,,,,,"05,06,11,01",,,,,1000,,1000,,,,,,1,,1,,02,,2,2015-01-01,767
ст.285 ч.2,3,8390,1,,1,2850002,FE1R10P1,Нарушение правил обращения с радиоактивными вещест,"Радиоактивтi заттармен, радиоактивті ќалдыќтармен,",,,,,,,,,,,,,,,,,,,,,,,,,,,,,,,,,,,,,,,,,1,0,,,NO,,,,,,,,,,,,,,,,,,,,,,,,,ALL,,,,,,,,,,,,01,,"05,06,11,",,,,,,,,,,,,,7,,02,,3,2015-01-01,768
ст.286 ч.1,2,6850,1,,1,2860001,FE1R10P1,Контрабанда изъятых из обращения предметов или пре,Айналыстан алып ќойылєан заттардыѕ немесе айналысы,,"NRK,",,,,,,,,,,,,,,,,,,,,,,,,,,,,,,,,,,,,,,,1,0,,,NO,,,NO,,,,,,,,,,,,,,,,,,,,,,,,,,,,,,,,,,"05,06,11,01",,,,,5000,,5000,,,,,,5,,5,,01,,,2015-01-01,769
ст.286 ч.2,3,12670,1,,1,2860002,FE1R10P1,Контрабанда изъятых из обращения предметов или пре,Айналыстан алып ќойылєан заттардыѕ немесе айналысы,"01,02,03,04,05","NRK,",,,,,04,,,01,,,,,,,02,,,,,,,,,,,,,,,,,,,,,,,,1,0,,,NO,,,03,,,,,,,,,,,,,,,,,,,,,01,,04,,,,,,,,,02,,01,,"05,06,11,",,,,,,,,,,,,7,12,01,,,,2015-01-01,770
ст.286 ч.3,4,13700,1,,1,2860003,FE1R10P1,Контрабанда изъятых из обращения предметов или пре,Айналыстан алып ќойылєан заттардыѕ немесе айналысы,,"NRK,",,,,,,ALL,,,,,,,,,,,,,,,,,,,,,,,,,,,,,,,,,1,0,,,NO,,,,,,,,,,,,,,,,,,,,,,,,,,ALL,,,,,,,,,,ALL,01,,"05,06,11,",,,,,,,,,,,,10,15,01,,,,2015-01-01,771
ст.286 ч.4,4,14520,1,,1,2860004,FE1R10P1,Контрабанда изъятых из обращения предметов или пре,Айналыстан алып ќойылєан заттардыѕ немесе айналысы,,"1,NRK,",,,,,,,,,,,,,,,,,,,,,,,,,,,,,,,,,,,,,,,1,0,,,NO,,,,,,,,,,,,,,,,,,,,,,,,,,,,,,,,,,,,,"01,03",,"05,06,11,",,,,,,,,,,,,15,20,01,,,,2015-01-01,772
ст.287 ч.1,0,1380,,,2,2870001,FE1R10P1,"Незаконные приобретение, передача, сбыт, хранение,","Ќаруды, оќ-дјрiлердi, жарылєыш заттарды жјне жарыл",,1,,,,,,,,,,,,,,ALL -,,,,,,,,,,,,,,,,,,,,,,,,,1,0,,,NO,,,,,,,,,,,,,,,,,,,,,,,,,,,,,,,,,,,,,"05,06,09,12",,,,,200,,200,,180,,50,,,,,,,,,2015-01-01,773
ст.287 ч.2,1,2150,,,1,2870002,FE1R10P1,"Незаконные приобретение, передача, сбыт, хранение,","Ќаруды, оќ-дјрiлердi, жарылєыш заттарды жјне жарыл",,,,,,,,,,,,,,,,,,,,,,,,,,,,,,,,,,,,,,,,,2,0,,,,,,,,,,,,,,,,,,,,,,,,,,,,,,,,,,,,,,,,"05,06,11,01",,,,,2000,,2000,,,,,,1,,1,,,,,2015-01-01,774
ст.287 ч.2,1,3310,,,1,2870002,FE1R10P1,"Незаконные приобретение, передача, сбыт, хранение,","Ќаруды, оќ-дјрiлердi, жарылєыш заттарды жјне жарыл",,,,,,,,,,,,,,,,,,,,,,,,,,,,,,,,,,,,,,,,,1,0,,,,,,,,,,,,,,,,,,,,,,,,,,,,,,,,,,,,,,,,"05,06,11,01,09",,,,,2000,,2000,,600,,,,2,,2,,,,,2020-01-11,775
ст.287 ч.3,2,6720,,,1,2870003,FE1R10P1,"Незаконные приобретение, передача, сбыт, хранение,","Ќаруды, оќ-дјрiлердi, жарылєыш заттарды жјне жарыл",,,,,,,,,,,,,,,,,,,,,,,,,,,,,,,,,,,,,,,,,1,0,,,,,,,,,,,,,,,,,,,,,,,,,,,,,,,,,,,,,,,,"05,06,11,01",,,,,5000,,5000,,,,,,5,,5,,,,,2015-01-01,776
ст.287 ч.4,3,10320,,,1,2870004,FE1R10P1,"Незаконные приобретение, передача, сбыт, хранение,","Ќаруды, оќ-дјрiлердi, жарылєыш заттарды жјне жарыл",,,,,,,,,,,,,,,,,,,,,,,,,,,,,,,,,,,,,,,,,1,0,,,,,,,,,,,,,,,,,,,,,,,,,,,ALL,,ALL,,,,,,,,,,,01,,"05,06,11,",,,,,,,,,,,,3,8,,,,,2015-01-01,777
ст.287 ч.5,3,11170,,,1,2870005,FE1R10P1,"Незаконные приобретение, передача, сбыт, хранение,","Ќаруды, оќ-дјрiлердi, жарылєыш заттарды жјне жарыл",,,,,,,,,,,,,,,,,,,,,,,,,,,,,,,,,,,,,,,,,1,0,,,,,,,,,,,,,,,,,,,,,,,,,,,,,ALL,,,,,,,,,,ALL,01,,"05,06,11,",,,,,,,,,,,,5,10,,,,,2015-01-01,778
ст.288 ч.1,2,6730,,,1,2880001,FE1R10P1,Незаконное изготовление оружия,Ќаруды заѕсыз жасау,,,,,,,,,,,,,,,,,,,,,,,,,,,,,,,,,,,,,,,,,1,0,,,NO,,,,,,,,,,,,,,,,,,,,,,,,,,,,,,,,,,,,,"05,06,11,01",,,,,5000,,5000,,,,,,5,,5,,,,,2015-01-01,779
ст.288 ч.2,3,10330,,,1,2880002,FE1R10P1,Незаконное изготовление оружия,Ќаруды заѕсыз жасау,,,,,,,,,,,,,,,,,,,,,,,,,,,,,,,,,,,,,,,,,1,0,,,NO,,,,,,,,,,,,,,,,,,,,,,,,ALL,,ALL,,,,,,,,,,,01,,"05,06,11,",,,,,,,,,,,,3,8,,,,,2015-01-01,780
ст.288 ч.3,3,11180,,,1,2880003,FE1R10P1,Незаконное изготовление оружия,Ќаруды заѕсыз жасау,,,,,,,,,,,,,,,,,,,,,,,,,,,,,,,,,,,,,,,,,1,0,,,,,,,,,,,,,,,,,,,,,,,,,,,,,ALL,,,,,,,,,,ALL,01,,"05,06,11,",,,,,,,,,,,,5,10,,,,,2015-01-01,781
ст.288 ч.4,0,2000,,,2,2880004,FE1R10P1,Незаконное изготовление оружия,Ќаруды заѕсыз жасау,,,,,,,,,,,,,,,,,,,,,,,,,,,,,,,,,,,,,,,,,1,0,,,,,,,,,,,,,,,,,,,,,,,,,,,,,,,,,,,,,,,,"05,06,09,12",,,,,200,,200,,240,,50,,,,,,,,,2014-01-01,782
ст.288 ч.4,0,2050,,,2,2880004,FE1R10P1,Незаконное изготовление оружия,Ќаруды заѕсыз жасау,,,,,,,,,,,,,,,,,,,,,,,,,,,,,,,,,,,,,,,,,0,0,,,,,,,,,,,,,,,,,,,,,,,,,,,,,,,,,,,,,,,,"05,06,09,12",,,,,300,,300,,240,,75,,,,,,,,,2015-01-01,783
ст.289,0,1450,1,,2,2890001,FE1R10P1,Небрежное хранение огнестрельного оружия,Атыс ќаруын ўќыпсыз саќтау,,,,,,,,,,,,,,,,,,,,,,,,,,,,,,,,,,,,,,,,,1,0,,,NO,,,,,,,,,,,,,,,,,,ALL,,,,,,,ALL,,,,,,,,,,,,"05,06,09,12",,,,,200,,200,,200,,50,,,,,,,,,2015-01-01,784
ст.290 ч.1,2,7230,,,1,2900001,FE1R10P1,Ненадлежащее исполнение обязанностей по охране ору,"Ќаруды, оќ-дјрiлердi, жарылєыш заттарды немесе жар",,,,,,,,,,,ALL,,,,,,,,ALL -,,,,,,,,,,,,,,,,,,,,,,1,0,,,NO,,,,,,,,,,,,,,,,,,,,,,,,,ALL,,,,,,,,,,,,"05,06,09,11,01",,,,,5000,,5000,,1200,,,,5,,5,,02,,3,2015-01-01,785
ст.290 ч.2,3,8710,,,1,2900002,FE1R10P1,Ненадлежащее исполнение обязанностей по охране ору,"Ќаруды, оќ-дјрiлердi, жарылєыш заттарды немесе жар",,,,,,,,,,,ALL,,,,,ALL -,,,,,,,,,,,,,,,,,,,,,,,,,1,0,,,NO,,,,,,,,,,,,,,,,,,,,,,,,,ALL,,,,,,,,,,,,01,,"05,06,11,",,,,,,,,,,,,2,7,02,,,3,2015-01-01,786
ст.291 ч.1,3,8880,1,,1,2910001,FE1R10P1,"Хищение либо вымогательство оружия, боеприпасов, в","Ќаруды, оќ-дјрілердi, жарылєыш заттар мен жарылыс",,,,,,,,,,,,,,,,,,,,,,,,,,,,,,,,,,,,,,,,,1,0,,,NO,,,NO,,,,,,,,,,,,,,,,,,,,,,,,,,,,,,,,,,01,,"05,06,11,",,,,,,,,,,,,3,7,,,,,2015-01-01,787
ст.291 ч.2,3,11190,1,,1,2910002,FE1R10P1,"Хищение либо вымогательство оружия, боеприпасов, в","Ќаруды, оќ-дјрілердi, жарылєыш заттар мен жарылыс",,,,,,,,,,,,,,,,,,,,,,,,,,,,,,,,,,,,,,,,,1,0,,,NO,,,03,,,,,,,,,,,,,,,,,,,,,,,,,,,,,,,,,,01,,"05,06,11,",,,,,,,,,,,,5,10,,,,,2015-01-01,788
ст.291 ч.3,3,12280,1,,1,2910003,FE1R10P1,"Хищение либо вымогательство оружия, боеприпасов, в","Ќаруды, оќ-дјрілердi, жарылєыш заттар мен жарылыс","01,02,03,04",,,,,,04,,,02,,,,,,,01,,,,,02,,,,,,,,,,,,,,,,,,,1,0,,,NO,,,,,,,,,,,,,,,,,,,,,,,,02,,04,,,,,,,,,01,,01,,"05,06,11,",,,,,,,,,,,,5,12,,01,,,2015-01-01,789
ст.291 ч.4,4,13270,1,,1,2910004,FE1R10P1,"Хищение либо вымогательство оружия, боеприпасов, в","Ќаруды, оќ-дјрілердi, жарылєыш заттар мен жарылыс","01,02",,,,,,,01,,,,,,,,,,,,,,,,,,,,,,,,,,,,,,,,,1,0,,,NO,,,02>,,,,,,,,,,,,,,,,,,,,,,,ALL,,,,,,,,,,01,01,,"05,06,11,",,,,,,,,,,,,8,15,,01,,,2015-01-01,790
ст.292 ч.1,1,4600,1,,1,2920001,FE1R10P1,Нарушение требований пожарной безопасности,Ґрт ќауiпсiздiгi талаптарын бўзу,,1,,,,,,,,,,,,,,,,,,,,,,,,,,,,,,,,,,,,,,,1,0,,,NO,,,,,,,,,,,,,,,,,,ALL,,,,,,,ALL,,,,,,,,,,,,"05,06,09,11,01",,,,,3000,,3000,,800,,,,3,,3,,02,,2,2015-01-01,791
ст.292 ч.2,2,8730,,,1,2920002,FE1R10P1,Нарушение требований пожарной безопасности,Ґрт ќауiпсiздiгi талаптарын бўзу,,,,,,,,,,,,,,,,,,,,,,,,,,,,,,,,,,,,,,,,,1,0,,,,,,,,,,,,,,,,,,,,,ALL,,,,,,,ALL,,,,,,,,,,,,"11,01",,"05,06,",,,,,,,,,,2,7,2,7,,02,,3,2015-01-01,792
ст.292 ч.3,2,11020,,,1,2920003,FE1R10P1,Нарушение требований пожарной безопасности,Ґрт ќауiпсiздiгi талаптарын бўзу,,,,,,,,,,,,,,,,,,,,,,,,,,,,,,,,,,,,,,,,,1,0,,,,,,,,,,ALL,,,,,,ALL,,,,,ALL,,,,,,,ALL,,,,,,,,,,,,01,,"05,06,11,",,,,,,,,,,,,5,10,,02,,3,2015-01-01,793
ст.293 ч.1,1,3330,,,1,2930001,FE1R10P1,Хулиганство,Бўзаќылыќ,,,,,,,,,,,,,,,,,,,,,,,,,,,,,,,,,,,,,,,,,2,0,,,NO,,,,,,,,,,,,,,,,,,,,,,,,,,,,,,,,,,,,,"05,06,09,11,01",,,,,2000,,2000,,600,,,,2,,2,,,,,2023-05-19,794
ст.293 ч.1,1,3090,,,1,2930001,FE1R10P1,Хулиганство,Бўзаќылыќ,,,,,,,,,,,,,,,,,,,,,,,,,,,,,,,,,,,,,,,,,2,0,,,NO,,,,,,,,,,,,,,,,,,,,,,,,,,,,,,,,,,,,,"05,06,09,11,01",,,,,2000,,2000,,600,,,,2,,2,,,,,2015-01-01,795
ст.293 ч.1,1,3920,,,1,2930001,FE1R10P1,Хулиганство,Бўзаќылыќ,,,,,,,,,,,,,,,,,,,,,,,,,,,,,,,,,,,,,,,,,1,0,,,NO,,,,,,,,,,,,,,,,,,,,,,,,,,,,,,,,,,,,,"05,06,09,11,01",,,,500,2000,500,2000,300,600,,,,2,,2,,,,,2024-09-04,796
ст.293 ч.2,2,7190,,,1,2930002,FE1R10P1,Хулиганство,Бўзаќылыќ,"01,02,03,04",,,,,,01,,,02,,,,,,,03,,,,,,,,,,,,,,,,,,,,,,,,2,0,,,NO,,,,,,,,,,,,,,,,,,,,,,,,03,,01,,,,,,,,,,,"05,06,09,11,01",,,,,5000,,5000,,1200,,,,5,,5,,,,,2023-05-19,797
ст.293 ч.4,3,10010,,,1,2930004,FE1R10P1,Хулиганство,Бўзаќылыќ,,,,,,,,,,,,,,,,,,,,,,,,,,,,,,,,,,,,,,,,,2,0,,,NO,,,,,,,,,,,,,,,,,,,,,,,,,,,,,,,,,,,,,01,,"05,06,11,",,,,,,,,,,,,5,7,,,,,2023-05-19,798
ст.294 ч.1,0,1350,1,,2,2940001,FE1R10P1,Вандализм,Таєылыќ,,1,,,,,,,,,,,,,,,,,,,,,,,,,,,,,,,,,,,,,,,1,0,,,NO,,,,,,,,,,,,,,,,,,,,,,,,,,,,,,,,,,,,,"05,06,09,12",,,,,200,,200,,160,,50,,,,,,,,,2024-09-04,799
ст.294,0,790,1,,2,2940001,FE1R10P1,Вандализм,Таєылыќ,,1,,,,,,,,,,,,,,,,,,,,,,,,,,,,,,,,,,,,,,,2,0,,,NO,,,,,,,,,,,,,,,,,,,,,,,,,,,,,,,,,,,,,"05,06,09,12",,,,,160,,160,,160,,40,,,,,,,,,2015-01-01,800
ст.294 ч.2,2,4460,1,,1,2940002,FE1R10P1,Вандализм,Таєылыќ,"01,02,03,04",,,,,,,,,,,,,,,,,,,,,,,,,,,,,,,,,,,,,,,,1,0,,,NO,,,,,,,,,,,,,,,,,,,,,,,,04,,02,,,,,,,,,,,"01,05,06,09,11",,,,500,2000,500,2000,300,600,,,,3,,3,,,,,2024-09-04,801
ст.295 ч.1,1,3500,1,,1,2950001,FE1R10P1,Незаконное проведение археологических работ,Археологиялыќ жўмыстарды заѕсыз жїргізу,,,,,,,,,,,,,,,,,,,,,,,,,,,,,,,,,,,,,,,,,1,0,,,NO,,,,,,,,,,,,,,,,,,,,,,,,,,,,,,,,,,,,,"05,06,09,11,01",,,,,2000,,2000,,600,,,,2,,2,,02,,3,2015-01-01,802
ст.295 ч.2,2,7240,1,,1,2950002,FE1R10P1,Незаконное проведение археологических работ,Археологиялыќ жўмыстарды заѕсыз жїргізу,"01,02,03,04",,,,,,01,,,02,,,,,,,03,,,,,,,,,,,,,,,,,,,,,,,,1,0,,,NO,,,,,,,,,,,,,,,,,,,,,,,,02,,02,,,,,,,,,,,"05,06,09,11,01",,,,,5000,,5000,,1200,,,,5,,5,,02,,3,2015-01-01,803
ст.295 ч.3,3,11200,1,,1,2950003,FE1R10P1,Незаконное проведение археологических работ,Археологиялыќ жўмыстарды заѕсыз жїргізу,,,,,,,,,,,,,,,,,,,,,,,,,,,,,,,,,,,,,,,,,1,0,,,NO,,,,,,,,,,,,,,,,,,,,,,,,,,ALL,,,,,,,,,,ALL,01,,"05,06,11,",,,,,,,,,,,,5,10,,,,,2015-01-01,804
ст.295-1 ч.1,0,1890,1,,2,2950101,FE1R10P1,Незаконный оборот драгоценных металлов и драгоценн,"Баєалы металдар мен асыл тастардыѕ, ќўрамында баєа",,,,,,,,,,,,,,,,,,,,,,,,,,,,,,,,,,,,,,,,,1,0,,,NO,,,,,,,,,,,,,,,,,,,,,,,,,,,,,,,,,,,,,"05,06,09,12",,,,,200,,200,,200,,50,,,,,,02,,3,2021-09-03,805
ст.295-1 ч.2,2,5050,1,,1,2950102,FE1R10P1,Незаконный оборот драгоценных металлов и драгоценн,"Баєалы металдар мен асыл тастардыѕ, ќўрамында баєа",,,,,,,,,,,,,,,,,,,,,,,,,,,,,,,,,,,,,,,,,1,0,,,NO,,,,,,,,,,,,,,,,,,,,,,,,,,,,,,,,,,,,,"05,06,09,11,01",,,,,3000,,3000,,800,,,,3,,3,,02,,3,2021-09-03,806
ст.295-1 ч.3,3,8410,1,,1,2950103,FE1R10P1,Незаконный оборот драгоценных металлов и драгоценн,"Баєалы металдар мен асыл тастардыѕ, ќўрамында баєа",,,,,,,,,,,,,,,,,,,,,,,,,,,,,,,,,,,,,,,,,1,0,,,NO,,,,,,,,,,,,,,,,,,,,,,,,,,ALL,,,,,,,,,,ALL,01,,"05,06,11,",,,,,,,,,,,,,7,02,,,5,2021-09-03,807
ст.296 ч.1,0,260,1,,2,2960001,FE1R10P1,"Незаконное обращение с наркотическими средствами,п","Незаконное обращение с наркотическими средствами,п",,"NRK,",,,,,,,,,,,,,,,,,,,,,,,,,,,,,,,,,,,,,,,1,0,,,NO,,,,,,,,,,,,,,,,,,,,,,,,,,,,,,,,,,,,,"05,06,09,12",,,,,80,,80,,80,,20,,,,,,,,,2015-01-01,808
ст.296 ч.2,0,800,1,,2,2960002,FE1R10P1,"Незаконное обращение с наркотическими средствами,п","Незаконное обращение с наркотическими средствами,п",,"NRK,",,,,,,,,,,,,,,,,,,,,,,,,,,,,,,,,,,,,,,,1,0,,,NO,,,,,,,,,,,,,,,,,,,,,,,,,,,,,,,,,,,,,"05,06,09,12",,,,,160,,160,,160,,40,,,,,,,,,2015-01-01,809
ст.296 ч.3,0,1610,1,,2,2960003,FE1R10P1,"Незаконное обращение с наркотическими средствами,п","Незаконное обращение с наркотическими средствами,п",,"NRK,",,,,,,,,,,,,,,,,,,,,,,,,,,,,,,,,,,,,,,,1,0,,,NO,,,,,,,,,,,,,,,,,,,,,,,,,,,,,,,,,,,,,"05,06,09,12",,,,,200,,200,,200,,50,,,,,,,,,2015-01-01,810
ст.296 ч.4,3,8890,1,,1,2960004,FE1R10P1,"Незаконное обращение с наркотическими средствами,п","Незаконное обращение с наркотическими средствами,п",,"NRK,",,,,,,,,,,,,,,,,,,,,,,,,,,,,,,,,,,,,,,,1,0,,,NO,,,,,,,,,,,,,,,,,,,,,,,,,,,,,,,,,,,,,01,,"05,06,11,",,,,,,,,,,,,3,7,,,,,2015-01-01,811
ст.297 ч.1,3,11770,1,,1,2970001,FE1R10P1,"Незаконные изготовление, переработка, приобретение","Есірткі, психотроптыќ заттарды, сол тектестерді ґт",,"NRK,",,,,,,,,,ALL,,,,,,,,,,,,,,,,,,,,,,,,,,,,,,1,0,,,NO,,,,,,,,,,,,,,,,,,,,,,,,,,,,,,,,,,,,,01,,"05,06,11,",,,,,,,,,,,,5,10,01,,,,2025-03-06,812
ст.297 ч.1,3,11700,1,,1,2970001,FE1R10P1,"Незаконные изготовление, переработка, приобретение","Есірткі, психотроптыќ заттарды, сол тектестерді ґт",,"NRK,",,,,,,,,,ALL,,,,,,,,,,,,,,,,,,,,,,,,,,,,,,2,0,,,NO,,,,,,,,,,,,,,,,,,,,,,,,,,,,,,,,,,,,,01,,"05,06,11,",,,,,,,,,,,,5,10,01,,,,2015-01-01,813
ст.297 ч.2,3,12360,1,,1,2970002,FE1R10P1,"Незаконные изготовление, переработка, приобретение","Есірткі, психотроптыќ заттарды, сол тектестерді ґт",,"NRK,",,,,,,,,,ALL,,,,,,,,,,,,,,,,,,,,,,,,,,,,,,2,0,,,NO,,,,,,,,,,,,,,,,,,,,,,,,,,,,,,,,,,,,,01,,"05,06,11,",,,,,,,,,,,,6,12,01,,,,2015-01-01,814
ст.297 ч.2,3,12380,1,,1,2970002,FE1R10P1,"Незаконные изготовление, переработка, приобретение","Есірткі, психотроптыќ заттарды, сол тектестерді ґт",,"NRK,",,,,,,,,,ALL,,,,,,,,,,,,,,,,,,,,,,,,,,,,,,1,0,,,NO,,,,,,,,,,,,,,,,,,,,,,,,,,,,,,,,,,,,,01,,"05,06,11,",,,,,,,,,,,,6,12,01,,,,2025-03-06,815
ст.297 ч.3,4,13740,1,,1,2970003,FE1R10P1-,"Незаконные изготовление, переработка, приобретение","Есірткі, психотроптыќ заттарды, сол тектестерді ґт","01,02,03,04,05,06","NRK,",,,,,01,,,02,ALL,,,01,,,04,,,,,,,,,,,,,,,,,,,,,,,,2,0,,,NO,,,,,,,,,,,,,,,,,,,,,,,,02,,01,,,,,,,,,,,01,,"05,06,11,",,,,,,,,,,,,10,15,01,,,,2020-01-11,816
ст.297 ч.3,4,13710,1,,1,2970003,FE1R10P1-,"Незаконные изготовление, переработка, приобретение","Есірткі, психотроптыќ заттарды, сол тектестерді ґт","01,02,03,04","NRK,",,,,,01,,,02,ALL,,,01,,,04,,,,,,,,,,,,,,,,,,,,,,,,2,0,,,NO,,,,,,,,,,,,,,,,,,,,,,,,02,,01,,,,,,,,,,,01,,"05,06,11,",,,,,,,,,,,,10,15,01,,,,2015-01-01,817
ст.297 ч.3,3,13130,1,,1,2970003,FE1R10P1,"Незаконные изготовление, переработка, приобретение","Есірткі, психотроптыќ заттарды, сол тектестерді ґт","01,02,03,04,05,06","NRK,",,,,,01,,,02,ALL,,,01,,,04,,,,,,,,,,,,,,,,,,,,,,,,1,0,,,NO,,,,,,,,,,,,,,,,,,,,,,,,02,,01,,,,,,,,,,,01,,"05,06,11,",,,,,,,,,,,,10,12,01,,,,2015-01-01,818
ст.297 ч.4,4,14530,1,,1,2970004,FE1R10P1,"Незаконные изготовление, переработка, приобретение","Есірткі, психотроптыќ заттарды, сол тектестерді ґт",,"NRK,",,,,,,,,,ALL,,,,,ALL -,,,,,,,,,,,,,,,,,,,,,,,,,2,0,,,NO,,,,,,,,,,,,,,,,,,,,,,,,,,ALL,,,,,,,,,ALL,ALL,"01,03",,"05,06,11,",,,,,,,,,,,,15,20,01,,,,2015-01-01,819
ст.297 ч.4,4,14560,1,,1,2970004,FE1R10P1,"Незаконные изготовление, переработка, приобретение","Есірткі, психотроптыќ заттарды, сол тектестерді ґт",,"NRK,",,,,,,,,,ALL,,,,,ALL -,,,,,,,,,,,,,,,,,,,,,,,,,1,0,,,NO,,,,,,,,,,,,,,,,,,,,,,,,,,ALL,,,,,,,,,ALL,ALL,"01,03",,"05,06,11,",,,,,,,,,,,,15,20,01,,,,2025-03-06,820
ст.297-1 ч.1,3,11780,1,,1,2970101,FE1R10P1,"Незаконные изготовление, переработка, производство","Есірткі, психотроптыќ заттарды, сол тектестерді ґт",,"NRK,",,,,,,,,,ALL,,,,,,,,,,,,,,,,,,,,,,,,,,,,,,1,0,,,NO,,,,,,,,,,,,,,,,,,,,,,,,,,,,,,,,,,,,,01,,"05,06,11,",,,,,,,,,,,,5,10,01,,,,2025-03-06,821
ст.297-1 ч.2,3,12390,1,,1,2970102,FE1R10P1,"Незаконные изготовление, переработка, производство","Есірткі, психотроптыќ заттарды, сол тектестерді ґт",,"NRK,",,,,,,,,,ALL,,,,,,,,,,,,,,,,,,,,,,,,,,,,,,1,0,,,NO,,,,,,,,,,,,,,,,,,,,,,,,,,,,,,,,,,,,,01,,"05,06,11,",,,,,,,,,,,,6,12,01,,,,2025-03-06,822
ст.337 ч.4,3,8330,,,1,3370004,FE1R10P1,Незаконная охота,Заѕсыз аѕшылыќ,"01,02,03,04",,,,,,,,,,,,,,,,03,,04,,,,,,,,,,,,,,,,,,,,,,1,0,,,,,,,,,,,,,,,,,,,,,,,,,,,,,,,,,,,,01,,03,,"05,06,11,01",,,,,6000,,6000,,,,,3,6,3,6,"01,02",,,7,2020-01-11,823
ст.297-1 ч.3,3,13140,1,,1,2970103,FE1R10P1,"Незаконные изготовление, переработка, производство","Есірткі, психотроптыќ заттарды, сол тектестерді ґт","01,02,03","NRK,",,,,,01,,,02,ALL,,,01,,,,,,,,,,,,,,,,,,,,,,,,,,,1,0,,,NO,,,,,,,,,,,,,,,,,,,,,,,,02,,01,,,,,,,,,,,01,,"05,06,11,",,,,,,,,,,,,10,12,01,,,,2025-03-06,824
ст.297-1 ч.4,4,14570,1,,1,2970104,FE1R10P1,"Незаконные изготовление, переработка, производство","Есірткі, психотроптыќ заттарды, сол тектестерді ґт",,"NRK,",,,,,,,,,ALL,,,,,ALL -,,,,,,,,,,,,,,,,,,,,,,,,,1,0,,,NO,,,,,,,,,,,,,,,,,,,,,,,,,,ALL,,,,,,,,,ALL,ALL,"01,03",,"05,06,11,",,,,,,,,,,,,15,20,01,,,,2025-03-06,825
ст.298 ч.1,3,8900,1,,1,2980001,FE1R10P1,"Хищение либо вымогательство наркотических средств,","Есірткі, психотроптыќ заттарды, сол тектестерді жы",,"NRK,",,,,,,,,,,,,,,,,,,,,,,,,,,,,,,,,,,,,,,,1,0,,,NO,,,NO,,,,,,,,,,,,,,,,,,,,,,,,,,,,,,,,,,01,,"05,06,11,",,,,,,,,,,,,3,7,,,,,2015-01-01,826
ст.298 ч.2,3,11980,1,,1,2980002,FE1R10P1,"Хищение либо вымогательство наркотических средств,","Есірткі, психотроптыќ заттарды, сол тектестерді жы","01,02,03,04","NRK,",,,,,01,,,02,,,,,,,03,,,,,,,,,,,,,,,,,,,,,,,,1,0,,,NO,,,04,,,,,,,,,,,,,,,,,,,,,02,,01,,,,,,,,,03,,01,,"05,06,11,",,,,,,,,,,,,6,10,01,,,,2015-01-01,827
ст.298 ч.3,4,13720,1,,1,2980003,FE1R10P1,"Хищение либо вымогательство наркотических средств,","Есірткі, психотроптыќ заттарды, сол тектестерді жы","01,02,03","NRK,",,,,,01,,,02,,,,,,,03,,,,,,,,,,,,,,,,,,,,,,,,1,0,,,NO,,,,,,,,,,,,,,,,,,,,,,,,,,01,,,,,,,,,,01,01,,"05,06,11,",,,,,,,,,,,,10,15,01,,,,2015-01-01,828
ст.298 ч.4,4,14540,1,,1,2980004,FE1R10P1,"Хищение либо вымогательство наркотических средств,","Есірткі, психотроптыќ заттарды, сол тектестерді жы",,"NRK,",,,,,01,,,02,,,,,,,03,,,,,,,,,,,,,,,,,,,,,,,,1,0,,,NO,,,,,,,,,,,,,,,,,,,,,,,,,ALL,,,,,,,,,,,,"01,03",,"05,06,11,",,,,,,,,,,,,15,20,01,,,,2015-01-01,829
ст.299 ч.1,2,5670,1,,1,2990001,FE1R10P1,"Склонение к потреблению наркотических средств, пси","Есірткі, психотроптыќ заттарды, сол тектестерді тў",,"NRK,",,,,,,,,,,,,,,,,,,,,,,,,,,,,,,,,,,,,,,,1,0,,,NO,,,NO,,,,,,,,,,,,,,,,,,,,,,,,,,,,,,,,,,"05,06,09,11,01",,,,,4000,,4000,,1000,,,,4,,4,,,,,2015-01-01,830
ст.299 ч.2,3,10340,1,,1,2990002,FE1R10P1,"Склонение к потреблению наркотических средств, пси","Есірткі, психотроптыќ заттарды, сол тектестерді тў","01,02","NRK,",,,,,01,,,02,,,,,,,,,,,,,,,,,,,,,,,,,,,,,,,2,0,,,NO,,,02,,,,,,,,,,,,,,,,,,,,,02,,01,,,,,,,,,05,,01,,"05,06,11,",,,,,,,,,,,,3,8,,,,,2015-01-01,831
ст.299 ч.2,3,10400,1,,1,2990002,FE1R10P1,"Склонение к потреблению наркотических средств, пси","Есірткі, психотроптыќ заттарды, сол тектестерді тў","01,02,03","NRK,",,,,,01,,,02,,,,,,,,,,,,,,,,,,,,,,,,,,,,,,,1,0,,,NO,,,02,,,,,,,,,,,,,,,,,,,,,02,,01,,,,,,,,,05,,01,,"05,06,11,",,,,,,,,,,,,3,8,,,,,2020-01-11,832
ст.299 ч.3,3,12060,1,,1,2990003,FE1R10P1,"Склонение к потреблению наркотических средств, пси","Есірткі, психотроптыќ заттарды, сол тектестерді тў","01,02,03","NRK,",,,,,,03,,,,,,01,,,,,,,,,,,,,,,,,,,,,,,,,,,1,0,,,NO,,,,,,,,,,,,,,,,,,,,,,,,,,03,,,,,,,,,,03,01,,"05,06,11,",,,,,,,,,,,,7,10,,,,,2015-01-01,833
ст.299 ч.4,4,14450,1,,1,2990004,FE1R10P1,"Склонение к потреблению наркотических средств, пси","Есірткі, психотроптыќ заттарды, сол тектестерді тў",,"NRK,",,,,,,ALL,,,,,,,,,,,,,,,,,,,,,,,,,,,,,,,,,1,0,,,NO,,,,,,,,,,,,,,,,,,,,,,,,,ALL,,,,,,,,,,,,"01,03",,"05,06,11,",,,,,,,,,,,,15,20,,,,,2015-01-01,834
ст.299-1 ч.1,2,4020,1,,1,2990101,FE1R10P1,Пропаганда или незаконная реклама наркотических ср,Пропаганда или незаконная реклама наркотических ср,,"NRK,",,,,,,,,,,,,,,,,,,,,,,,,,,,,,,,,,,,,,,,1,0,,,NO,,,NO,,,,,,,,,,,,,,,,,,,,,,,,,,,,,,,,,,01,,"05,06,09,11,",,,,,,,,,,,,,3,,,,,2020-01-11,835
ст.299-1 ч.2,3,8190,1,,1,2990102,FE1R10P1,Пропаганда или незаконная реклама наркотических ср,Пропаганда или незаконная реклама наркотических ср,"01,02,03,04,05","NRK,",,,,,,,,,,,,,,,,,,,,,,,,,,,,,,,,,,,,,,,1,0,,,NO,,,NO,,,,,,,,,,,,,,,,,,,,,02,,01,,,,,,,,,,,01,,"05,06,09,11,",,,,,,,,,,,,3,6,,,,,2020-01-11,836
ст.300 ч.1,1,3100,1,,1,3000001,FE1R10P1,Незаконное культивирование запрещенных к возделыва,"Ќўрамында есiрткi заттар бар, ґсiруге тыйым салынє",,"NRK,",,,,,,,,,,,,,,,,,,,,,,,,,,,,,,,,,,,,,,,2,0,,,NO,,,,,,,,,,,,,,,,,,,,,,,,,,,,,,,,,,,,,"05,06,09,11,01",,,,,2000,,2000,,600,,,,2,,2,,,,,2015-01-01,837
ст.300 ч.1,1,3340,1,,1,3000001,FE1R10P1,Незаконное культивирование запрещенных к возделыва,"Ќўрамында есiрткi заттар бар, ґсiруге тыйым салынє",,"NRK,",,,,,,,,,,,,,,,,,,,,,,,,,,,,,,,,,,,,,,,1,0,,,NO,,,,,,,,,,,,,,,,,,,,,,,,,,,,,,,,,,,,,"05,06,09,11,01",,,,,2000,,2000,,600,,,,2,,2,,,,,2025-03-06,838
ст.300 ч.2,3,10350,1,,1,3000002,FE1R10P1,Незаконное культивирование запрещенных к возделыва,"Ќўрамында есiрткi заттар бар, ґсiруге тыйым салынє","01,02,03","NRK,",,,,,01,,,02,,,,,,,01,,03,,,,,,,,,,,,,,,,,,,,,,2,0,,,NO,,,,,,,,,,,,,,,,,,,,,,,,02,,01,,,,,,,,,,,01,,"05,06,11,",,,,,,,,,,,,3,8,,,,,2015-01-01,839
ст.300 ч.2,3,10440,1,,1,3000002,FE1R10P1,Незаконное культивирование запрещенных к возделыва,"Ќўрамында есiрткi заттар бар, ґсiруге тыйым салынє","01,02,03","NRK,",,,,,01,,,02,,,,,,,01,,03,,,,,,,,,,,,,,,,,,,,,,1,0,,,NO,,,,,,,,,,,,,,,,,,,,,,,,02,,01,,,,,,,,,,,01,,"05,06,11,",,,,,,,,,,,,3,8,,,,,2025-03-06,840
ст.300 ч.3,3,12600,1,,1,3000003,FE1R10P1,Незаконное культивирование запрещенных к возделыва,"Ќўрамында есiрткi заттар бар, ґсiруге тыйым салынє","01,02","NRK,",,,,,01,,,02,,,,,,,01,,,,,,,,,,,,,,,,,,,,,,,,1,0,,,NO,,,,,,,,,,,,,,,,,,,,,,,,,,01,,,,,,,,,,01,01,,"05,06,11,",,,,,,,,,,,,7,12,,01,,,2025-03-06,841
ст.301 ч.1,2,6100,1,,1,3010001,FE1R10P1,"Незаконный оборот ядовитых веществ, а также вещест","Незаконный оборот ядовитых веществ, а также вещест",,"1,NRK,",,,,,,,,,,,,,,,,,,,,,,,,,,,,,,,,,,,,,,,1,0,,,NO,,,,,,,,,,,,,,,,,,,,,,,,,,,,,,,,,,,,,01,,"05,06,11,",,,,,,,,,,,,,5,,,,,2015-01-01,842
ст.301 ч.2,3,7860,1,,1,3010002,FE1R10P1,"Незаконный оборот ядовитых веществ, а также вещест","Незаконный оборот ядовитых веществ, а также вещест",,"NRK,",,,,,,,,,,,,,,,,,,,,,,,,,,,,,,,,,,,,,,,2,0,,,NO,,,,,,,,,,,,,,,,,,,,,,,,,,,,,,,,,,,,,01,,"05,06,11,",,,,,,,,,,,,,6,,,,,2015-01-01,843
ст.301 ч.2,3,9000,1,,1,3010002,FE1R10P1,"Незаконный оборот ядовитых веществ, а также вещест","Незаконный оборот ядовитых веществ, а также вещест",,"NRK,",,,,,,,,,,,,,,,,,,,,,,,,,,,,,,,,,,,,,,,1,0,,,NO,,,,,,,,,,,,,,,,,,,,,,,,,,,,,,,,,,,,,01,,"05,06,11,",,,,,,,,,,,,3,7,,,,,2020-01-11,844
ст.301 ч.3,3,10660,1,,1,3010003,FE1R10P1,"Незаконный оборот ядовитых веществ, а также вещест","Улы заттардыѕ, сондай-аќ есiрткi, психотроптыќ нем","01,02,03","NRK,",,,,,02,,,03,,,,,,,01,,,,,,,,,,,,,,,,,,,,,,,,2,0,,,,,,,,,,,,,,,,,,,,,,,,,,,03,,02,,,,,,,,,01,,01,,"05,06,11,",,,,,,,,,,,,5,8,,,,,2015-01-01,845
ст.301 ч.3,3,12110,1,,1,3010003,FE1R10P1,"Незаконный оборот ядовитых веществ, а также вещест","Незаконный оборот ядовитых веществ, а также вещест","01,02,03,04","NRK,",,,,,02,,,03,,,,,,,01,,,,,,,,,,,,,,,,,,,,,,,,1,0,,,,,,,,,,,,,,,,,,,,,,,,,,,03,,02,,,,,,,,,01,,01,,"05,06,11,",,,,,,,,,,,,7,10,,,,,2020-01-11,846
ст.367 ч.2,2,6340,,,1,3670002,FE1R10P1,Дача взятки,Пара беру,,"KR,",ALL,,,,,,,,,,,,,,ALL,,,,,,,,,,,,,,,,,,,,,,,,2,0,,,NO,,,,,,,,,,,,,,,,,,,,,,,,,,,,,,,,,,,,,"05,01",,,,20xN,30xN,,,,,,,,,,5,22,01,,,2015-01-01,847
ст.301 ч.4,4,13460,1,,1,3010004,FE1R10P1,"Незаконный оборот ядовитых веществ, а также вещест","Незаконный оборот ядовитых веществ, а также вещест",,"NRK,",,,,,,,,,,,,,,,,,,,,,,,,,,,,,,,,,,,,,,,1,0,,,,,,,,,,,,,,,,,,,,,,,,,,,,,ALL,,,,,,,,,,ALL,01,,"05,06,11,",,,,,,,,,,,,10,15,,,,,2020-01-11,848
ст.301 ч.4,3,12070,1,,1,3010004,FE1R10P1,"Незаконный оборот ядовитых веществ, а также вещест","Улы заттардыѕ, сондай-аќ есiрткi, психотроптыќ нем",,"NRK,",,,,,,,,,,,,,,,,,,,,,,,,,,,,,,,,,,,,,,,2,0,,,,,,,,,,,,,,,,,,,,,,,,,,,,,ALL,,,,,,,,,,ALL,01,,"05,06,11,",,,,,,,,,,,,7,10,,,,,2015-01-01,849
ст.301-1 ч.1,0,1690,1,,2,3010101,FE1R10P1,"Оборот некурительных табачных изделий, электронных","Шегілмейтін темекі бўйымдарыныѕ, электрондыќ тўтын",,,,,,,,,,,,,,,,,,,,,,,,,,,,,,,,,,,,,,,,,1,0,,,NO,,,,,,,,,,,,,,,,,,,,,,,,,,,,,,,,,,,,,"05,06,09,12",,,,,200,,200,,200,,50,,,,,,,,,2024-06-15,850
ст.301-1 ч.2,1,3380,1,,1,3010102,FE1R10P1,"Оборот некурительных табачных изделий, электронных","Шегілмейтін темекі бўйымдарыныѕ, электрондыќ тўтын",,,,,,,,,,,,,,,,,,,,,,,,,,,,,,,,,,,,,,,,,1,0,,,NO,,,,,,,,,,,,,,,,,,,,,,,,,,,,,,,,,,,,,"05,06,09,11,01",,,,,2000,,2000,,600,,,,2,,2,,01,,,2024-06-15,851
ст.301-1 ч.3,2,7330,1,,1,3010103,FE1R10P1,"Оборот некурительных табачных изделий, электронных","Шегілмейтін темекі бўйымдарыныѕ, электрондыќ тўтын","01,02,03",,,,,,,,,,,,,,,,,,,,,,,,,,,,,,,,,,,,,,,,1,0,,,NO,,,,,,,,,,,,,,,,,,,,,,,,03,,01,,,,,,,,,,01,"05,06,09,11,01",,,,,5000,,5000,,1200,,,,5,,5,01,,,,2024-06-15,852
ст.302 ч.1,3,9270,,,1,3020001,FE1R10P1,Организация или содержание притонов для потреблени,"Есірткі, психотроптыќ заттарды, сол тектестерді тў",,"NRK,",,,,,,,,,,,,,,,,,,,,,,,,,,,,,,,,,,,,,,,1,0,,,NO,,,,,,,,,,,,,,,,,,,,,,,,,,,,,,,,,,,,,01,,"05,06,11,",,,,,,,,,,,,3,7,01,,,,2015-01-01,853
ст.302 ч.2,3,12680,,,1,3020002,FE1R10P1,Организация или содержание притонов для потреблени,"Есірткі, психотроптыќ заттарды, сол тектестерді тў","01,02,03","NRK,",,,,,,03,,02,ALL,,,,,ALL,01,,,,,,,,,,,,,,,,,,,,,,,,1,0,,,NO,,,,,,,,,,,,,,,,,,,,,,,,02,,03,,,,,,,,,01,03,01,,"05,06,11,",,,,,,,,,,,,7,12,01,,,,2015-01-01,854
ст.303 ч.1,0,1060,,,2,3030001,FE1R10P1,Нарушение правил обращения с наркотическими средст,"Есiрткi, психотроптыќ немесе улы заттармен жўмыс і",,"NRK,",,,,,,,,,,,,,,,,,,,,,,,,,,,,,,,,,,,,,,,1,0,,,NO,,,,,,,,,,,,,,,,,,,,,,,,,,,,,,,,,,,,,"05,06,09,12",,,,,160,,160,,160,,40,,,,,,02,,3,2015-01-01,855
ст.303 ч.2,2,5250,,,1,3030002,FE1R10P1,Нарушение правил обращения с наркотическими средст,"Есiрткi, психотроптыќ немесе улы заттармен жўмыс і",,"NRK,",,,,,,,,,,,,,,,,,,,,,,,,,,,,,,,,,,,,,,,1,0,,,NO,,,,,,,,,,,,,,,,,,,,,,,,,ALL,,,,,,,,,,,,"05,06,09,11,01",,,,,3000,,3000,,800,,,,3,,3,02,,,3,2015-01-01,856
ст.304 ч.1,1,2880,,,1,3040001,FE1R10P1,Нарушение санитарных правил или гигиенических норм,Санитариялыќ ќаєидаларды немесе гигиеналыќ нормати,,1,,,,,,,,,ALL,,,,,,,,,,,,,,,,,,,,,,,,,,,,,,1,0,,,NO,,,,,,ALL,,,,,,,,,,,,ALL,,,,,,,ALL,,,,,,,,,,,,"05,06,09,11,01",,,,,2000,,2000,,600,,,,2,,2,,02,,3,2015-01-01,857
ст.304 ч.2,1,6400,,,1,3040002,FE1R10P1,Нарушение санитарных правил или гигиенических норм,Санитариялыќ ќаєидаларды немесе гигиеналыќ нормати,"01,02",,,,,,,,,,ALL,,02,,,,,,,,,,,,,,,,,,,,,,,,,,,,1,0,,,NO,,,,,,,,,,,,ALL,,,,,,ALL,,,,,,,ALL,,,,,,,,,,,,"11,01",,"05,06,",,,,,,,,,,,5,,5,,,,,2015-01-01,858
ст.304 ч.3,2,11030,,,1,3040003,FE1R10P1,Нарушение санитарных правил или гигиенических норм,Санитариялыќ ќаєидаларды немесе гигиеналыќ нормати,,,,,,,,,,,ALL,,,,,ALL,,,,,,,,,,,,,,,,,,,,,,,,,1,0,,,NO,,,,,,,,,,,,,ALL,,,,,ALL,,,,,,,ALL,,,,,,,,,,,,01,,"05,06,11,",,,,,,,,,,,,5,10,,02,,3,2015-01-01,859
ст.305 ч.1,1,3510,,,1,3050001,FE1R10P1,"Сокрытие информации об обстоятельствах, создающих",Адамдардыѕ ґмiрiне немесе денсаулыєына ќауiп тґндi,,,,,,,,,,,,,,,,,,,,,,,,,,,,,,,,,,,,,,,,,1,0,,,NO,,,,,,,,,,,,,,,,,,,,,,,,,,,,,,,,,,,,,"05,06,09,11,01",,,,,2000,,2000,,600,,,,2,,2,,02,,3,2015-01-01,860
ст.305 ч.2,2,5770,,,1,3050002,FE1R10P1,"Сокрытие информации об обстоятельствах, создающих",Адамдардыѕ ґмiрiне немесе денсаулыєына ќауiп тґндi,"01,02,03,04",,,,,,02,,,,,,,01,,,04,,,,,,,,,,,,,,,,,,,,,,,,1,0,,,NO,,,,,,,,,,,,,,,,,,,,,,,,,ALL,,,,,,,,,,,,"05,06,09,11,01",,,,,4000,,4000,,1000,,,,4,,4,,02,,3,2015-01-01,861
ст.306 ч.1,0,700,1,,2,3060001,FE1R10P1,"Выпуск или продажа товаров, выполнение работ либо",Ќауiпсiздiк талаптарына сай келмейтін тауарларды ш,,,,,,,,,,,ALL,,,,,,,,,,,,,,,,,,,,,,,,,,,,,,1,0,,,NO,,,,,,ALL,,,,,,,,,,,,ALL,,,,,,,,,,,,,,,,,,,"05,06,09,12",,,,,160,,160,,160,,40,,,,,,02,,3,2015-01-01,862
ст.306 ч.2,1,7040,1,,1,3060002,FE1R10P1,"Выпуск или продажа товаров, выполнение работ либо",Ќауiпсiздiк талаптарына сай келмейтін тауарларды ш,"01,02",,,,,,,,,,ALL,,,,,,,,,,,,,,,,,,,,,,,,,,,,,,1,0,,,NO,,,,,,,02,,,01,,,,,,,,ALL,,,,,,,,,,,,,,,,,,,"05,06,09,11,01",,,,,5000,,5000,,1200,,,,5,,5,,02,,3,2015-01-01,863
ст.306 ч.3,2,10560,1,,1,3060003,FE1R10P1,"Выпуск или продажа товаров, выполнение работ либо",Ќауiпсiздiк талаптарына сай келмейтін тауарларды ш,,,,,,,,ALL,,,ALL,,,,,,,,,,,,,,,,,,,,,,,,,,,,,,1,0,,,NO,,,,,,,,,,,,ALL,,,,,,ALL,,,,,,,ALL,,,,,,,,,,,,01,,"05,06,11,",,,,,,,,,,,,4,8,,,,,2015-01-01,864
ст.307 ч.1,1,3600,1,,1,3070001,FE1R10P1,Организация незаконного игорного бизнеса,Заѕсыз ойын бизнесiн ўйымдастыру,,,,,,,,,,,,,,,,,,,,,,,,,,,,,,,,,,,,,,,,,1,0,,,,,,,,,,,,,,,,,,,,,,,,,,,,,,,,,,,,,,,,"05,06,09,11,01",,,,,2000,,2000,,600,,,,2,,2,01,,,,2015-01-01,865
ст.307 ч.2,2,7370,1,,1,3070002,FE1R10P1,Организация незаконного игорного бизнеса,Заѕсыз ойын бизнесiн ўйымдастыру,"01,02,03,04,05",,,,,,02,,,,,,,01,,,04,,,,,,,,,,,,,,,,,,,,,,,,1,0,,,,,,,,,,,,,,,,,,,,,,,,,,,05,,02,,,,,,,,,04,,"05,06,09,11,01",,,,,5000,,5000,,1200,,,,5,,5,01,,,,2025-09-16,866
ст.307 ч.2,2,7310,1,,1,3070002,FE1R10P1,Организация незаконного игорного бизнеса,Заѕсыз ойын бизнесiн ўйымдастыру,"01,02,03,04",,,,,,02,,,,,,,01,,,04,,,,,,,,,,,,,,,,,,,,,,,,2,0,,,,,,,,,,,,,,,,,,,,,,,,,,,05,,02,,,,,,,,,04,,"05,06,09,11,01",,,,,5000,,5000,,1200,,,,5,,5,01,,,,2015-01-01,867
ст.307 ч.3,3,9970,1,,1,3070003,FE1R10P1,Организация незаконного игорного бизнеса,Заѕсыз ойын бизнесiн ўйымдастыру,"01,02,03",,,,,,,01,,,,,,,,,,,,,,,,,,,,,,,,,,,,,,,,,1,0,,,,,,,,,,,,,,,,,,,,,,,,,,,,,01,,,,,,,,,,01,"01,05",,"05,06,11,",,10xK,20xK,,,,,,,,,4,7,01,,,,2020-01-11,868
ст.307 ч.3,3,9960,1,,1,3070003,FE1R10P1,Организация незаконного игорного бизнеса,Заѕсыз ойын бизнесiн ўйымдастыру,"01,02,03","KR,",,,,,,01,,,,,,,,,,,,,,,,,,,,,,,,,,,,,,,,,2,0,,,,,,,,,,,,,,,,,,,,,,,,,,,,,01,,,,,,,,,,01,"01,05",,"05,06,11,",,10xK,20xK,,,,,,,,,4,7,01,,,,2015-01-01,869
ст.308 ч.1,2,5120,1,,1,3080001,FE1R10P1,Вовлечение в занятие проституцией,Жезґкшелiкпен айналысуєа тарту,,,,,,,,,,,,,,,,,,,,,,,,,,,,,,,,,,,,,,,,,1,0,,,NO,,,,,,,,,,,,,,,,,,,,,,,,,,,,,,,,,,,,,"05,06,09,11,01",,,,,3000,,3000,,800,,,,3,,3,01,,,,2015-01-01,870
ст.308 ч.2,3,8250,1,,1,3080002,FE1R10P1,Вовлечение в занятие проституцией,Жезґкшелiкпен айналысуєа тарту,,,,,,,,ALL,,,,,,,,,,,,,,,,,,,,,,,,,,,,,,,,,1,0,,,NO,,,,,,,,,,,,,,,,,,,,,,,,ALL,,ALL,,,,,,,,,,,01,,"05,06,11,",,,,,,,,,,,,3,6,01,,,,2015-01-01,871
ст.308 ч.3,3,10070,1,,1,3080003,FE1R10P1,Вовлечение в занятие проституцией,Жезґкшелiкпен айналысуєа тарту,,,,,,,,,,,,,,,,,,,,,,,,,,,,,,,,,,,,,,,,,1,0,,,,,,,,,,,,,,,,,,,,,,,,,,,,,ALL,,,,,,,,,,ALL,01,,"05,06,11,",,,,,,,,,,,,5,7,01,,,,2015-01-01,872
ст.309 ч.1,2,6290,1,,1,3090001,FE1R10P1,Организация или содержание притонов для занятия пр,Жезґкшелiкпен айналысуєа арналєан притондар ўйымда,,,,,,,,,,,,,,,,,,,,,,,,,,,,,,,,,,,,,,,,,1,0,,,NO,,,,,,,,,,,,,,,,,,,,,,,,,,,,,,,,,,,,,01,,"05,06,11,",,,,,,,,,,,,,5,01,,,,2024-09-04,873
ст.309 ч.1,2,6280,1,,1,3090001,FE1R10P1,Организация или содержание притонов для занятия пр,Жезґкшелiкпен айналысуєа арналєан притондар ўйымда,,,,,,,,,,,,,,,,,,,,,,,,,,,,,,,,,,,,,,,,,2,0,,,NO,,,,,,,,,,,,,,,,,,,,,,,,,,,,,,,,,,,,,01,,"05,06,11,",,,,,,,,,,,,,5,01,,,,2015-01-01,874
ст.309 ч.2,3,9280,1,,1,3090002,FE1R10P1,Организация или содержание притонов для занятия пр,Жезґкшелiкпен айналысуєа арналєан притондар ўйымда,"01,02,03",,,,,,01,,,02,,,,03,,,,,,,,,,,,,,,,,,,,,,,,,,,2,0,,,,,,,,,,,,,,,,,,,,,,,,,,,02,,01,05,,,,,,,,,,01,,"05,06,11,",,,,,,,,,,,,3,7,01,,,,2015-01-01,875
ст.309 ч.2,3,9310,1,,1,3090002,FE1R10P1,Организация или содержание притонов для занятия пр,Жезґкшелiкпен айналысуєа арналєан притондар ўйымда,"01,02,03,04,05",,,,,,01,,,02,,,,03,,,,,,,,,,,,,,,,,,,,,,,,,,,1,0,,,,,,,,,,,,,,,,,,,,,,,,,,,02,,01,05,,,,,,,,,,01,,"05,06,11,",,,,,,,,,,,,3,7,01,,,,2024-09-04,876
ст.309 ч.3,3,11710,1,,1,3090003,FE1R10P1,Организация или содержание притонов для занятия пр,Жезґкшелiкпен айналысуєа арналєан притондар ўйымда,,,,,,,,,,,,,,,,,,,,,,,,,,,,,,,,,,,,,,,,,2,0,,,,,,,,,,,,,,,,,,,,,,,,,,,,,,,,,,,,,,,ALL,01,,"05,06,11,",,,,,,,,,,,,5,10,01,,,,2015-01-01,877
ст.309 ч.3,3,11790,1,,1,3090003,FE1R10P1,Организация или содержание притонов для занятия пр,Жезґкшелiкпен айналысуєа арналєан притондар ўйымда,,,,,,,,,,,,,,,,,,,,,,,,,,,,,,,,,,,,,,,,,1,0,,,,,,,,,,,,,,,,,,,,,,,,,,,,,,,,,,,,,,,ALL,01,,"05,06,11,",,,,,,,,,,,,5,10,01,,,,2024-09-04,878
ст.310 ч.1,1,3610,1,,1,3100001,FE1R10P1,Организация или содержание притонов для одурманива,Дјрiлiк немесе басќа да ќўралдарды пайдаланып есеѕ,,,,,,,,,,,,,,,,,,,,,,,,,,,,,,,,,,,,,,,,,1,0,,,NO,,,,,,,,,,,,,,,,,,,,,,,,,,,,,,,,,,,,,"05,06,09,11,01",,,,,2000,,2000,,600,,,,2,,2,01,,,,2015-01-01,879
ст.310 ч.2,3,9290,1,,1,3100002,FE1R10P1,Организация или содержание притонов для одурманива,Дјрiлiк немесе басќа да ќўралдарды пайдаланып есеѕ,,,,,,,,,,,ALL,,,ALL,,,,,,,,,,,,,,,,,,,,,,,,,,,1,0,,,NO,,,,,,,,,,,,,,,,,,,,,,,,,,ALL,,,,,,,,,,ALL,01,,"05,06,11,",,,,,,,,,,,,3,7,01,,,,2015-01-01,880
ст.311,1,3360,1,,1,3110001,FE1R10P1,Незаконное распространение порнографических матери,Порнографиялыќ материалдарды немесе заттарды заѕсы,,,,,,,,,,,,,,,,,,,,,,,,,,,,,,,,,,,,,,,,,1,0,,,NO,,,,,,,,,,,,,,,,,,,,,,,,,,,,,,,,,,,,,"05,06,09,11,01",,,,,2000,,2000,,600,,,,2,,2,,01,,,2015-01-01,881
ст.312 ч.1,3,8260,,,1,3120001,FE1R10P1,Изготовление и оборот материалов или предметов с п,Кјмелетке толмаєандардыѕ порнографиялыќ бейнелерi,,,,,,,,,,,,,,,,,,,,,,,,,,,,,,,,,,,,,,,,,1,0,,,NO,,,,,NO,,,,,,,,,,,,,,,,,ALL,,,,,,,,,,,,,,,01,,"05,06,11,",,,,,,,,,,,,3,6,01,,,,2015-01-01,882
ст.312 ч.2,3,10080,,,1,3120002,FE1R10P1,Изготовление и оборот материалов или предметов с п,Кјмелетке толмаєандардыѕ порнографиялыќ бейнелерi,"01,02,03,04",,,,,02,02,02,,01,,,,,,,,,,,,,,,03,,,,,,,,,,,,,,,,2,0,,,NO,,,,,NO,,,,,,,,,,,,,,,,,ALL,,,,,,,,,,,,,,,01,,"05,06,11,",,,,,,,,,,,,5,7,01,,,,2015-01-01,883
ст.312 ч.2,3,11750,,,1,3120002,FE1R10P1,Изготовление и оборот материалов или предметов с п,Кјмелетке толмаєандардыѕ порнографиялыќ бейнелерi,,,,,,,,,,,,,,,,,,,,,,,,,,,,,,,,,,,,,,,,,1,0,,,NO,,,,,NO,,,,,,,,,,,,,,,,,ALL,,,,,,,,,,,,,,,01,,"05,06,11,",,,,,,,,,,,,5,10,01,,,,2020-01-11,884
ст.312 ч.3,3,10730,,,1,3120003,FE1R10P1,Изготовление и оборот материалов или предметов с п,Кјмелетке толмаєандардыѕ порнографиялыќ бейнелерi,"01,02,03",,,,,,,,,,,,,,,,,,,,,,,,,,,,,,,,,,,,,,,,2,0,,,,,,,,01,,,,,,,,,,,,,,,,,ALL,2,04,,03,,,02,,,,,,,03,01,,"05,06,11,",,,,,,,,,,,,5,8,"01,02",,10,10,2015-01-01,885
ст.312 ч.3,4,13860,,,1,3120003,FE1R10P1,Изготовление и оборот материалов или предметов с п,Кјмелетке толмаєандардыѕ порнографиялыќ бейнелерi,"01,02,03,04",,,,,,,,,,,,,,,,,,,,,,,,,,,,,,,,,,,,,,,,1,0,,,,,,,,01,,,,,,,,,,,,,,,,,ALL,2,04,,03,,,02,,,,,,,03,01,,"05,06,11,",,,,,,,,,,,,10,15,"01,22",,,,2020-01-11,886
ст.313,1,3370,,,1,3130001,FE1R10P1,"Незаконное распространение произведений, пропаганд",Ќатыгездiк пен кїш ќолдануєа бас ўруды насихаттайт,,,,,,,,,,,,,,,,,,,,,,,,,,,,,,,,,,,,,,,,,1,0,,,NO,,,,,,,,,,,,,,,,,,,,,,,,,,,,,,,,,,,,,"05,06,09,11,01",,,,,2000,,2000,,600,,,,2,,2,,01,,,2015-01-01,887
ст.313-1 ч.1,0,60,1,,2,3130101,FE1R10P1,Пропаганда самоубийства,Ґзін-ґзі ґлтіруді насихаттау,,,,,,,,,,,ALL,,,,,,,,,,,,,,,,,,,,,,,,,,,,,,1,0,,,NO,,,,,,ALL,,,,,,,,,,,,,,,,,,,,,,,,,,,,,,,"05,06",,,,,200,,200,,,,,,,,,,,,,2024-06-15,888
ст.313-1 ч.2,1,2090,1,,1,3130102,FE1R10P1,Пропаганда самоубийства,Ґзін-ґзі ґлтіруді насихаттау,,,,,,,,,,,ALL,,,,,,,,,,,,,,,,,,,,,,,,,,,,,,1,0,,,NO,,,,,,ALL,,,,,,,,,,,,,,,,,,,,,,,,,,,,,,,"11,01",,,,,,,,,,,,,1,,1,,,,,2024-06-15,889
ст.313-1 ч.3,2,7730,1,,1,3130103,FE1R10P1,Пропаганда самоубийства,Ґзін-ґзі ґлтіруді насихаттау,,,,,,,,,,,ALL,,,,,,,,,,,,,,,,,,,,,,,,,,,,,,1,0,,,NO,,,,,,ALL,,,,,,,,,,,,,,,,,,,,,,,,,,,,,,,01,,,,,,,,,,,,,,3,5,,,,,2024-06-15,890
ст.314 ч.1,2,4710,,,1,3140001,FE1R10P1,Надругательство над телами умерших и местами их за,Ґлген адамдардыѕ мјйiттерiн жјне олар жерленген же,,1,,,,,,,,,,,,,,,,,,,,,,,,,,,,,,,,,,,,,,,1,0,,,NO,,,NO,,,,,,,,,,,,,,,,,,,,,,,,,,,,,,,,,,"05,06,09,11,01",,,,,3000,,3000,,800,,,,3,,3,,,,,2015-01-01,891
ст.314 ч.2,2,7090,,,1,3140002,FE1R10P1,Надругательство над телами умерших и местами их за,Ґлген адамдардыѕ мјйiттерiн жјне олар жерленген же,"01,02,03,04",1,,,,02,02,02,,01,,,,,,,,,,,,,,,03,,,,,,,,,,,,,,,,1,0,,,NO,,03,04,,,,,,,,,,,,,,,,,,,,,01,,02,,,,,,,,,,02,"05,06,09,11,01",,,,,5000,,5000,,1200,,,,5,,5,,,,,2015-01-01,892
ст.315 ч.1,2,4040,1,,1,3150001,FE1R10P1,Незаконное изъятие органов и тканей трупа человека,Адам мјйiтiнiѕ аєзалары мен тiндерiн заѕсыз алып ќ,,1,,,,,,,,,ALL,,,,,,,,,,,,,,,,,,,,,,,,,,,,,,1,0,,,NO,,,,,,,,,,,,,,,,,,,,,,,,,,,,,,,,,,,,,01,,"05,06,11,",,,,,,,,,,,,,3,,02,,3,2015-01-01,893
ст.315 ч.2,3,8240,1,,1,3150002,FE1R10P1,Незаконное изъятие органов и тканей трупа человека,Адам мјйiтiнiѕ аєзалары мен тiндерiн заѕсыз алып ќ,"01,02,03",,,,,01,01,01,,02,ALL,,,,,,03,,,,,,,,,,,,,,,,,,,,,,,,1,0,,,NO,,,,,,,,,,,,,,,,,,,,,,,,02,,02,,,,,,,,,,01,01,,"05,06,11,",,,,,,,,,,,,3,6,,02,,3,2015-01-01,894
ст.316 ч.1,0,430,1,,2,3160001,FE1R10P1,Жестокое обращение с животными,Жануарларєа ќатыгездiк жасау,,,,,,,,,,,,,,,,,,,,,,,,,,,,,,,,,,,,,,,,,1,0,,,NO,,,,,,,,,,,,,,,,,,,,,,,,,,,,,,,,,,,,,"05,06,09,12",,,,,120,,120,,120,,30,,,,,,,,,2015-01-01,895
ст.316 ч.2,0,1620,1,,2,3160002,FE1R10P1,Жестокое обращение с животными,Жануарларєа ќатыгездiк жасау,,,,,,,,,,,,,,,,,ALL -,,,,,,,,,,,,,,,,,,,,,,,,1,0,,,NO,,,,,,,,,,,,,,,,,,,,,,,,,,,,,,,,,,,,,"05,06,09,12",,,,,200,,200,,200,,50,,,,,,,,,2015-01-01,896
ст.316 ч.3,1,2280,1,,1,3160003,FE1R10P1,Жестокое обращение с животными,Жануарларєа ќатыгездiк жасау,"01,02,03,04,05",,,,,,,,,,,,,,,,02,,,,,,,,,,,,,,,,,,,,,,,,1,0,,,NO,,,,,,,,,,,,,,,,,,,,,,,,03,,02,,,,,,,,,,,"05,06,09,11,01",,,,,1000,,1000,,400,,,,1,,1,,02,,2,2022-03-01,897
ст.317 ч.1,0,1390,1,,2,3170001,FE1R10P1,Ненадлежащее выполнение профессиональных обязаннос,Медицина немесе фармацевтика жўмыскерiнiѕ кјсiптік,,,,,,,,,,,,,,,,,,,,,,,,,,,,,,,,,,,,,,,,,1,0,,,NO,,,,,,ALL,,,,,,,,,,,,,,,,,,,,,,,,,,,,,,,"05,06,09,12",,,,,200,,200,,180,,50,,,,,,02,,1,2015-01-01,898
ст.317 ч.2,2,5260,1,,1,3170002,FE1R10P1,Ненадлежащее выполнение профессиональных обязаннос,Медицина немесе фармацевтика жўмыскерiнiѕ кјсiптік,,,,,,,,,,ALL,,,,,,,,,,,,,,,,,,,,,,,,,,,,,,,1,0,,,NO,,,,,,ALL,,,,,,,,,,,,,,,,,,,ALL,,,,,,,,,,,,"05,06,09,11,01",,,,,3000,,3000,,800,,,,3,,3,02,,,3,2015-01-01,899
ст.317 ч.3,2,6300,1,,1,3170003,FE1R10P1,Ненадлежащее выполнение профессиональных обязаннос,Медицина немесе фармацевтика жўмыскерiнiѕ кјсiптік,,,,,,,,,,,,,,,,,,,,,,,,,,,,,,,,,,,,,,,,,1,0,,,NO,,,,,,,,,,,,ALL,,,,,,,,,,,,,ALL,,,,,,,,,,,,01,,"05,06,11,",,,,,,,,,,,,,5,02,,,3,2015-01-01,900
ст.317 ч.4,3,9360,1,,1,3170004,FE1R10P1,Ненадлежащее выполнение профессиональных обязаннос,Медицина немесе фармацевтика жўмыскерiнiѕ кјсiптік,,,,,,,,,,ALL,,,,,,,,,,,,,,,,,,,,,,,,,,,,,,,1,0,,,NO,,,,,,,,,,,,,ALL,,,,,,,,,,,,ALL,,,,,,,,,,,,01,,"05,06,11,",,,,,,,,,,,,3,7,02,,,3,2015-01-01,901
ст.317 ч.5,2,6310,1,,1,3170005,FE1R10P1,Ненадлежащее выполнение профессиональных обязаннос,Медицина немесе фармацевтика жўмыскерiнiѕ кјсiптік,,,,,,,,,,,ALL,,,,,ALL -,,,,,,,,,,,,,,,,,,,,,,,,,1,0,,,NO,,,,,,ALL,,,,,,,,,,,,,,,,,,,ALL,,,,,,,,,,,,01,,"05,06,11,",,,,,,,,,,,,,5,02,,,3,2015-01-01,902
ст.318 ч.1,1,3710,,,1,3180001,FE1R10P1,Нарушение порядка проведения клинических исследова,Клиникалыќ зерттеулер жїргiзу тјртiбiн жјне профил,,1,,,,,,,,,ALL,,,,,,,,,,,,,,,,,,,,,,,,,,,,,,1,0,,,NO,,,,,,,,,,,,,,,,,,,,,,,,,,,,,,,,,,,,,"05,06,09,11,01",,,,,2000,,2000,,600,,,,2,,2,02,,,3,2015-01-01,903
ст.318 ч.2,2,5890,,,1,3180002,FE1R10P1,Нарушение порядка проведения клинических исследова,Клиникалыќ зерттеулер жїргiзу тјртiбiн жјне профил,,,,,,,,,,,ALL,,,,,ALL -,,,,,,,,,,,,,,,,,,,,,,,,,1,0,,,NO,,,,,,,,,,,,,,,,,,,,,,,,,ALL,,,,,,,,,,,,"05,06,09,11,01",,,,,4000,,4000,,1000,,,,4,,4,02,,,5,2015-01-01,904
ст.319 ч.1,1,3110,,2,1,3190001,FE1R10P1,Незаконное производство аборта,Заѕсыз тїсік жасау,,1,,,,,,,,,ALL,,,,,,,,,,,,,,,,,,,,,,,,,,,,,,1,0,,,NO,,,,,,,,,,,,,,,,,,,,,,,,,,,,,ALL,,,,,,,,"05,06,09,11,01",,,,,2000,,2000,,600,,,,2,,2,,,,,2015-01-01,905
ст.319 ч.2,2,5680,,2,1,3190002,FE1R10P1,Незаконное производство аборта,Заѕсыз тїсік жасау,,,,,,,,,,,ALL,,,,,,,,,,,,,,,,,,,,,,,,,,,,,,1,0,,,NO,,,,,,,,,,,,,,,,,,,,,,,,ALL,,,,,,,,,,,,,"05,06,09,11,01",,,,,4000,,4000,,1000,,,,4,,4,,,,,2015-01-01,906
ст.319 ч.3,1,2300,1,,1,3190003,FE1R10P1,Незаконное производство аборта,Заѕсыз тїсік жасау,,,,,,,,,,,,,,,,,,,,,,,,,,,,,,,,,,,,,,,,,1,0,,,,,,,,,,,,,,,,,,,,,,,,,,,,,,,,,,,,,,,,"05,06,09,11,01",,,,,1000,,1000,,400,,,,1,,1,02,,,3,2015-01-01,907
ст.319 ч.4,2,5270,1,,1,3190004,FE1R10P1,Незаконное производство аборта,Заѕсыз тїсік жасау,,,,,,,,,,,,,,,,,,,,,,,,,,,,,,,,,,,,,,,,,1,0,,,,,,,,,,,,,,,,,,,,,,,,,,,ALL,,,,,,,,,,,,,"05,06,09,11,01",,,,,3000,,3000,,800,,,,3,,3,02,,,3,2015-01-01,908
ст.319 ч.5,3,9090,1,,1,3190005,FE1R10P1,Незаконное производство аборта,Заѕсыз тїсік жасау,,,,,,,,,,,,,,,,,,,,,,,,,,,,,,,,,,,,,,,,,1,0,,,,,,,,,ALL,,ALL,ALL,,,,,,ALL,,,,,,,,,,ALL,,,,,,,,,,,,01,,"05,06,11,",,,,,,,,,,,,3,7,,02,,3,2015-01-01,909
ст.320 ч.1,0,1500,,,2,3200001,FE1R10P1,Неоказание помощи больному,Науќасќа кґмек кґрсетпеу,,1,,,,,,,,,ALL,,,,,,,,,,,,,,,,,,,,,,,,,,,,,,1,0,,,NO,,,,,,ALL,,,,,,,,,,,,ALL,,,,,,,,,,,,,,,,,,,"05,06,09,12",,,,,200,,200,,200,,50,,,,,,02,,2,2015-01-01,910
ст.320 ч.2,1,6690,,,1,3200002,FE1R10P1,Неоказание помощи больному,Науќасќа кґмек кґрсетпеу,,,,,,,,,,,ALL,,,,,,,,,,,,,,,,,,,,,,,,,,,,,,1,0,,,NO,,,,,,ALL,,,,,,,,,,,,ALL,,,,,,,ALL,,,,,,,,,,,,"05,06,11,01",,,,,5000,,5000,,,,,,5,,5,02,,,3,2015-01-01,911
ст.321 ч.1,0,1150,,1,2,3210001,FE1R10P1,Разглашение врачебной тайны,Дјрiгерлiк ќўпияны жария ету,,,,,,,,,,,,,,,,,,,,,,,,,,,,,,,,,,,,,,,,,1,0,,,NO,,,,,,,,,,,,,,,,,,,,,,,,,,,,,,,,,,,,,"05,06,09,12",,,,,160,,160,,160,,40,,,,,02,,,3,2015-01-01,912
ст.321 ч.2,2,5780,,2,1,3210002,FE1R10P1,Разглашение врачебной тайны,Дјрiгерлiк ќўпияны жария ету,"01,02,03",,,,,,01,,,02,,,,,,,,,03,,,,,,,,,,,,,,,,,,,,,,1,0,,,NO,,,,,,,,,,,,,,,,,,,,,,,,,ALL,,,,,,,,,,,,"05,06,09,11,01",,,,,4000,,4000,,1000,,,,4,,4,,02,,3,2015-01-01,913
ст.322 ч.1,0,1510,,,2,3220001,FE1R10P1,Незаконная медицинская и фармацевтическая деятельн,Заѕсыз медициналыќ жјне фармацевтикалыќ ќызмет жјн,,,,,,,,,,,,,,,,,,,,,,,,,,,,,,,,,,,,,,,,,1,0,,,NO,,,,,,ALL,,,,,,,,,,,,ALL,,,,,,,,,,,,,,,,,,,"05,06,09,12",,,,,200,,200,,200,,50,,,,,,02,,2,2015-01-01,914
ст.322 ч.2,1,4630,,,1,3220002,FE1R10P1,Незаконная медицинская и фармацевтическая деятельн,Заѕсыз медициналыќ жјне фармацевтикалыќ ќызмет жјн,,,,,,,,,,,,,,,,,,,,,,,,,,,,,,,,,,,,,,,,,1,0,,,NO,,,,,,ALL,,,,,,,,,,,,ALL,,,,,,,ALL,,,,,,,,,,,,"05,06,09,11,01",,,,,3000,,3000,,800,,,,3,,3,,02,,3,2015-01-01,915
ст.322 ч.3,1,6440,1,,1,3220003,FE1R10P1,Незаконная медицинская и фармацевтическая деятельн,Заѕсыз медициналыќ жјне фармацевтикалыќ ќызмет жјн,,,,,,,,,,,,,,,,,,,,,,,,,,,,,,,,,,,,,,,,,1,0,,,,,,,,,,,,,,,ALL,,,,,,ALL,,,,,,,,,,,,,,,,,,,"11,01",,"05,06,",,,,,,,,,,,5,,5,,02,,3,2015-01-01,916
ст.322 ч.4,2,9510,1,,1,3220004,FE1R10P1,Незаконная медицинская и фармацевтическая деятельн,Заѕсыз медициналыќ жјне фармацевтикалыќ ќызмет жјн,,,,,,,,,,,,,,,,,,,,,,,,,,,,,,,,,,,,,,,,,1,0,,,,,,,,,,,,,,,,ALL,,,,,ALL,,,,,,,,,,,,,,,,,,,"11,01",,"05,06,",,,,,,,,,,3,7,3,7,,02,,3,2015-01-01,917
ст.322 ч.5,2,7250,1,,1,3220005,FE1R10P1,Незаконная медицинская и фармацевтическая деятельн,Заѕсыз медициналыќ жјне фармацевтикалыќ ќызмет жјн,,,,,,,,,,,,,,,,,,,,,,,,,,,,,,,,,,,,,,,,,1,0,,,,,,,,,,,,,,,,,,,,,,,,,,,,,,,,,,,,,,,,"05,06,09,11,01",,,,,5000,,5000,,1200,,,,5,,5,,02,,3,2015-01-01,918
ст.323 ч.1,1,3630,,,1,3230001,FE1R10P1,Обращение с фальсифицированными лекарственными сре,"Жалєан дјрілік заттармен, медициналыќ маќсаттаєы б",,1,,,,,,,,,,,,,,,,,,,,,,,,,,,,,,,,,,,,,,,1,0,,,NO,,,,,,,,,,,,,,,,,,,,,,,,,ALL,,,,,,,,,,,,"05,06,09,11,01",,,,,2000,,2000,,600,,,,2,,2,01,02,,2,2015-01-01,919
ст.323 ч.2,2,7380,,,1,3230002,FE1R10P1,Обращение с фальсифицированными лекарственными сре,"Жалєан дјрілік заттармен, медициналыќ маќсаттаєы б","01,02,03",,,,,,01,,,02,,,,,,,,,03,,,,,,,,,,,,,,,,,,,,,,1,0,,,NO,,,,,,,,,,,,,,,,,,,,,,,,02,ALL,01,,,,,,,,,,,"05,06,09,11,01",,,,,5000,,5000,,1200,,,,5,,5,01,02,,3,2015-01-01,920
ст.323 ч.3,3,11810,,,1,3230003,FE1R10P1,Обращение с фальсифицированными лекарственными сре,"Жалєан дјрілік заттармен, медициналыќ маќсаттаєы б",,,,,,,,,,,,,,,,,,,,,,,,,,,,,,,,,,,,,,,,,1,0,,,NO,,,,,,,,,,,,,,,,,,,,,,,,,ALL,ALL,,,,,,,,,,ALL,01,,"05,06,11,",,,,,,,,,,,,5,10,01,02,,5,2015-01-01,921
ст.334 ч.2,2,5000,,,1,3340002,FE1R10P1,Самовольное пользование недрами,Жер ќойнауын ґз бетінше пайдалану,,,,,,,,,,,,,,,,,,,,,,,,,,,,,,,,,,,,,,,,,2,0,,,,,,,,,,,,,,,,,,,,,,,,,,,03,,02,,,,,,,,,,,"05,06,09,11,01",,,,,3000,,3000,,800,,,,3,,3,,02,,3,2015-01-01,922
ст.324 ч.1,2,4890,,,1,3240001,FE1R10P1,Нарушение экологических требований к хозяйственной,Шаруашылыќ немесе ґзге де ќызметке ќойылатын эколо,,1,,,,,,,,,,,,,,,,,,,,,,,,,,,,,,,,,,,,,,,1,0,,,NO,,,,,,,,,,,,,,,,,,,,,,,,,,,,,,,,,,,,,"05,06,09,11,01",,,,,3000,,3000,,800,,,,3,,3,,02,,2,2015-01-01,923
ст.324 ч.2,3,9100,,,1,3240002,FE1R10P1,Нарушение экологических требований к хозяйственной,Шаруашылыќ немесе ґзге де ќызметке ќойылатын эколо,,,,,,,,,,,,,,,,,,,,,,,,,,,,,,,,,,,,,,,,,1,0,,,NO,,,,,,,,,,,,,,,,,,,,,,,,,ALL,,,,,,,,,,,,01,,"05,06,11,",,,,,,,,,,,,3,7,,02,,3,2015-01-01,924
ст.325 ч.1,0,810,,,2,3250001,FE1R10P1,Нарушение экологических требований при обращении с,Экологиялыќ тўрєыдан јлеуетті ќауіпті химиялыќ нем,,,,,,,,,,,,,,,,,,,,,,,,,,,,,,,,,,,,,,,,,1,0,,,NO,,,,,,,,,,,,,,,,,,,,,,,,,,,,,,,,,,,,,"05,06,09,12",,,,,160,,160,,160,,40,,,,,,,,,2015-01-01,925
ст.325 ч.2,2,4900,,,1,3250002,FE1R10P1,Нарушение экологических требований при обращении с,Экологиялыќ тўрєыдан јлеуетті ќауіпті химиялыќ нем,,,,,,,,,,,,,,,,,,,,,,,,,,,,,,,,,,,,,,,,,1,0,,,NO,,,,,,,,,,,,,,,,,,,,,,,,,,,,,,,,,,,,,"05,06,09,11,01",,,,,3000,,3000,,800,,,,3,,3,,02,,2,2015-01-01,926
ст.325 ч.3,3,8720,1,,1,3250003,FE1R10P1,Нарушение экологических требований при обращении с,Экологиялыќ тўрєыдан јлеуетті ќауіпті химиялыќ нем,,,,,,,,,,,,,,,,,,,,,,,,,,,,,,,,,,,,,,,,,1,0,,,,,,,,,,,,,,,,,,,,,,,,,,,,ALL,,,,,,,,,,,,01,,"05,06,11,",,,,,,,,,,,,2,7,02,,,3,2015-01-01,927
ст.326 ч.1,0,820,,,2,3260001,FE1R10P1,Нарушение экологических требований при обращении с,Микробиологиялыќ немесе басќа да биологиялыќ агент,,1,,,,,,,,,,,,,,,,,,,,,,,,,,,,,,,,,,,,,,,1,0,,,NO,,,,,,,,,,,,,,,,,,,,,,,,,,,,,,,,,,,,,"05,06,09,12",,,,,160,,160,,160,,40,,,,,,,,,2015-01-01,928
ст.326 ч.2,2,4910,,,1,3260002,FE1R10P1,Нарушение экологических требований при обращении с,Микробиологиялыќ немесе басќа да биологиялыќ агент,,,,,,,,,,,,,,,,,,,,,,,,,,,,,,,,,,,,,,,,,1,0,,,NO,,,,,,,,,,,,,,,,,,,,,,,,,,,,,,,,,,,,,"05,06,09,11,01",,,,,3000,,3000,,800,,,,3,,3,,02,,2,2015-01-01,929
ст.326 ч.3,3,9110,,,1,3260003,FE1R10P1,Нарушение экологических требований при обращении с,Микробиологиялыќ немесе басќа да биологиялыќ агент,,,,,,,,,,,,,,,,,,,,,,,,,,,,,,,,,,,,,,,,,1,0,,,NO,,,,,,,,,,,,,,,,,,,,,,,,,ALL,,,,,,,,,,,,01,,"05,06,11,",,,,,,,,,,,,3,7,,02,,3,2015-01-01,930
ст.327 ч.1,2,4720,,,1,3270001,FE1R10P1,"Нарушение ветеринарных правил или правил, установл",Ветеринариялыќ ќаєидаларды немесе ґсiмдiктердiѕ ау,,,,,,,,,,,,,,,,,,,,,,,,,,,,,,,,,,,,,,,,,1,0,,,NO,,,,,,,,,,,,,,,,,,,,,,,,,ALL,,,,,,,,,,,,"05,06,09,11,01",,,,,3000,,3000,,800,,,,3,,3,,,,,2015-01-01,931
ст.327 ч.2,1,3120,,,1,3270002,FE1R10P1,"Нарушение ветеринарных правил или правил, установл",Ветеринариялыќ ќаєидаларды немесе ґсiмдiктердiѕ ау,,,,,,,,,,,,,,,,,,,,,,,,,,,,,,,,,,,,,,,,,1,0,,,NO,,,,,,,,,,,,,,,,,,,,,,,,,ALL,,,,,,,,,,,,"05,06,09,11,01",,,,,2000,,2000,,600,,,,2,,2,,,,,2015-01-01,932
ст.328 ч.1,0,830,,,2,3280001,FE1R10P1,"Загрязнение, засорение или истощение вод","Суларды ластау, ќоќыстау немесе сарќу",,,,,,,,,,,,,,,,,,,,,,,,,,,,,,,,,,,,,,,,,1,0,,,NO,,,,,,,,,,,,,,,,,,,,,,,,,,,,,,,,,,,,,"05,06,09,12",,,,,160,,160,,160,,40,,,,,,,,,2015-01-01,933
ст.328 ч.2,2,4920,,,1,3280002,FE1R10P1,"Загрязнение, засорение или истощение вод","Суларды ластау, ќоќыстау немесе сарќу",,,,,,,,,,,,,,,,,,,,,,,,,,,,,,,,,,,,,,,,,1,0,,,NO,,,,,,,,,,,,,,,,,,,,,,,,,,,,,,,,,,,,,"05,06,09,11,01",,,,,3000,,3000,,800,,,,3,,3,,02,,2,2015-01-01,934
ст.328 ч.3,3,8690,1,,1,3280003,FE1R10P1,"Загрязнение, засорение или истощение вод","Суларды ластау, ќоќыстау немесе сарќу",,,,,,,,,,,,,,,,,,,,,,,,,,,,,,,,,,,,,,,,,1,0,,,,,,,,,,,,,,,,,,,,,,,,,,,,ALL,,,,,,,,,,,,01,,"05,06,11,",,,,,,,,,,,,2,7,,02,,3,2015-01-01,935
ст.329 ч.1,2,4930,,,1,3290001,FE1R10P1,Загрязнение атмосферы,Атмосфераны ластау,,,,,,,,,,,,,,,,,,,,,,,,,,,,,,,,,,,,,,,,,1,0,,,NO,,,,,,,,,,,,,,,,,,,,,,,,,,,,,,,,,,,,,"05,06,09,11,01",,,,,3000,,3000,,800,,,,3,,3,,02,,2,2015-01-01,936
ст.329 ч.2,3,9120,,,1,3290002,FE1R10P1,Загрязнение атмосферы,Атмосфераны ластау,,1,,,,,,,,,,,,,,,,,,,,,,,,,,,,,,,,,,,,,,,1,0,,,NO,,,,,,,,,,,,,,,,,,,,,,,,,ALL,,,,,,,,,,,,01,,"05,06,11,",,,,,,,,,,,,3,7,,02,,3,2015-01-01,937
ст.330 ч.1,2,4940,,,1,3300001,FE1R10P1,Загрязнение морской среды,Теѕiз ортасын ластау,,,,,,,,,,,,,,,,,,,,,,,,,,,,,,,,,,,,,,,,,1,0,,,NO,,,,,,,,,,,,,,,,,,,,,,,,,,,,,,,,,,,,,"05,06,09,11,01",,,,,3000,,3000,,800,,,,3,,3,,02,,2,2015-01-01,938
ст.330 ч.2,3,9130,,,1,3300002,FE1R10P1,Загрязнение морской среды,Теѕiз ортасын ластау,,,,,,,,,,,,,,,,,,,,,,,,,,,,,,,,,,,,,,,,,1,0,,,NO,,,,,,,,,,,,,,,,,,,,,,,,,ALL,,,,,,,,,,,,01,,"05,06,11,",,,,,,,,,,,,3,7,,02,,3,2015-01-01,939
ст.331 ч.1,2,4570,,,1,3310001,FE1R10P1,Нарушение законодательства о континентальном шельф,Ќазаќстан Республикасыныѕ континенттік ќайраѕы жјн,,,,,,,,,,,,,,,,,,,,,,,,,,,,,,,,,,,,,,,,,1,0,,,NO,,,,,,,,,,,,,,,,,,,,,,,,,,,,,,,,,,,,,"05,06,09,11,01",,,,,2000,,2000,,800,,,,3,,3,,02,,1,2015-01-01,940
ст.331 ч.2,0,1860,,3,2,3310002,FE1R10P1,Нарушение законодательства о континентальном шельф,Ќазаќстан Республикасыныѕ континенттік ќайраѕы жјн,,,,,,,,,,,,,,,,,,,,,,,,,,,,,,,,,,,,,,,,,1,0,,,NO,,,,,,,,,,,,,,,,,,,,,,,,,,,,,,,,,,,,,"05,06,09,12",,,,,200,,200,,200,,50,,,,,,02,,3,2015-01-01,941
ст.332 ч.1,2,4980,,,1,3320001,FE1R10P1,Порча земли,Жердi бїлдiру,,1,,,,,,,,,,,,,,,,,ALL,,,,,,,,,,,,,,,,,,,,,,1,0,,,NO,,,,,,,,,,,,,,,,,,,,,,,,,,,,,,,,ALL,,,,,"05,06,09,11,01",,,,,3000,,3000,,800,,,,3,,3,,02,,2,2023-05-19,942
ст.332 ч.1,2,4950,,,1,3320001,FE1R10P1,Порча земли,Жердi бїлдiру,,1,,,,,,,,,,,,,,,,,ALL,,,,,,,,,,,,,,,,,,,,,,2,0,,,NO,,,,,,,,,,,,,,,,,,,,,,,,,,,,,,,,ALL,,,,,"05,06,09,11,01",,,,,3000,,3000,,800,,,,3,,3,,02,,2,2015-01-01,943
ст.332 ч.2,3,9140,,,1,3320002,FE1R10P1,Порча земли,Жердi бїлдiру,,,,,,,,,,,,,,,,,,,,ALL,,,,,,,,,,,,,,,,,,,,,2,0,,,NO,,,,,,,,,,,,,,,,,,,,,,,,,01,,,,,,,,02,,,,01,,"05,06,11,",,,,,,,,,,,,3,7,,02,,3,2015-01-01,944
ст.332 ч.2,3,9160,,,1,3320002,FE1R10P1,Порча земли,Жердi бїлдiру,"01,02",,,,,,,,,,,,,,,,,,,ALL,,,,,,,,,,,,,,,,,,,,,1,0,,,NO,,,,,,,,,,,,,,,,,,,,,,,,,01,,,,,,,,02,,,,01,,"05,06,11,",,,,,,,,,,,,3,7,,02,,3,2023-05-19,945
ст.332 ч.3,3,10890,,,1,3320003,FE1R10P1,Порча земли,Жердi бїлдiру,,,,,,,,,,,,,,,,,,,,ALL,,,,,,,,,,,,,,,,,,,,,1,0,,,NO,,,,,,,,,,,,,,,,,,,,,,,,,ALL,,,,,,,,,,,,01,,"05,06,11,",,,,,,,,,,,,3,10,,02,,5,2023-05-19,946
ст.333 ч.1,2,4960,,,1,3330001,FE1R10P1,Нарушение правил охраны и использования недр,Жер ќойнауын ќорєау жјне пайдалану ќаєидаларын бўз,,1,,,,,,,,,,,,,,,,,,,,,,,,,,,,,,,,,,,,,,,1,0,,,NO,,,,,,,,,,,,,,,,,,,,,,,,,,,,,,,,,,,,,"05,06,09,11,01",,,,,3000,,3000,,800,,,,3,,3,,02,,2,2015-01-01,947
ст.333 ч.2,3,9150,,,1,3330002,FE1R10P1,Нарушение правил охраны и использования недр,Жер ќойнауын ќорєау жјне пайдалану ќаєидаларын бўз,,1,,,,,,,,ALL,,,,,,,,,,,,,,,,,,,,,,,,,,,,,,,1,0,,,NO,,,,,,,,,,,,,,,,,,,,,,,,,ALL,,,,,,,,,,,,01,,"05,06,11,",,,,,,,,,,,,3,7,,02,,3,2015-01-01,948
ст.334 ч.1,0,1870,,,2,3340001,FE1R10P1,Самовольное пользование недрами,Жер ќойнауын ґз бетінше пайдалану,,1,,,,,,,,,,,,,,,,,,,,,,,,,,,,,,,,,,,,,,,2,0,,,NO,,,,,,,,,,,,,,,,,,,,,,,,,,,,,,,,,,,,,"05,06,09,12",,,,,200,,200,,200,,50,,,,,,02,,3,2015-01-01,949
ст.334 ч.1,2,5100,,,1,3340001,FE1R10P1,Самовольное пользование недрами,Жер ќойнауын ґз бетінше пайдалану,,1,,,,,,,,,,,,,,,,,,,,,,,,,,,,,,,,,,,,,,,1,0,,,NO,,,,,,,,,,,,,,,,,,,,,,,,,,,,,,,,,,,,,"05,06,09,11,01",,,,,3000,,3000,,800,,,,3,,3,,"01,02",,3,2023-05-19,950
ст.334 ч.2,2,5800,,,1,3340002,FE1R10P1,Самовольное пользование недрами,Жер ќойнауын ґз бетінше пайдалану,"01,02,03",,,,,,,,,,,,,,,,,,,,,,,,,,,,,,,,,,,,,,,,1,0,,,,,,,,,,,,,,,,,,,,,,,,,,,03,,02,,,,,,,,,,,"05,06,09,11,01",,,,,4000,,4000,,1000,,,,4,,4,,"01,02",,3,2023-05-19,951
ст.334 ч.3,3,9200,,,1,3340003,FE1R10P1,Самовольное пользование недрами,Жер ќойнауын ґз бетінше пайдалану,,,,,,,,,,,,,,,,,,,,,,,,,,,,,,,,,,,,,,,,,1,0,,,,,,,,,,,,,,,,,,,,,,,,,,,,,01,,,,,,,,,,01,01,,"05,06,11,",,,,,,,,,,,,3,7,,"01,02",,10,2023-05-19,952
ст.334 ч.3,2,6110,,,1,3340003,FE1R10P1,Самовольное пользование недрами,Жер ќойнауын ґз бетінше пайдалану,,,,,,,,,,,,,,,,,,,,,,,,,,,,,,,,,,,,,,,,,2,0,,,,,,,,,,,,,,,,,,,,,,,,,,,,,01,,,,,,,,,,01,01,,"05,06,11,",,,,,,,,,,,,,5,,,,,2015-01-01,953
ст.335 ч.1,2,4440,,,1,3350001,FE1R10P1,"Незаконная добыча рыбных ресурсов, других водных ж","Балыќ ресурстарын, басќа да су жануарларын немесе","01,02",,,,,,,,,,,,,,,,,,,,,,,,,,,,,,,,,,,,,,,,1,0,,,NO,,,,,,,,,,,,,,,,,,,,,,,,,,,,,,,,,,,,,"05,06,09,11,01",,,,,3000,,3000,,180,,,,3,,3,"01,02",,,5,2020-01-11,954
ст.335 ч.1,0,1160,,,2,3350001,FE1R10P1,"Незаконная добыча рыбных ресурсов, других водных ж","Балыќ ресурстарын, басќа да су жануарларын немесе","01,02",1,,,,,,,,,,,,,,,,,,,,,,,,,,,,,,,,,,,,,,,2,0,,,NO,,,,,,,,,,,,,,,,,,,,,,,,,,,,,,,,,,,,,"05,06,09,12",,,,,160,,160,,160,,40,,,,,02,,,3,2015-01-01,955
ст.335 ч.1,0,1170,,,2,3350001,FE1R10P1,"Незаконная добыча рыбных ресурсов, других водных ж","Балыќ ресурстарын, басќа да су жануарларын немесе","01,02",1,,,,,,,,,,,,,,,,,,,,,,,,,,,,,,,,,,,,,,,2,0,,,NO,,,,,,,,,,,,,,,,,,,,,,,,,,,,,,,,,,,,,"05,06,09,12,14",,,,,160,,160,,160,,40,,,,,"02,01",,,3,2019-11-15,956
ст.335 ч.2,0,1990,,,2,3350002,FE1R10P1,"Незаконная добыча рыбных ресурсов, других водных ж","Балыќ ресурстарын, басќа да су жануарларын немесе",,1,,,,,,,,,,,,,,,,,,,,,,,,,,,,,,,,,,,,,,,2,0,,,NO,,,,,,,,,,,,,,,,,,,,,,,,ALL,,,,,,,,,,,,,"05,06,09,12,14",,,,,200,,200,,200,,50,,,,,"02,01",,,3,2019-11-15,957
ст.335 ч.2,0,1970,,,2,3350002,FE1R10P1,"Незаконная добыча рыбных ресурсов, других водных ж","Балыќ ресурстарын, басќа да су жануарларын немесе",,1,,,,,,,,ALL,,,,,,,,,,,,,,,,,,,,,,,,,,,,,,,2,0,,,NO,,,,,,,,,,,,,,,,,,,,,,,,ALL,,,,,,,,,,,,,"05,06,09,12",,,,,200,,200,,200,,50,,,,,02,,,3,2015-01-01,958
ст.335 ч.2,2,5920,,,1,3350002,FE1R10P1,"Незаконная добыча рыбных ресурсов, других водных ж","Балыќ ресурстарын, басќа да су жануарларын немесе",,,,,,,,,,ALL,,,,,,,,,,,,,,,,,,,,,,,,,,,,,,,1,0,,,NO,,,,,,,,,,,,,,,,,,,,,,,,ALL,,,,,,,,,,,,,"05,06,09,11,01",,,,,4000,,4000,,1000,,,,4,,4,"01,02",,,5,2020-01-11,959
ст.335 ч.3,1,3720,,,1,3350003,FE1R10P1,"Незаконная добыча рыбных ресурсов, других водных ж","Балыќ ресурстарын, басќа да су жануарларын немесе","01,02,03,04,05,06",,,,,,04,,,,,,,,,,03,,,,,,,,,,,,,,,,,,,,,,,,2,0,,,NO,,,,,,,,,,,,,,,,,,,,,,,,,,04,,,,,,,06,,03,,"05,06,09,11,01",,,,,2000,,2000,,600,,,,2,,2,02,,,3,2015-01-01,960
ст.335 ч.3,1,3760,,,1,3350003,FE1R10P1,"Незаконная добыча рыбных ресурсов, других водных ж","Балыќ ресурстарын, басќа да су жануарларын немесе","01,02,03,04,05,06",,,,,,,,,,,,,,,,,,,,,,,,,,,,,,,,,,,,,,,,2,0,,,NO,,,,,,,,,,,,,,,,,,,,,,,,,,04,,,,,,,06,,03,,"05,06,09,11,01",,,,,2000,,2000,,600,,,,2,,2,"02,01",,,3,2019-11-15,961
ст.335 ч.3,3,8320,,,1,3350003,FE1R10P1,"Незаконная добыча рыбных ресурсов, других водных ж","Балыќ ресурстарын, басќа да су жануарларын немесе","01,02,03,04,05,06",,,,,,04,,,,,,,,,,03,,,,,,,,,,,,,,,,,,,,,,,,1,0,,,NO,,,,,,,,,,,,,,,,,,,,,,,,,,04,,,,,,,06,,03,,"05,06,11,01",,09,,,6000,,6000,,,,,3,6,3,6,"01,02",,,7,2020-01-11,962
ст.335 ч.4,2,7660,,,1,3350004,FE1R10P1,"Незаконная добыча рыбных ресурсов, других водных ж","Балыќ ресурстарын, басќа да су жануарларын немесе",,,,,,,,,,,,,,,,,,,,,,,,,,,,,,,,,,,,,,,,,2,0,,,NO,,,,,,,,,,,,,,,,,,,,,,,,,,02,,,,,,,,,,02,01,,"05,06,11,09,",,,,,,,,,,,,2,5,"01,02",,,3,2019-11-15,963
ст.335 ч.4,2,7650,,,1,3350004,FE1R10P1,"Незаконная добыча рыбных ресурсов, других водных ж","Балыќ ресурстарын, басќа да су жануарларын немесе",,,,,,,,,,,,,,,,,,,,,,,,,,,,,,,,,,,,,,,,,2,0,,,NO,,,,,,,,,,,,,,,,,,,,,,,,,,02,,,,,,,,,,02,01,,"05,06,11,",,,,,,,,,,,,2,5,02,,,3,2015-01-01,964
ст.335 ч.4,3,12010,,,1,3350004,FE1R10P1,"Незаконная добыча рыбных ресурсов, других водных ж","Балыќ ресурстарын, басќа да су жануарларын немесе","01,02,03",,,,,,,,,,,,,,,,,,,,,,,,,,,,,,,,,,,,,,,,1,0,,,NO,,,,,,,,,,,,,,,,,,,,,,,,,,02,,,,,,,,,,02,01,,"05,06,11,09,",,,,,,,,,,,,6,10,"01,02",,,10,2020-01-11,965
ст.336,0,1020,,,2,3360001,FE1R10P1,Нарушение правил охраны рыбных запасов,Балыќ ќорларын ќорєау ќаєидаларын бўзу,,,,,,,,,,,,,,,,,,,ALL,,,,,,,,,,,,,,,,,,,,,,0,0,,,NO,,,,,,,,,,,,,,,,,,,,,,,,,,,,,,,,,,,,,"05,06,09,12,14",,,,,160,,160,,160,,40,,,,,,02,,2,2019-11-15,966
ст.336,0,1030,,,2,3360001,FE1R10P1,Нарушение правил охраны рыбных запасов,Балыќ ќорларын ќорєау ќаєидаларын бўзу,,,,,,,,,,,,,,,,,,,ALL,,,,,,,,,,,,,,,,,,,,,,1,0,,,NO,,,,,,,,,,,,,,,,,,,,,,,,,,,,,,,,,,,,,"05,06,09,12",,,,,160,,160,,160,,40,,,,,,02,,2,2020-01-11,967
ст.336,0,1000,,,2,3360001,FE1R10P1,Нарушение правил охраны рыбных запасов,Балыќ ќорларын ќорєау ќаєидаларын бўзу,,,,,,,,,,,,,,,,,,,ALL,,,,,,,,,,,,,,,,,,,,,,2,0,,,NO,,,,,,,,,,,,,,,,,,,,,,,,,,,,,,,,,,,,,"05,06,09,12",,,,,160,,160,,160,,40,,,,,,02,,2,2015-01-01,968
ст.337 ч.1,2,5310,,,1,3370001,FE1R10P1,Незаконная охота,Заѕсыз аѕшылыќ,,,,,,,,,,,,,,,,,,,,,,,,,,,,,,,,,,,,,,,,,1,0,,,NO,,,,,,,,,,,,,,,,,,,,,,,,,,,,,,,,,,,,,"05,06,09,01,11",,,,,3000,,3000,,800,,,,3,,3,"01,02",,,3,2020-01-11,969
ст.337 ч.1,0,1120,,,2,3370001,FE1R10P1,Незаконная охота,Заѕсыз аѕшылыќ,,,,,,,,,,,,,,,,,,,,,,,,,,,,,,,,,,,,,,,,,2,0,,,NO,,,,,,,,,,,,,,,,,,,,,,,,,,,,,,,,,,,,,"05,06,09,12",,,,,160,,160,,160,,40,,,,,02,,,1,2015-01-01,970
ст.337 ч.1,0,1130,,,2,3370001,FE1R10P1,Незаконная охота,Заѕсыз аѕшылыќ,,,,,,,,,,,,,,,,,,,,,,,,,,,,,,,,,,,,,,,,,2,0,,,NO,,,,,,,,,,,,,,,,,,,,,,,,,,,,,,,,,,,,,"05,06,09,12,14",,,,,160,,160,,160,,40,,,,,"01,02",,,2,2019-11-15,971
ст.337 ч.2,0,1940,,,2,3370002,FE1R10P1,Незаконная охота,Заѕсыз аѕшылыќ,,,,,,,,,,,,,,,,,,,,,,,,,,,,,,,,,,,,,,,,,2,0,,,,,,,,,,,,,,,,,,,,,,,,,,,ALL,,,,,,,,,,,,,"05,06,09,12",,,,,200,,200,,200,,50,,,,,02,,,1,2015-01-01,972
ст.337 ч.2,2,5880,,,1,3370002,FE1R10P1,Незаконная охота,Заѕсыз аѕшылыќ,,,,,,,,,,,,,,,,,,,,,,,,,,,,,,,,,,,,,,,,,1,0,,,,,,,,,,,,,,,,,,,,,,,,,,,ALL,,,,,,,,,,,,,"05,06,09,11,01",,,,,4000,,4000,,1000,,,,4,,4,"01,02",,,3,2020-01-11,973
ст.337 ч.2,0,1950,,,2,3370002,FE1R10P1,Незаконная охота,Заѕсыз аѕшылыќ,,,,,,,,,,,,,,,,,,,,,,,,,,,,,,,,,,,,,,,,,2,0,,,,,,,,,,,,,,,,,,,,,,,,,,,ALL,,,,,,,,,,,,,"05,06,09,12,14",,,,,200,,200,,200,,50,,,,,"01,02",,,2,2019-11-15,974
ст.337 ч.3,2,7450,,,1,3370003,FE1R10P1,Незаконная охота,Заѕсыз аѕшылыќ,,,,,,,,,,,,,,,,,,,,,,,,,,,,,,,,,,,,,,,,,1,0,,,,,,,,,,,,,,,,,,,,,,,,,,,,,ALL,,,,,,,,,,,"05,06,09,11,01",,,,,5000,,5000,,1200,,,,5,,5,"01,02",,,5,2020-01-11,975
ст.337 ч.3,1,3650,,,1,3370003,FE1R10P1,Незаконная охота,Заѕсыз аѕшылыќ,,,,,,,,,,,,,,,,,,,,,,,,,,,,,,,,,,,,,,,,,2,0,,,,,,,,,,,,,,,,,,,,,,,,,,,,,ALL,,,,,,,,,,,"05,06,09,11,01",,,,,2000,,2000,,600,,,,2,,2,02,,,2,2015-01-01,976
ст.337 ч.3,2,7420,,,1,3370003,FE1R10P1,Незаконная охота,Заѕсыз аѕшылыќ,"01,02,03,04,05",,,,,,,,,,,,,,,,,,,,,,,,,,,,,,,,,,,,,,,,2,0,,,,,,,,,,,,,,,,,,,,,,,,,,,,,ALL,,,,,,,,,,,"05,06,09,11,01",,,,,5000,,5000,,1200,,,,5,,5,"01,02",,,3,2019-11-15,977
ст.337 ч.4,2,7410,,,1,3370004,FE1R10P1,Незаконная охота,Заѕсыз аѕшылыќ,"01,02,03,04",,,,,,,,,,,,,,,,03,,04,,,,,,,,,,,,,,,,,,,,,,2,0,,,,,,,,,,,,,,,,,,,,,,,,,,,,,,,,,,,,01,,03,,"05,06,09,11,01",,,,,5000,,5000,,1200,,,,5,,5,02,,,3,2015-01-01,978
ст.337 ч.4,3,9400,,,1,3370004,FE1R10P1,Незаконная охота,Заѕсыз аѕшылыќ,"01,02",,,,,,,,,,,,,,,,,,,,,,,,,,,,,,,,,,,,,,,,2,0,,,,,,,,,,,,,,,,,,,,,,,,,,,,,,,,,,,,01,,03,,01,,,,,,,,,,,,,,3,7,"02,01",,,5,2019-11-15,979
ст.337 ч.5 (исключена),3,9380,,,1,3370005,FE1R10P1,(Исключена) Незаконная охота,Заѕсыз аѕшылыќ,"01,02",,,,,,,01,,,,,,,,,,,02,,,,,,,,,,,,,,,,,,,,,,1,0,,,,,,,,,,,,,,,,,,,,,,,,,,,,,,,,,,,,,,,,01,,"05,06,11,",,,,,,,,,,,,3,7,02,,,5,2015-01-01,980
ст.337 ч.5 (исключена),3,9390,,,1,3370005,FE1R10P1,(Исключена) Незаконная охота,Заѕсыз аѕшылыќ,"01,02",,,,,,,01,,,,,,,,,,,02,,,,,,,,,,,,,,,,,,,,,,3,0,,,,,,,,,,,,,,,,,,,,,,,,,,,,,,,,,,,,,,,,01,,"05,06,11,",,,,,,,,,,,,3,7,02,,,5,2019-11-15,981
ст.337 ч.6,3,12020,,,1,3370006,FE1R10P1,(Исключена) Незаконная охота,Заѕсыз аѕшылыќ,"01,02,03",,,,,,,01,,,,,,,,,,,02,,,,,,,,,,,,,,,,,,,,,,1,0,,,,,,,,,,,,,,,,,,,,,,,,,,,,,01,,,,,,,,,,01,01,,"05,06,11,",,,,,,,,,,,,6,10,"01,02",,,10,2020-01-11,982
ст.338,2,5280,,,1,3380001,FE1R10P1,Нарушение правил охраны животного мира,Жануарлар дїниесiн ќорєау ќаєидаларын бўзу,,1,,,,,,,,,,,,,,,,,,,,,,,,,,,,,,,,,,,,,,,1,0,,,NO,,,,,,,,,,,,,,,,,,,,,,,,,,,,,,,,,,,,,"05,06,09,11,01",,,,,3000,,3000,,800,,,,3,,3,02,,,3,2015-01-01,983
ст.339 ч.1,2,5340,1,,1,3390001,FE1R10P1,Незаконное обращение с редкими и находящимися под,Ґсiмдiктердіѕ немесе жануарлардыѕ сирек кездесетiн,,,,,,,,,,,,,,,,,,,,,,,,,,,,,,,,,,,,,,,,,2,0,,,NO,,,,,,,,,,,,,,,,,,,,,,,,,,,,,,,,,,,,,"05,06,09,11,01",,,,,3000,,3000,,800,,,,3,,3,"01,02",,,5,2019-11-15,984
ст.339 ч.1,2,5350,1,,1,3390001,FE1R10P1,Незаконное обращение с редкими и находящимися под,Ґсiмдiктердіѕ немесе жануарлардыѕ сирек кездесетiн,,,,,,,,,,,,,,,,,,,,,,,,,,,,,,,,,,,,,,,,,1,0,,,NO,,,,,,,,,,,,,,,,,,,,,,,,,,,,,,,,,,,,,"05,06,09,11,01",,,,,3000,,3000,,800,,,,3,,3,"01,02",,,5,2020-01-11,985
ст.339,2,4730,1,,1,3390001,FE1R10P1,Незаконное обращение с редкими и находящимися под,Ґсiмдiктердіѕ немесе жануарлардыѕ сирек кездесетiн,,,,,,,,,,,,,,,,,,,,,,,,,,,,,,,,,,,,,,,,,2,0,,,NO,,,,,,,,,,,,,,,,,,,,,,,,,,,,,,,,,,,,,"05,06,09,11,01",,,,,3000,,3000,,800,,,,3,,3,,,,,2015-01-01,986
ст.339 ч.2,3,9810,1,,1,3390002,FE1R10P1,Незаконное обращение с редкими и находящимися под,Ґсiмдiктердіѕ немесе жануарлардыѕ сирек кездесетiн,"01,02,03,04,05",,,,,,,,,,,,,,,,,,,,,,,,,,,,,,,,,,,,,,,,2,0,,,NO,,,,,,,,,,,,,,,,,,,,,,,,01,,02,,,,,,,,,04,,"05,06,11,01",,"09,",,3000,7000,3000,7000,,,,,3,7,3,7,"01,02",,,5,2019-11-15,987
ст.339 ч.2,3,9820,1,,1,3390002,FE1R10P1,Незаконное обращение с редкими и находящимися под,Ґсiмдiктердіѕ немесе жануарлардыѕ сирек кездесетiн,"01,02,03,04,05",,,,,,,,,,,,,,,,,,,,,,,,,,,,,,,,,,,,,,,,1,0,,,NO,,,,,,,,,,,,,,,,,,,,,,,,01,,02,,,,,,,,,04,,"05,06,11,01",,"09,",,3000,7000,3000,7000,,,,,3,7,3,7,"01,02",,,5,2020-01-11,988
ст.339 ч.3,3,12780,1,,1,3390003,FE1R10P1,Незаконное обращение с редкими и находящимися под,Ґсiмдiктердіѕ немесе жануарлардыѕ сирек кездесетiн,"01,02",,,,,,,,,,,,,,,,,,,,,,,,,,,,,,,,,,,,,,,,1,0,,,NO,,,,,,,,,,,,,,,,,,,,,,,,,,01,,,,,,,,,,01,01,,"05,06,11,09,",,,,,,,,,,,,7,12,"01,02",,,5,2020-01-11,989
ст.339 ч.3,3,12770,1,,1,3390003,FE1R10P1,Незаконное обращение с редкими и находящимися под,Ґсiмдiктердіѕ немесе жануарлардыѕ сирек кездесетiн,"01,02",,,,,,,,,,,,,,,,,,,,,,,,,,,,,,,,,,,,,,,,2,0,,,NO,,,,,,,,,,,,,,,,,,,,,,,,,,01,,,,,,,,,,01,01,,"05,06,11,09,",,,,,,,,,,,,7,12,"01,02",,,5,2019-11-15,990
ст.339 ч.1-1,2,7790,1,,1,3390011,FE1R10P1,Незаконное обращение с редкими и находящимися под,Ґсiмдiктердіѕ немесе жануарлардыѕ сирек кездесетiн,,,,,,,,,,,,,,,,,,,,,,,,,,,,,,,,,,,,,,,,,1,0,,,NO,,,,,,,,,,,,,,,,,,,,,,,,,,,,,,,,,,,,,"11,01",,"05,06,09,",,,,,,,,,,3,5,3,5,01,,,,2020-01-11,991
ст.339-1 ч.1,1,2670,1,,1,3390101,FE1R10P1,Незаконное обращение с частями или дериватами редк,Ґсiмдiктердіѕ немесе жануарлардыѕ сирек кездесетiн,,,,,,,,,,,,,,,,,,,,,,,,,,,,,,,,,,,,,,,,,1,0,,,NO,,,,,,,,,,,,,,,,,,,,,,,,,,,,,,,,,,,,,"05,06,09,11,01",,,,,2000,,2000,,500,,,,2,,2,,02,,3,2025-09-16,992
ст.339-1 ч.2,2,4210,1,,1,3390102,FE1R10P1,Незаконное обращение с частями или дериватами редк,Ґсiмдiктердіѕ немесе жануарлардыѕ сирек кездесетiн,,,,,,,,,,,,,,,,,,,,,,,,,,,,,,,,,,,,,,,,,1,0,,,NO,,,,,,,,,,,,,,,,,,,,,,,,,,,,,,,,,,,,,"11,01",,,,,,,,,,,,,3,,3,,02,,3,2025-09-16,993
ст.339-1 ч.3,2,7670,1,,1,3390103,FE1R10P1,Незаконное обращение с частями или дериватами редк,Ґсiмдiктердіѕ немесе жануарлардыѕ сирек кездесетiн,"01,02,03,04,05",,,,,,,,,,,,,,,,,,,,,,,,,,,,,,,,,,,,,,,,1,0,,,NO,,,,,,,,,,,,,,,,,,,,,,,,01,,02,,,,,,,,,04,,"05,06,11,01",,,,2000,5000,2000,5000,,,,,2,5,2,5,01,02,,5,2025-09-16,994
ст.339-1 ч.4,3,10500,1,,1,3390104,FE1R10P1,Незаконное обращение с частями или дериватами редк,Ґсiмдiктердіѕ немесе жануарлардыѕ сирек кездесетiн,"01,02",,,,,,,,,,,,,,,,,,,,,,,,,,,,,,,,,,,,,,,,1,0,,,NO,,,,,,,,,,,,,,,,,,,,,,,,,,01,,,,,,,,,,01,01,,,,,,,,,,,,,,3,8,01,02,,5,2025-09-16,995
ст.340 ч.1,0,530,,,2,3400001,FE1R10P1,"Незаконная порубка, уничтожение или повреждение де","Аєаштар мен бўталарды заѕсыз кесу, жою немесе заќы",,1,,,,,,,,,,,,,,,,,,,,,,,,,,,,,,,,,,,,,,,2,0,,,NO,,,,,,,,,,,,,,,,,,,,,,,,,,,,,,,,,,,,,"05,06,09,12",,,,,120,,120,,120,,30,,,,,01,,,,2020-01-11,996
ст.340 ч.1,0,440,,,2,3400001,FE1R10P1,"Незаконная порубка, уничтожение или повреждение де","Аєаштар мен бўталарды заѕсыз кесу, жою немесе заќы",,1,,,,,,,,,,,,,,,,,,,,,,,,,,,,,,,,,,,,,,,2,0,,,NO,,,,,,,,,,,,,,,,,,,,,,,,,,,,,,,,,,,,,"05,06,09,12",,,,,120,,120,,120,,30,,,,,,,,,2015-01-01,997
ст.340 ч.1,0,520,,,2,3400001,FE1R10P1,"Незаконная порубка, уничтожение или повреждение де","Аєаштар мен бўталарды заѕсыз кесу, жою немесе заќы",,1,,,,,,,,,,,,,,,,,,,,,,,,,,,,,,,,,,,,,,,2,0,,,NO,,,,,,,,,,,,,,,,,,,,,,,,,,,,,,,,,,,,,"05,06,09,12,14",,,,,120,,120,,120,,30,,,,,01,,,,2019-11-15,998
ст.340 ч.1,0,1100,,,2,3400001,FE1R10P1,"Незаконная порубка, уничтожение или повреждение де","Аєаштар мен бўталарды заѕсыз кесу, жою немесе заќы",,1,,,,,,,,,,,,,,,,,,,,,,,,,,,,,,,,,,,,,,,2,0,,,NO,,,,,,,,,,,,,,,,,,,,,,,,,,,,,,,,,,,,,"05,06,09,12",,,,,160,,160,,160,,40,,,,,01,,,,2021-07-01,999
ст.340 ч.1,0,1110,,,2,3400001,FE1R10P1,"Незаконная порубка, уничтожение или повреждение де","Аєаштар мен бўталарды заѕсыз кесу, жою немесе заќы",,1,,,,,,,,,,,,,,,,,,,,,,,,,,,,,,,,,,,,,,,1,0,,,NO,,,,,,,,,,,,,,,,,,,,,,,,,,,,,,,,,,,,,"05,06,09,12",,,,,160,,160,,160,,40,,,,,01,,,,2023-03-06,1000
ст.340 ч.2,2,4450,,,1,3400002,FE1R10P1,"Незаконная порубка, уничтожение или повреждение де","Аєаштар мен бўталарды заѕсыз кесу, жою немесе заќы",,,,,,,,,,,,,,,,,,,,,,,,,,,,,,,,,,,,,,,,,1,0,,,NO,,,,,,,,,,,,,,,,,,,,,,,,,,,,,,,,,,,,,"01,05,06,09,11",,,,,2000,,2000,,600,,,,3,,3,01,02,,3,2023-03-06,1001
ст.340 ч.2,0,840,,,2,3400002,FE1R10P1,"Незаконная порубка, уничтожение или повреждение де","Аєаштар мен бўталарды заѕсыз кесу, жою немесе заќы",,,,,,,,,,,,,,,,,,,,,,,,,,,,,,,,,,,,,,,,,2,0,,,NO,,,,,,,,,,,,,,,,,,,,,,,,,,,,,,,,,,,,,"05,06,09,12",,,,,160,,160,,160,,40,,,,,,,,,2015-01-01,1002
ст.340 ч.2,0,1230,,,2,3400002,FE1R10P1,"Незаконная порубка, уничтожение или повреждение де","Аєаштар мен бўталарды заѕсыз кесу, жою немесе заќы",,,,,,,,,,,,,,,,,,,,,,,,,,,,,,,,,,,,,,,,,2,0,,,NO,,,,,,,,,,,,,,,,,,,,,,,,,,,,,,,,,,,,,"05,06,09,12",,,,,180,,180,,180,,45,,,,,01,,,,2021-07-01,1003
ст.340 ч.2,0,1090,,,2,3400002,FE1R10P1,"Незаконная порубка, уничтожение или повреждение де","Аєаштар мен бўталарды заѕсыз кесу, жою немесе заќы",,,,,,,,,,,,,,,,,,,,,,,,,,,,,,,,,,,,,,,,,2,0,,,NO,,,,,,,,,,,,,,,,,,,,,,,,,,,,,,,,,,,,,"05,06,09,12",,,,,160,,160,,160,,40,,,,,01,,,,2020-01-11,1004
ст.340 ч.2,0,1080,,,2,3400002,FE1R10P1,"Незаконная порубка, уничтожение или повреждение де","Аєаштар мен бўталарды заѕсыз кесу, жою немесе заќы",,,,,,,,,,,,,,,,,,,,,,,,,,,,,,,,,,,,,,,,,2,0,,,NO,,,,,,,,,,,,,,,,,,,,,,,,,,,,,,,,,,,,,"05,06,09,12,14",,,,,160,,160,,160,,40,,,,,01,,,,2019-11-15,1005
ст.340 ч.3,0,1910,1,,2,3400003,FE1R10P1,"Незаконная порубка, уничтожение или повреждение де","Аєаштар мен бўталарды заѕсыз кесу, жою немесе заќы","01,02,03,04",,,,,,,,,01,,,,,,,02,,03,,,,,,,,,,,,,,,,,,,,,,2,0,,,,,,,,,,,,,,,,,,,,,,,,,,,02,,01,,,,,,,,,03,,"05,06,09,12,",,,,,200,,200,,200,,50,,,,,01,02,,3,2020-01-11,1006
ст.340 ч.3,2,6880,1,,1,3400003,FE1R10P1,"Незаконная порубка, уничтожение или повреждение де","Аєаштар мен бўталарды заѕсыз кесу, жою немесе заќы","01,02,03,04,05",,,,,,,,,01,,,,,,,02,,03,,,,,,,,,,,,,,,,,,,,,,1,0,,,,,,,,,,,,,,,,,,,,,,,,,,,02,,01,,,,,,,,,03,,"01,05,06,09,11,",,,,,3000,,3000,,800,,,,5,,5,01,02,,3,2023-03-06,1007
ст.340 ч.3,0,1880,1,,2,3400003,FE1R10P1,"Незаконная порубка, уничтожение или повреждение де","Аєаштар мен бўталарды заѕсыз кесу, жою немесе заќы","01,02,03,04",,,,,,,,,01,,,,,,,02,,03,,,,,,,,,,,,,,,,,,,,,,2,0,,,,,,,,,,,,,,,,,,,,,,,,,,,02,,01,,,,,,,,,03,,"05,06,09,12",,,,,200,,200,,200,,50,,,,,,02,,3,2015-01-01,1008
ст.340 ч.3,0,1900,1,,2,3400003,FE1R10P1,"Незаконная порубка, уничтожение или повреждение де","Аєаштар мен бўталарды заѕсыз кесу, жою немесе заќы","01,02,03,04",,,,,,,,,01,,,,,,,02,,03,,,,,,,,,,,,,,,,,,,,,,2,0,,,,,,,,,,,,,,,,,,,,,,,,,,,02,,01,,,,,,,,,03,,"05,06,09,12,14",,,,,200,,200,,200,,50,,,,,01,02,,3,2019-11-15,1009
ст.340 ч.3,0,1920,1,,2,3400003,FE1R10P1,"Незаконная порубка, уничтожение или повреждение де","Аєаштар мен бўталарды заѕсыз кесу, жою немесе заќы","01,02,03,04",,,,,,,,,01,,,,,,,02,,03,,,,,,,,,,,,,,,,,,,,,,2,0,,,,,,,,,,,,,,,,,,,,,,,,,,,02,,01,,,,,,,,,03,,"05,06,09,12,",,,,,200,,200,,200,,50,,,,,01,02,,3,2021-07-01,1010
ст.340 ч.4,3,11820,1,,1,3400004,FE1R10P1,"Незаконная порубка, уничтожение или повреждение де","Аєаштар мен бўталарды заѕсыз кесу, жою немесе заќы",,,,,,,,,,,,,,,,,,,,,,,,,,,,,,,,,,,,,,,,,1,0,,,,,,,,,,,,,,,,,,,,,,,,,,,,,ALL,,,,,,,,,,ALL,01,,"05,06,11,",,,,,,,,,,,,5,10,01,02,,10,2023-03-06,1011
ст.340 ч.4,2,7600,1,,1,3400004,FE1R10P1,"Незаконная порубка, уничтожение или повреждение де","Аєаштар мен бўталарды заѕсыз кесу, жою немесе заќы",,,,,,,,,,,,,,,,,,,,,,,,,,,,,,,,,,,,,,,,,2,0,,,,,,,,,,,,,,,,,,,,,,,,,,,,,ALL,,,,,,,,,,ALL,01,,"05,06,11,",,,,,,,,,,,,2,5,,,,,2015-01-01,1012
ст.340 ч.4,2,7630,1,,1,3400004,FE1R10P1,"Незаконная порубка, уничтожение или повреждение де","Аєаштар мен бўталарды заѕсыз кесу, жою немесе заќы",,,,,,,,,,,,,,,,,,,,,,,,,,,,,,,,,,,,,,,,,2,0,,,,,,,,,,,,,,,,,,,,,,,,,,,,,ALL,,,,,,,,,,ALL,01,,"05,06,11,",,,,,,,,,,,,2,5,01,,,,2019-11-15,1013
ст.340 ч.4,2,7640,1,,1,3400004,FE1R10P1,"Незаконная порубка, уничтожение или повреждение де","Аєаштар мен бўталарды заѕсыз кесу, жою немесе заќы",,,,,,,,,,,,,,,,,,,,,,,,,,,,,,,,,,,,,,,,,2,0,,,,,,,,,,,,,,,,,,,,,,,,,,,,,ALL,,,,,,,,,,ALL,01,,"05,06,11,",,,,,,,,,,,,2,5,01,,,,2021-07-01,1014
ст.341 ч.1,1,2950,,,1,3410001,FE1R10P1,Уничтожение или повреждение лесов,Ормандарды жою немесе заќымдау,,1,,,,,,,,,,,,,,,,,,,,,,,,,,,,,,,,,,,,,,,1,0,,,NO,,,,,,,,,,,,,,,,,,ALL,,,,,,,,,,,,,,ALL,,,,,"05,06,09,11,01",,,,,2000,,2000,,600,,,,2,,2,01,,,,2019-11-15,1015
ст.341 ч.1,1,2820,,,1,3410001,FE1R10P1,Уничтожение или повреждение лесов,Ормандарды жою немесе заќымдау,,1,,,,,,,,,,,,,,,,,,,,,,,,,,,,,,,,,,,,,,,2,0,,,NO,,,,,,,,,,,,,,,,,,ALL,,,,,,,,,,,,,,ALL,,,,,"05,06,09,11,01",,,,,2000,,2000,,600,,,,2,,2,,,,,2015-01-01,1016
ст.341 ч.2,3,10360,,,1,3410002,FE1R10P1,Уничтожение или повреждение лесов,Ормандарды жою немесе заќымдау,,,,,,,,,,,,,,,,,,,ALL,,,,,,,,,,,,,,,,,,,,,,2,0,,,NO,,,,,,,,,,,,,,,,,,,,,,,,,,,,,,,,,,,,,01,,"05,06,11,",,,,,,,,,,,,3,8,,,,,2015-01-01,1017
ст.341 ч.2,3,10480,,,1,3410002,FE1R10P1,Уничтожение или повреждение лесов,Ормандарды жою немесе заќымдау,,,,,,,,,,,,,,,,,,,ALL,,,,,,,,,,,,,,,,,,,,,,1,0,,,NO,,,,,,,,,,,,,,,,,,,,,,,,,,,,,,,,,,,,,01,,"05,06,11,",,,,,,,,,,,,3,8,01,,,,2019-11-15,1018
ст.342 ч.1,0,510,4,,2,3420001,FE1R10P1,Нарушение режима особо охраняемых природных террит,Ерекше ќорєалатын табиєи аумаќтар режимiн бўзу,,,,,,,,,,,ALL,,,,,,,,ALL -,,,,,,,,,,,,,,,,,,,,,,2,0,,,NO,,,,,,,,,,,,,,,,,,,,,,,,,,,,,,,,,,,,,"05,06,09,12",,,,,120,,120,,120,,30,,,,,,02,,3,2015-01-01,1019
ст.342 ч.1,0,540,4,,2,3420001,FE1R10P1,Нарушение режима особо охраняемых природных террит,Ерекше ќорєалатын табиєи аумаќтар режимiн бўзу,,,,,,,,,,,ALL,,,,,,,,ALL -,,,,,,,,,,,,,,,,,,,,,,2,0,,,NO,,,,,,,,,,,,,,,,,,,,,,,,,,,,,,,,,,,,,"05,06,09,12,14",,,,,120,,120,,120,,30,,,,,01,02,,3,2019-11-15,1020
ст.342 ч.1,0,550,4,,2,3420001,FE1R10P1,Нарушение режима особо охраняемых природных террит,Ерекше ќорєалатын табиєи аумаќтар режимiн бўзу,,,,,,,,,,,ALL,,,,,,,,ALL -,,,,,,,,,,,,,,,,,,,,,,2,0,,,NO,,,,,,,,,,,,,,,,,,,,,,,,,,,,,,,,,,,,,"05,06,09,12,",,,,,120,,120,,120,,30,,,,,01,02,,3,2020-01-11,1021
ст.342 ч.1,0,1930,4,,2,3420001,FE1R10P1,Нарушение режима особо охраняемых природных террит,Ерекше ќорєалатын табиєи аумаќтар режимiн бўзу,,,,,,,,,,,ALL,,,,,,,,ALL -,,,,,,,,,,,,,,,,,,,,,,1,0,,,NO,,,,,,,,,,,,,,,,,,,,,,,,,,,,,,,,,,,,,"05,06,09,12,",,,,,200,,200,,200,,50,,,,,01,02,,3,2023-03-06,1022
ст.342 ч.2,2,5170,4,,1,3420002,FE1R10P1,Нарушение режима особо охраняемых природных террит,Ерекше ќорєалатын табиєи аумаќтар режимiн бўзу,,,,,,,,,,,ALL,,,,,ALL,,,,,,,,,,,,,,,,,,,,,,,,,1,0,,,NO,,,,,,,,,,,,,,,,,,,,,,,,,,,,,,,,,,,,,"05,06,09,11,01",,,,,3000,,3000,,800,,,,3,,3,01,02,,3,2023-03-06,1023
ст.342 ч.2,2,5010,4,,1,3420002,FE1R10P1,Нарушение режима особо охраняемых природных террит,Ерекше ќорєалатын табиєи аумаќтар режимiн бўзу,,,,,,,,,,,ALL,,,,,ALL,,,,,,,,,,,,,,,,,,,,,,,,,2,0,,,NO,,,,,,,,,,,,,,,,,,,,,,,,,,,,,,,,,,,,,"05,06,09,11,01",,,,,3000,,3000,,800,,,,3,,3,,02,,3,2015-01-01,1024
ст.342 ч.2,2,5160,4,,1,3420002,FE1R10P1,Нарушение режима особо охраняемых природных террит,Ерекше ќорєалатын табиєи аумаќтар режимiн бўзу,,,,,,,,,,,ALL,,,,,ALL,,,,,,,,,,,,,,,,,,,,,,,,,2,0,,,NO,,,,,,,,,,,,,,,,,,,,,,,,,,,,,,,,,,,,,"05,06,09,11,01",,,,,3000,,3000,,800,,,,3,,3,01,02,,3,2019-11-15,1025
ст.342 ч.3,2,5840,4,,1,3420003,FE1R10P1,Нарушение режима особо охраняемых природных террит,Ерекше ќорєалатын табиєи аумаќтар режимiн бўзу,"01,02,03,04",,,,,,,,,,ALL,,,,,ALL,,,,,,,,,,,,,,,,,,,,,,,,,1,0,,,NO,,,,,,,,,,,,,,,,,,,,,,,,03,,01,,,,,,,,,02,,"05,06,09,11,01",,,,,4000,,4000,,1000,,,,4,,4,01,02,,3,2023-03-06,1026
ст.342 ч.4,3,9320,4,,1,3420004,FE1R10P1,Нарушение режима особо охраняемых природных террит,Ерекше ќорєалатын табиєи аумаќтар режимiн бўзу,,,,,,,,,,,ALL,,,,,ALL,,,,,,,,,,,,,,,,,,,,,,,,,1,0,,,NO,,,,,,,,,,,,,,,,,,,,,,,,,,,,,,,,,,,,,01,,,,,,,,,,,,,,3,7,01,02,,3,2023-03-06,1027
ст.343 ч.1,0,850,4,,2,3430001,FE1R10P1,Непринятие мер по ликвидации последствий экологиче,Экологиялыќ ластау зардаптарын жою жґнінде шаралар,,1,,,,,,,,,ALL,,,,,,,,,,,,,,,,,,,,,,,,,,,,,,1,0,,,NO,,,,,,,,,,,,,,,,,,,,,,,,,ALL,,,,,,,,,,,,"05,06,09,12",,,,,160,,160,,160,,40,,,,,,,,,2015-01-01,1028
ст.343 ч.2,2,4970,4,,1,3430002,FE1R10P1,Непринятие мер по ликвидации последствий экологиче,Экологиялыќ ластау зардаптарын жою жґнінде шаралар,,,,,,,,,,,ALL,,,,,,,,,,,,,,,,,,,,,,,,,,,,,,1,0,,,NO,,,,,,,,,,,,,,,,,,,,,,,,,ALL,,,,,,,,,,,,"05,06,09,11,01",,,,,3000,,3000,,800,,,,3,,3,,02,,2,2015-01-01,1029
ст.343 ч.3,3,8700,4,,1,3430003,FE1R10P1,Непринятие мер по ликвидации последствий экологиче,Экологиялыќ ластау зардаптарын жою жґнінде шаралар,,,,,,,,,,,ALL,,,,,ALL,,,,,,,,,,,,,,,,,,,,,,,,,1,0,,,NO,,,,,,,,,,,,,,,,,,,,,,,,,ALL,,,,,,,,,,,,01,,"05,06,11,",,,,,,,,,,,,2,7,,02,,3,2015-01-01,1030
ст.344 ч.1,1,2890,4,,1,3440001,FE1R10P1,Нарушение правил безопасности движения или эксплуа,"Темiржол, јуе, теѕіз немесе ґзен кґлiгi жїрісі нем",,1,,,,,,,,,,,,,,,,,,,,,,,,,,,,,,,,,,,,,,,1,0,,,NO,,,,,,,,,,,,,,,,,,ALL,,,,,,,ALL,,,,,,,,,,,,"05,06,09,11,01",,,,,2000,,2000,,600,,,,2,,2,,02,,3,2015-01-01,1031
ст.344 ч.2,2,8360,4,,1,3440002,FE1R10P1,Нарушение правил безопасности движения или эксплуа,"Темiржол, јуе, теѕіз немесе ґзен кґлiгi жїрісі нем",,,,,,,,,,,ALL,,,,,,,,,,,,,,,,,,,,,,,,,,,,,,1,0,,,NO,,,,,,,,,,,,ALL,,,,,,ALL,,,,,,,ALL,,,,,,,,,,,,01,,"05,06,11,",,,,,,,,,,,,,7,,02,,3,2015-01-01,1032
ст.344 ч.3,2,10910,4,,1,3440003,FE1R10P1,Нарушение правил безопасности движения или эксплуа,"Темiржол, јуе, теѕіз немесе ґзен кґлiгi жїрісі нем",,,,,,,,,,,ALL,,,,,,,,,,,,,,,,,,,,,,,,,,,,,,1,0,,,NO,,,,,,,,,,,,,ALL,,,,,ALL,,,,,,,ALL,,,,,,,,,,,,01,,"05,06,11,",,,,,,,,,,,,4,10,,02,,3,2015-01-01,1033
ст.345 ч.1,0,710,4,2,2,3450001,FE1R10P1,Нарушение правил дорожного движения или эксплуатац,Кґлiк ќўралдарын басќаратын адамдардыѕ жол жїрісі,,DTP,,,,,,,,,,,,,,,,,,,,,,,,,,,,,,,,,,,,,,,1,0,,,NO,,,,,,ALL,,,,,,,,,,,,ALL,,,,,,,,,,,,,,,,,,,"05,06,09,12",,,,,160,,160,,160,,40,,,,,02,,,2,2015-01-01,1034
ст.345 ч.2,1,2960,1,,1,3450002,FE1R10P1,Нарушение правил дорожного движения или эксплуатац,Кґлiк ќўралдарын басќаратын адамдардыѕ жол жїрісі,,DTP,,,,,,,,,,,,,,,,,,,,,,,,,,,,,,,,,,,,,,,1,0,,,,,,,,,ALL,,,,,,,,,,,,ALL,,,,,,,ALL,,,,,,,,,,,,"05,06,09,11,01",,,,,2000,,2000,,600,,,,2,,2,02,,,3,2015-01-01,1035
ст.345 ч.3,1,6030,1,,1,3450003,FE1R10P1,Нарушение правил дорожного движения или эксплуатац,Кґлiк ќўралдарын басќаратын адамдардыѕ жол жїрісі,,DTP,,,,,,,,,,,,,,,,,,,,,,,,,,,,,,,,,,,,,,,1,0,,,,,,,,,,,,,,,ALL,,,,,,ALL,,,,,,,ALL,,,,,,,,,,,,01,,"05,06,11,",,,,,,,,,,,,,5,02,,,5,2015-01-01,1036
ст.345 ч.4,2,11050,1,,1,3450004,FE1R10P1,Нарушение правил дорожного движения или эксплуатац,Кґлiк ќўралдарын басќаратын адамдардыѕ жол жїрісі,,DTP,,,,,,,,,,,,,,,,,,,,,,,,,,,,,,,,,,,,,,,1,0,,,,,,,,,,,,,,,,ALL,,,,,ALL,,,,,,,ALL,,,,,,,,,,,,01,,"05,06,11,",,,,,,,,,,,,5,10,02,,,7,2015-01-01,1037
ст.345-1 ч.1,1,2180,4,,1,3450101,FE1R10P1,Нарушение правил дорожного движения или эксплуатац,Нарушение правил дорожного движения или эксплуатац,,DTP,,,,,,,,,,,,,,,,,,,,,,,,,,,,,,,,,,,,,,,1,0,,,NO,,,,,,ALL,,,,,,,,,,,,ALL,,,,,,,,,,,,,,,,ALL,,,"05,06,09,11,01",,,,,1000,,1000,,400,,,,1,,1,02,,,10,2020-01-11,1038
ст.345-1 ч.2,1,5420,1,,1,3450102,FE1R10P1,Нарушение правил дорожного движения или эксплуатац,Нарушение правил дорожного движения или эксплуатац,,DTP,,,,,,,,,,,,,,,,,,,,,,,,,,,,,,,,,,,,,,,1,0,,,,,,,,,ALL,,,,,,,,,,,,ALL,,,,,,,ALL,,,,,,,,,,,,"05,06,09,11,01",,,,,3000,,3000,,1200,,,,3,,3,02,,,10,2020-01-11,1039
ст.345-1 ч.3,2,8450,1,,1,3450103,FE1R10P1,Нарушение правил дорожного движения или эксплуатац,Нарушение правил дорожного движения или эксплуатац,,DTP,,,,,,,,,,,,,,,,,,,,,,,,,,,,,,,,,,,,,,,1,0,,,,,,,,,,,,,,,ALL,,,,,,ALL,,,,,,,ALL,,,,,,,,,,,,"01,11",,"05,06,",,,,,,,,,,,7,,7,02,,,10,2020-01-11,1040
ст.345-1 ч.4,2,12040,1,,1,3450104,FE1R10P1,Нарушение правил дорожного движения или эксплуатац,Нарушение правил дорожного движения или эксплуатац,,DTP,,,,,,,,,,,,,,,,,,,,,,,,,,,,,,,,,,,,,,,1,0,,,,,,,,,,,,,,,,ALL,,,,,ALL,,,,,,,ALL,,,,,,,,,,,,01,,"05,06,11,",,,,,,,,,,,,7,10,22,,,,2020-01-11,1041
ст.346 ч.1,0,1540,4,,2,3460001,FE1R10P1,"Управление транспортным средством лицом, лишенным","Кґлік ќўралдарын басќару ќўќыєынан айырылєан, алко",,"1,DTP",,,,,,,,,ALL,,,,,,,,,,,,,,,,,,,,,,,,,,,,,,2,0,,,NO,,,,,,,,,,,,,,,,,,ALL,,,,,,,,,,,,,,,,ALL,,,"05,06,09,12",,,,,200,,200,,200,,50,,,,,02,,3,3,2015-01-01,1042
ст.346 ч.1,2,7470,4,,1,3460001,FE1R10P1,"Управление транспортным средством лицом, лишенным","Управление транспортным средством лицом, лишенным",,DTP,,,,,,,,,ALL,,,,,,,,,,,,,,,,,,,,,,,,,,,,,,1,0,,,NO,,,,,,,,,,,,,,,,,,,,,,,,,,,,,,,,,,ALL,,,"05,06,09,11,01",,,,,5000,,5000,,1200,,,,5,,5,22,,,,2020-01-11,1043
ст.346 ч.2,3,8350,4,,1,3460002,FE1R10P1,"Управление транспортным средством лицом, лишенным","Управление транспортным средством лицом, лишенным",,DTP,,,,,,,,,ALL,,,,,,,,,,,,,,,,,,,,,,,,,,,,,,1,0,,,NO,,,,,,ALL,,,,,,,,,,,,,,,,,,,,,,,,,,,,,,,01,,"05,06,09,11,",,,,,,,,,,,,4,6,22,,,,2020-01-11,1044
ст.346 ч.2,1,2790,4,,1,3460002,FE1R10P1,"Управление транспортным средством лицом, лишенным","Кґлік ќўралдарын басќару ќўќыєынан айырылєан, алко",,DTP,,,,,,,,,ALL,,,,,,,,,,,,,,,,,,,,,,,,,,,,,,2,0,,,NO,,,,,,ALL,,,,,,,,,,,,,,,,,,,,,,,,,,,,,,,"05,06,09,11,01",,,,,1000,,1000,,600,,,,2,,2,02,,5,5,2015-01-01,1045
ст.346 ч.3,3,10110,4,,1,3460003,FE1R10P1,"Управление транспортным средством лицом, лишенным","Управление транспортным средством лицом, лишенным",,DTP,,,,,,,,,ALL,,,,,ALL,,,,,,,,,,,,,,,,,,,,,,,,,1,0,,,NO,,,,,,ALL,,,,,,,,,,,,,,,,,,,,,,,,,,,,,,,01,,"05,06,09,11,",,,,,,,,,,,,5,7,22,,,,2020-01-11,1046
ст.346 ч.3,2,7020,4,,1,3460003,FE1R10P1,"Управление транспортным средством лицом, лишенным","Кґлік ќўралдарын басќару ќўќыєынан айырылєан, алко",,DTP,,,,,,,,,ALL,,,,,ALL,,,,,,,,,,,,,,,,,,,,,,,,,2,0,,,NO,,,,,,ALL,,,,,,,,,,,,,,,,,,,,,,,,,,,,,,,"05,06,09,11,01",,,,,3000,,3000,,1200,,,,5,,5,02,,6,6,2015-01-01,1047
ст.346 ч.4,3,10750,4,,1,3460004,FE1R10P1,"Управление транспортным средством лицом, лишенным","Управление транспортным средством лицом, лишенным",,DTP,,,,,,,,,ALL,ALL,,,,,,,,,,,,,,,,,,,,,,,,,,,,,1,0,,,NO,,,,,,ALL,,,,,,,,,,,,,,,,,,,ALL,,,,,,,,,,,,01,,"05,06,11,",,,,,,,,,,,,6,8,22,,,,2020-01-11,1048
ст.346 ч.4,3,10100,4,,1,3460004,FE1R10P1,"Управление транспортным средством лицом, лишенным","Кґлік ќўралдарын басќару ќўќыєынан айырылєан, алко",,DTP,,,,,,,,,ALL,ALL,,,,,,,,,,,,,,,,,,,,,,,,,,,,,2,0,,,NO,,,,,,ALL,,,,,,ALL,,,,,,,,,,,,,ALL,,,,,,,,,,,,01,,"05,06,11,",,,,,,,,,,,,5,7,02,,7,7,2015-01-01,1049
ст.346 ч.5,3,10820,1,,1,3460005,FE1R10P1,"Управление транспортным средством лицом, лишенным","Управление транспортным средством лицом, лишенным",,DTP,,,,,,,,,,,,,,,,,,,,,,,,,,,,,,,,,,,,,,,1,0,,,,,,,,,ALL,,,,,,ALL,,,,,,,,,,,,,ALL,,,,,,,,,,,,01,,"05,06,11,",,,,,,,,,,,,7,9,22,,,,2020-01-11,1050
ст.346 ч.5,3,12210,1,,1,3460005,FE1R10P1,"Управление транспортным средством лицом, лишенным","Кґлік ќўралдарын басќару ќўќыєынан айырылєан, алко",,DTP,,,,,,,,,,,,,,,,,,,,,,,,,,,,,,,,,,,,,,,2,0,,,,,,,,,ALL,,,,,,,ALL,,,,,,,,,,,,ALL,,,,,,,,,,,,01,,"05,06,11,",,,,,,,,,,,,7,10,02,,10,10,2015-01-01,1051
ст.346 ч.6,3,12250,1,,1,3460006,FE1R10P1,"Управление транспортным средством лицом, лишенным","Управление транспортным средством лицом, лишенным",,DTP,,,,,,,,,,,,,,,,,,,,,,,,,,,,,,,,,,,,,,,1,0,,,,,,,,,ALL,,,,,,,ALL,,,,,,,,,,,,ALL,,,,,,,,,,,,01,,"05,06,11,",,,,,,,,,,,,8,10,22,,,,2020-01-11,1052
ст.347,1,2760,4,,1,3470001,FE1R10P1,Оставление места дорожно-транспортного происшестви,Жол-кґлiк оќиєасы болєан жерден кетіп ќалу,,"1,DTP",,,,,,,,,ALL,,,,,,,,,,,,,,,,,,,,,,,,,,,,,,1,0,,,NO,,,,,,,,,,,,,,,,,,,,,,,,,ALL,,,,,,,,,,,,"05,06,09,11,01",,,,,1000,,1000,,600,,,,2,,2,,02,,3,2015-01-01,1053
ст.348 ч.1,0,1460,4,,2,3480001,FE1R10P1,Недоброкачественный ремонт транспортных средств ил,Кґлiк ќўралдарын сапасыз жґндеу немесе оларды техн,,DTP,,,,,,,,,,,,,,,,,ALL -,,,,,,,,,,,,,,,,,,,,,,1,0,,,NO,,,,,,ALL,,,,,,,,,,,,ALL,,,,,,,,,,,,,,,,,,,"05,06,09,12",,,,,200,,200,,200,,50,,,,,,,,,2015-01-01,1054
ст.348 ч.2,1,2900,4,,1,3480002,FE1R10P1,Недоброкачественный ремонт транспортных средств ил,Кґлiк ќўралдарын сапасыз жґндеу немесе оларды техн,,DTP,,,,,,,,,ALL,,,,,ALL,,,,,,,,,,,,,,,,,,,,,,,,,1,0,,,NO,,,,,,ALL,,,,,,,,,,,,ALL,,,,,,,ALL,,,,,,,,,,,,"05,06,09,11,01",,,,,2000,,2000,,600,,,,2,,2,,02,,3,2015-01-01,1055
ст.348 ч.3,1,6020,4,,1,3480003,FE1R10P1,Недоброкачественный ремонт транспортных средств ил,Кґлiк ќўралдарын сапасыз жґндеу немесе оларды техн,,DTP,,,,,,,,,ALL,ALL,,,,,,,,,,,,,,,,,,,,,,,,,,,,,1,0,,,NO,,,,,,,,,,,,ALL,,,,,,ALL,,,,,,,ALL,,,,,,,,,,,,01,,"05,06,11,",,,,,,,,,,,,,5,02,,,3,2015-01-01,1056
ст.348 ч.4,2,9840,1,,1,3480004,FE1R10P1,Недоброкачественный ремонт транспортных средств ил,Кґлiк ќўралдарын сапасыз жґндеу немесе оларды техн,,DTP,,,,,,,,,,,,,,,,,,,,,,,,,,,,,,,,,,,,,,,1,0,,,,,,,,,,,,,,,,ALL,,,,,ALL,,,,,,,ALL,,,,,,,,,,,,01,,"05,06,11,",,,,,,,,,,,,4,7,02,,,5,2015-01-01,1057
ст.349 ч.1,0,1470,4,,2,3490001,FE1R10P1,Допуск к управлению транспортным средством водител,Басќаруєа ќўќыєы жоќ жїргізушініѕ кґлiк ќўралын ба,,"1,DTP",,,,,,,,,ALL,,,,,,,,,,,,,,,,,,,,,,,,,,,,,,1,0,,,NO,,,,,,ALL,,,,,,,,,,,,ALL,,,,,,,,,,,,,,,,,,,"05,06,09,12",,,,,200,,200,,200,,50,,,,,,,,,2015-01-01,1058
ст.349 ч.2,1,2910,4,,1,3490002,FE1R10P1,Допуск к управлению транспортным средством водител,Басќаруєа ќўќыєы жоќ жїргізушініѕ кґлiк ќўралын ба,,DTP,,,,,,,,,ALL,,,,,ALL,,,,,,,,,,,,,,,,,,,,,,,,,1,0,,,NO,,,,,,ALL,,,,,,,,,,,,ALL,,,,,,,ALL,,,,,,,,,,,,"05,06,09,11,01",,,,,2000,,2000,,600,,,,2,,2,,02,,3,2015-01-01,1059
ст.349 ч.3,1,3960,4,,1,3490003,FE1R10P1,Допуск к управлению транспортным средством водител,Басќаруєа ќўќыєы жоќ жїргізушініѕ кґлiк ќўралын ба,,DTP,,,,,,,,,ALL,ALL,,,,,,,,,,,,,,,,,,,,,,,,,,,,,1,0,,,NO,,,,,,,,,,,,ALL,,,,,,ALL,,,,,,,ALL,,,,,,,,,,,,01,,"05,06,11,",,,,,,,,,,,,,3,,02,,3,2015-01-01,1060
ст.349 ч.4,1,5980,1,,1,3490004,FE1R10P1,Допуск к управлению транспортным средством водител,Басќаруєа ќўќыєы жоќ жїргізушініѕ кґлiк ќўралын ба,,DTP,,,,,,,,,,,,,,,,,,,,,,,,,,,,,,,,,,,,,,,1,0,,,,,,,,,,,,,,,,ALL,,,,,ALL,,,,,,,ALL,,,,,,,,,,,,01,,"05,06,11,",,,,,,,,,,,,,5,,02,,3,2015-01-01,1061
ст.350 ч.1,2,5600,4,,1,3500001,FE1R10P1,Умышленное приведение в негодность транспортных ср,Кґлiк ќўралдарын немесе ќатынас жолдарын ќасаќана,,DTP,,,,,,,,,ALL,,,,,ALL -,,,,,,,,,,,,,,,,,,,,,,,,,1,0,,,NO,,,,,,,,,,,,,,,,,,,,,,,,,ALL,,,,,,,,,,,,"05,06,09,11,01",,,,,3000,,3000,,1000,,,,4,,4,,,,,2015-01-01,1062
ст.350 ч.2,3,10370,4,,1,3500002,FE1R10P1,Умышленное приведение в негодность транспортных ср,Кґлiк ќўралдарын немесе ќатынас жолдарын ќасаќана,,DTP,,,,,,,,,,,,,,,,,,,,,,,,,,,,,,,,,,,,,,,1,0,,,,,,,,,,,,,,,ALL,,,,,,,,,,,,,ALL,,,,,,,,,,,,01,,"05,06,11,",,,,,,,,,,,,3,8,,,,,2015-01-01,1063
ст.350 ч.3,3,11930,4,,1,3500003,FE1R10P1,Умышленное приведение в негодность транспортных ср,Кґлiк ќўралдарын немесе ќатынас жолдарын ќасаќана,,DTP,,,,,,,,,,,,,,,,,,,,,,,,,,,,,,,,,,,,,,,1,0,,,,,,,,,,,,,,,,ALL,,,,,,,,,,,,ALL,,,,,,,,,,,,01,,"05,06,11,",,,,,,,,,,,,6,10,,,,,2015-01-01,1064
ст.351 ч.1,0,670,4,,2,3510001,FE1R10P1,"Нарушение правил, обеспечивающих безопасную работу",Кґлiктiѕ ќауiпсiз жўмыс iстеуiн ќамтамасыз ететiн,,"1,DTP",,,,,,,,,ALL,,,,,,,,,,,,,,,,,,,,,,,,,,,,,,1,0,,,NO,,,,,,ALL,,,,,,,,,,,,ALL,,,,,,,ALL,,,,,,,,,,,,"05,06,09,12",,,,,160,,160,,160,,40,,,,,,,,,2015-01-01,1065
ст.351 ч.2,1,5470,4,,1,3510002,FE1R10P1,"Нарушение правил, обеспечивающих безопасную работу",Кґлiктiѕ ќауiпсiз жўмыс iстеуiн ќамтамасыз ететiн,,DTP,,,,,,,,,ALL,,,,,,,,,,,,,,,,,,,,,,,,,,,,,,1,0,,,NO,,,,,,,,,,,,ALL,,,,,,ALL,,,,,,,ALL,,,,,,,,,,,,"11,01",,"05,06,",,,,,,,,,,,4,,4,,,,,2015-01-01,1066
ст.351 ч.3,2,10220,4,,1,3510003,FE1R10P1,"Нарушение правил, обеспечивающих безопасную работу",Кґлiктiѕ ќауiпсiз жўмыс iстеуiн ќамтамасыз ететiн,,DTP,,,,,,,,,ALL,,,,,ALL,,,,,,,,,,,,,,,,,,,,,,,,,1,0,,,NO,,,,,,,,,,,,,ALL,,,,,ALL,,,,,,,ALL,,,,,,,,,,,,01,,"05,06,11,",,,,,,,,,,,,3,8,,,,,2015-01-01,1067
ст.352,3,10180,4,,1,3520001,FE1R10P1,Самовольная без надобности остановка поезда,Пойызды ќажет болмаєан жаєдайда ґз бетiнше тоќтату,,"1,",,,,,,,,,ALL,,,,,,,,,,,,,,,,,,,,,,,,,,,,,,1,0,,,NO,,,,,,,,,,,,,,,,,,,,,,,,,ALL,,,,,,,,,,,,01,,"05,06,11,",,,,,,,,,,,,2,8,,,,,2015-01-01,1068
ст.352-1 ч.1,0,1750,4,,2,3520101,FE1R10P1,Создание помех управлению воздушным судном,Јуе кемесін басќаруєа бґгеуіл жасау,,,,,,,,,,,ALL,,,,,,,,,,,,,,,,,,,,,,,,,,,,,,1,0,,,NO,,,,,,,,,,,,,,,,,,,,,,,,,,,,,,,,,,,,,"05,06,09,12",,,,,200,,200,,200,,50,,,,,,,,,2025-09-16,1069
ст.352-1 ч.2,2,5610,4,,1,3520102,FE1R10P1,Создание помех управлению воздушным судном,Јуе кемесін басќаруєа бґгеуіл жасау,,,,,,,,,,,ALL,,,,,,,,,,,,,,,,,,,,,,,,,,,,,,1,0,,,NO,,,,,,,,,,,,,,,,,,,,,,,,,ALL,,,,,,,,,,,,"05,06,09,11,01",,,,,3000,,3000,,1000,,,,4,,4,,,,,2025-09-16,1070
ст.352-1 ч.3,3,10450,4,,1,3520103,FE1R10P1,Создание помех управлению воздушным судном,Јуе кемесін басќаруєа бґгеуіл жасау,,,,,,,,,,,ALL,,,,,,,,,,,,,,,,,,,,,,,,,,,,,,1,0,,,NO,,,,,,,,,,,,,,,,,,,,,,,,,ALL,,,,,,,,,,,,01,,,,,,,,,,,,,,3,8,,,,,2025-09-16,1071
ст.352-1 ч.4,3,11950,4,,1,3520104,FE1R10P1,Создание помех управлению воздушным судном,Јуе кемесін басќаруєа бґгеуіл жасау,,,,,,,,,,,ALL,,,,,,,,,,,,,,,,,,,,,,,,,,,,,,1,0,,,NO,,,,,,,,,,,,,,,,,,,,,,,,,ALL,,,,,,,,,,,,01,,,,,,,,,,,,,,6,10,,,,,2025-09-16,1072
ст.353 ч.1,0,1480,4,,2,3530001,FE1R10P1,Нарушение действующих на транспорте правил,Кґлiкте ќолданылатын ќаєидаларды бўзу,,,,,,,,,,,,,,,,,,,,,,,,,,,,,,,,,,,,,,,,,1,0,,,NO,,,,,,ALL,,,,,,,,,,,,ALL,,,,,,,,,,,,,,,,,,,"05,06,09,12",,,,,200,,200,,200,,50,,,,,,,,,2015-01-01,1073
ст.353 ч.2,1,2920,4,,1,3530002,FE1R10P1,Нарушение действующих на транспорте правил,Кґлiкте ќолданылатын ќаєидаларды бўзу,,,,,,,,,,,,,,,,,,,,,,,,,,,,,,,,,,,,,,,,,1,0,,,NO,,,,,,ALL,,,,,,,,,,,,ALL,,,,,,,ALL,,,,,,,,,,,,"05,06,09,11,01",,,,,2000,,2000,,600,,,,2,,2,,02,,3,2015-01-01,1074
ст.353 ч.3,1,3970,4,,1,3530003,FE1R10P1,Нарушение действующих на транспорте правил,Кґлiкте ќолданылатын ќаєидаларды бўзу,,,,,,,,,,,,,,,,,,,,,,,,,,,,,,,,,,,,,,,,,1,0,,,NO,,,,,,,,,,,,ALL,,,,,,ALL,,,,,,,ALL,,,,,,,,,,,,01,,"05,06,11,",,,,,,,,,,,,,3,,02,,3,2015-01-01,1075
ст.353 ч.4,1,5990,4,,1,3530004,FE1R10P1,Нарушение действующих на транспорте правил,Кґлiкте ќолданылатын ќаєидаларды бўзу,,,,,,,,,,,,,,,,,,,,,,,,,,,,,,,,,,,,,,,,,1,0,,,,,,,,,,,,,,,,ALL,,,,,ALL,,,,,,,ALL,,,,,,,,,,,,01,,"05,06,11,",,,,,,,,,,,,,5,,02,,3,2015-01-01,1076
ст.354 ч.1,0,680,4,,2,3540001,FE1R10P1,"Нарушение правил безопасности при строительстве, э","Магистральдыќ ќўбырларды салу, пайдалану немесе жґ",,1,,,,,,,,,,,,,,,,,,,,,,,,,,,,,,,,,,,,,,,1,0,,,NO,,,,,,ALL,,,,,,,,,,,,ALL,,,,,,,,,,,,,,,,,,,"05,06,09,12",,,,,160,,160,,160,,40,,,,,,,,,2015-01-01,1077
ст.354 ч.2,1,2930,4,,1,3540002,FE1R10P1,"Нарушение правил безопасности при строительстве, э","Магистральдыќ ќўбырларды салу, пайдалану немесе жґ",,,,,,,,,,,,,,,,04,,,,,,,,,,,,,,,,,,,,,,,,,1,0,,,NO,,,,,,,,,,,,,,,,,,ALL,,,,,,,ALL,,,,,,,,,,,,"05,06,09,11,01",,,,,2000,,2000,,600,,,,2,,2,,02,,3,2015-01-01,1078
ст.354 ч.3,1,6000,1,,1,3540003,FE1R10P1,"Нарушение правил безопасности при строительстве, э","Магистральдыќ ќўбырларды салу, пайдалану немесе жґ",,,,,,,,,,,,,,,,,,,,,,,,,,,,,,,,,,,,,,,,,1,0,,,,,,,,,,,,,,,ALL,,,,,,ALL,,,,,,,ALL,,,,,,,,,,,,01,,"05,06,11,",,,,,,,,,,,,,5,,02,,3,2015-01-01,1079
ст.354 ч.4,2,11040,1,,1,3540004,FE1R10P1,"Нарушение правил безопасности при строительстве, э","Магистральдыќ ќўбырларды салу, пайдалану немесе жґ",,,,,,,,,,,,,,,,,,,,,,,,,,,,,,,,,,,,,,,,,1,0,,,,,,,,,,,,,,,,ALL,,,,,ALL,,,,,,,ALL,,,,,,,,,,,,01,,"05,06,11,",,,,,,,,,,,,5,10,,02,,3,2015-01-01,1080
ст.355 ч.1,1,3130,4,,1,3550001,FE1R10P1,Умышленное повреждение или разрушение трубопроводо,Ќўбырларды ќасаќана заќымдау немесе ќирату,,,,,,,,,,,,,,,,,,,,,,,,,,,,,,,,,,,,,,,,,1,0,,,NO,,,,,,,,,,,,,,,,,,,,,,,,,,,,,,,,,,,,,"05,06,09,11,01",,,,,2000,,2000,,600,,,,2,,2,,,,,2015-01-01,1081
ст.355 ч.2,2,6740,4,,1,3550002,FE1R10P1,Умышленное повреждение или разрушение трубопроводо,Ќўбырларды ќасаќана заќымдау немесе ќирату,"01,02,03",1,,,,,03,,,02,,,,,,,,,,,,,,,,,,,,,,,,,,,,,,,1,0,,,NO,,,,,,01,,,,,,,,,,,,,,,,,,02,,05,,,,,,,,,,,"05,06,11,01",,,,,5000,,5000,,,,,,5,,5,,,,,2015-01-01,1082
ст.355 ч.3,3,12080,4,,1,3550003,FE1R10P1,Умышленное повреждение или разрушение трубопроводо,Ќўбырларды ќасаќана заќымдау немесе ќирату,"01,02,03,04",,,,,,,03,,,,,,,,,,,02,,,,,,,,,,,,,,,,,,,,,,1,0,,,,,,,,,,,,,,,04,,,,,,,,,,,,,04,03,,,,,,,,,,03,01,,"05,06,11,",,,,,,,,,,,,7,10,,,,,2015-01-01,1083
ст.356 ч.1,0,690,4,,2,3560001,FE1R10P1,Неосторожное повреждение или разрушение трубопрово,Ќўбырларды абайсызда заќымдау немесе ќирату,,1,,,,,,,,,,,,,,,,,,,,,,,,,,,,,,,,,,,,,,,1,0,,,NO,,,,,,,,,,,,,,,,,,ALL,,,,,,,,,,,,,,,,,,,"05,06,09,12",,,,,160,,160,,160,,40,,,,,,,,,2015-01-01,1084
ст.356 ч.2,1,2830,4,,1,3560002,FE1R10P1,Неосторожное повреждение или разрушение трубопрово,Ќўбырларды абайсызда заќымдау немесе ќирату,"01,02,03,04",,,,,,,,,,,,,,,,,,03,,,,,,,,,,,,,,,,,,,,,,1,0,,,NO,,,,,,01,,,,,,04,,,,,,ALL,,,,,,,04,,,,,,,,,,,,"05,06,09,11,01",,,,,2000,,2000,,600,,,,2,,2,,,,,2015-01-01,1085
ст.357 ч.1,1,3520,4,,1,3570001,FE1R10P1,Неоказание капитаном судна помощи терпящим бедстви,Кеме капитаныныѕ апатќа ўшыраєандарєа кґмек кґрсет,,1,,,,,,,,,ALL,,,,,,,,,,,,,,,,,,,,,,,,,,,,,,1,0,,,NO,,,,,,,,,,,,,,,,,,,,,,,,,,,,,,,,,,,,,"05,06,09,11,01",,,,,2000,,2000,,600,,,,2,,2,,02,,3,2015-01-01,1086
ст.357 ч.2,0,370,4,3,2,3570002,FE1R10P1,Неоказание капитаном судна помощи терпящим бедстви,Кеме капитаныныѕ апатќа ўшыраєандарєа кґмек кґрсет,,,,,,,,,,,ALL,,,,,,,,,,,,,,,,,,,,,,,,,,,,,,1,0,,,NO,,,,,,,,,,,,,,,,,,ALL,,,,,,,ALL,,,,,,,,,,,,"05,06,09,12",,,,,120,,120,,120,,30,,,,,,02,,3,2015-01-01,1087
ст.358 ч.1,0,1520,4,,2,3580001,FE1R10P1,"Управление воздушным, морским, речным или маломерн","Алкогольдік, есірткілік жјне (немесе) уытќўмарлыќ",,,,,,,,,,,ALL,,,,,,,,,,,,,,,,,,,,,,,,,,,,,,1,0,,,NO,,,,,,,,,,,,,,,,,,ALL,,,,,,,,,,,,,,,,ALL,,,"05,06,09,12",,,,,200,,200,,200,,50,,,,,02,,,2,2015-01-01,1088
ст.358 ч.2,1,2690,4,,1,3580002,FE1R10P1,"Управление воздушным, морским, речным или маломерн","Алкогольдік, есірткілік жјне (немесе) уытќўмарлыќ",,,,,,,,,,,ALL,,,,,ALL -,,,,,,,,,,,,,,,,,,,,,,,,,1,0,,,NO,,,,,,ALL,,,,,,,,,,,,ALL,,,,,,,,,,,,,,,,,,,"05,06,09,11,01",,,,,1000,,1000,,600,,,,2,,2,02,,,5,2015-01-01,1089
ст.358 ч.3,1,6960,4,,1,3580003,FE1R10P1,"Управление воздушным, морским, речным или маломерн","Алкогольдік, есірткілік жјне (немесе) уытќўмарлыќ",,,,,,,,,,,,,,,,,,,,,,,,,,,,,,,,,,,,,,,,,1,0,,,,,,,,,ALL,,,,,,,,,,,,ALL,,,,,,,ALL,,,,,,,,,,,,"05,06,09,11,01",,,,,3000,,3000,,1200,,,,5,,5,02,,,6,2015-01-01,1090
ст.358 ч.4,2,11060,4,,1,3580004,FE1R10P1,"Управление воздушным, морским, речным или маломерн","Алкогольдік, есірткілік жјне (немесе) уытќўмарлыќ",,,,,,,,,,,,,,,,,,,,,,,,,,,,,,,,,,,,,,,,,1,0,,,,,,,,,,,,,,,ALL,,,,,,ALL,,,,,,,ALL,,,,,,,,,,,,01,,"05,06,11,",,,,,,,,,,,,5,10,02,,,7,2015-01-01,1091
ст.358 ч.5,2,12400,4,,1,3580005,FE1R10P1,"Управление воздушным, морским, речным или маломерн","Алкогольдік, есірткілік жјне (немесе) уытќўмарлыќ",,,,,,,,,,,,,,,,,,,,,,,,,,,,,,,,,,,,,,,,,1,0,,,,,,,,,,,,,,,,ALL,,,,,ALL,,,,,,,ALL,,,,,,,,,,,,01,,"05,06,11,",,,,,,,,,,,,7,12,02,,,10,2015-01-01,1092
ст.359 ч.1,0,1490,,,2,3590001,FE1R10P1,"Допуск к управлению воздушным, морским или речным","Басќаруєа ќўќыєы жоќ адамныѕ јуе, теѕіз немесе ґзе",,,ALL,,,,,,,,,,,,,,,,,,,,,,,,,,,,,,,,,,,,,,1,0,,,NO,,,,,,ALL,,,,,,,,,,,,ALL,,,,,,,,,,,,,,,,,,,"05,06,09,12",,,,,200,,200,,200,,50,,,,,,,,,2015-01-01,1093
ст.359 ч.2,1,2940,,,1,3590002,FE1R10P1,"Допуск к управлению воздушным, морским или речным","Басќаруєа ќўќыєы жоќ адамныѕ јуе, теѕіз немесе ґзе",,,ALL,,,,,,,,,,,,,,ALL,,,,,,,,,,,,,,,,,,,,,,,,1,0,,,NO,,,,,,ALL,,,,,,,,,,,,ALL,,,,,,,ALL,,,,,,,,,,,,"05,06,09,11,01",,,,,2000,,2000,,600,,,,2,,2,,02,,3,2015-01-01,1094
ст.359 ч.3,1,3980,,,1,3590003,FE1R10P1,"Допуск к управлению воздушным, морским или речным","Басќаруєа ќўќыєы жоќ адамныѕ јуе, теѕіз немесе ґзе",,,ALL,,,,,,,,,,,,,,,,,,,,,,,,,,,,,,,,,,,,,,1,0,,,NO,,,,,,,,,,,,ALL,,,,,,ALL,,,,,,,ALL,,,,,,,,,,,,01,,"05,06,11,",,,,,,,,,,,,,3,,02,,3,2015-01-01,1095
ст.359 ч.4,1,6010,,,1,3590004,FE1R10P1,"Допуск к управлению воздушным, морским или речным","Басќаруєа ќўќыєы жоќ адамныѕ јуе, теѕіз немесе ґзе",,,ALL,,,,,,ALL -,,,,,,,,,,,,,,,,,,,,,,,,,,,,,,,,1,0,,,NO,,,,,,,,,,,,,ALL,,,,,ALL,,,,,,,ALL,,,,,,,,,,,,01,,"05,06,11,",,,,,,,,,,,,,5,,02,,3,2015-01-01,1096
ст.360 ч.1,2,5020,,,1,3600001,FE1R10P1,Нарушение правил международных полетов,Халыќаралыќ ўшу ќаєидаларын бўзу,,,,,,,,,,,,,,,,,,,,,,,,,,,,,,,,,,,,,,,,,1,0,,,NO,,,,,,,,,,,,,,,,,,,,,,,,,,,,,,,,,,,,,"05,06,09,11,01",,,,,3000,,3000,,800,,,,3,,3,,02,,3,2015-01-01,1097
ст.360 ч.2,3,10840,,,1,3600002,FE1R10P1,Нарушение правил международных полетов,Халыќаралыќ ўшу ќаєидаларын бўзу,,,,,,,,,,,,,,,,,ALL,,,,,,,,,,,,,,,,,,,,,,,,1,0,,,NO,,,,,,,,,,,,,,,,,,,,,,,,,ALL,,,,,,,,,,,,01,,"05,06,11,",,,,,,,,,,,,3,10,,,,,2015-01-01,1098
ст.361 ч.1,1,3780,,,1,3610001,FE1R10P1,Злоупотребление должностными полномочиями,Лауазымдыќ ґкiлеттiктерді теріс пайдалану,,"KR,",,,,,,,,,,,,,,,,,,,,,,,,,,,,,,,,,,,,,,,2,0,,,NO,,,,,,,,,,,,,,,,,,,,,,,,,,,,,,,,,,,,,"05,06,09,11,01",,,,,2000,,2000,,600,,,,2,,2,"01,22",,,,2015-01-01,1099
ст.361 ч.1,1,3840,,,1,3610001,FE1R10P1,Злоупотребление должностными полномочиями,Лауазымдыќ ґкiлеттiктерді теріс пайдалану,,"KR,",,,,,,,,,,,,,,,,,,,,,,,,,,,,,,,,,,,,,,,2,0,,,NO,,,,,,,,,,,,,,,,,,,,,,,,,,,,,,,,,,,,,"05,06,09,11,01",,,,,2000,,2000,,600,,,,2,,2,"01,22",,,,2018-07-30,1100
ст.361 ч.1,1,3850,,,1,3610001,FE1R10P1,Злоупотребление должностными полномочиями,Лауазымдыќ ґкiлеттiктерді теріс пайдалану,,"KR,",,,,,,,,,,,,,,,,,,,,,,,,,,,,,,,,,,,,,,,1,0,,,NO,,,,,,,,,,,,,,,,,,,,,,,,,,,,,,,,,,,,,"05,06,09,11,01",,,,,2000,,2000,,600,,,,2,,2,"01,22",,,,2020-12-30,1101
ст.361 ч.2,2,5570,,,1,3610002,FE1R10P1,(Исключена) Злоупотребление должностными полномочи,Лауазымдыќ ґкiлеттiктерді теріс пайдалану,,"KR,",,,,,,,,,,,,,,,,,,,,,,,,,,,,,,,,,,,,,,,3,0,,,,,,,,,,,,,,,,,,,,,,,,,,,,,,,,,,,,,,,,"05,06,11,01",,,,,4000,,4000,,,,,,4,,4,"01,22",,,,2018-07-30,1102
ст.361 ч.2,2,5550,,,1,3610002,FE1R10P1,(Исключена) Злоупотребление должностными полномочи,Лауазымдыќ ґкiлеттiктерді теріс пайдалану,,"KR,",,,,,,,,,,,,,,,,,,,,,,,,,,,,,,,,,,,,,,,2,0,,,,,,,,,,,,,,,,,,,,,,,,,,,,,,,,,,,,,,,,"05,06,11,01",,,,,4000,,4000,,,,,,4,,4,"01,22",,,,2015-01-01,1103
ст.361 ч.3,2,7480,,,1,3610003,FE1R10P1,Злоупотребление должностными полномочиями,Лауазымдыќ ґкiлеттiктерді теріс пайдалану,,"KR,",,,,,,,,,,,,,,,,,,,,,,,,,,,,,,,,,,,,,,,2,0,,,,,,,,,,,,,,,,,,,,,,,,,,,,,,,,,,,,,,,,"05,06,09,11,01",,,,,5000,,5000,,1200,,,,5,,5,"01,22",,,,2015-01-01,1104
ст.361 ч.3,2,7540,,,1,3610003,FE1R10P1,Злоупотребление должностными полномочиями,Лауазымдыќ ґкiлеттiктерді теріс пайдалану,,"KR,",,,,,,,,,,,,,,,,,,,,,,,,,,,,,,,,,,,,,,,1,0,,,,,,,,,,,,,,,,,,,,,,,,,,,,,,,,,,,,,,,,"05,06,09,11,01",,,,,5000,,5000,,1200,,,,5,,5,"01,22",,,,2020-12-30,1105
ст.361 ч.3,2,7530,,,1,3610003,FE1R10P1,Злоупотребление должностными полномочиями,Лауазымдыќ ґкiлеттiктерді теріс пайдалану,,"KR,",,,,,,,,,,,,,,,,,,,,,,,,,,,,,,,,,,,,,,,2,0,,,,,,,,,,,,,,,,,,,,,,,,,,,,,,,,,,,,,,,,"05,06,09,11,01",,,,,5000,,5000,,1200,,,,5,,5,"01,22",,,,2018-07-30,1106
ст.361 ч.4,3,8550,,,1,3610004,FE1R10P1,Злоупотребление должностными полномочиями,Лауазымдыќ ґкiлеттiктерді теріс пайдалану,"01,02,03,04","KR,",,,,,,,,,,,,,,,,,,,,,,,,,,,,,,,,,,,,,,,1,0,,,,,,,,,,,,,,,,,,,,,,,,,,,,03,,,,,,,,,,,01,"11,01",,"05,06,",,,,,,,,,,,7,,7,"01,22",,,,2020-12-30,1107
ст.361 ч.4,3,8530,,,1,3610004,FE1R10P1,Злоупотребление должностными полномочиями,Лауазымдыќ ґкiлеттiктерді теріс пайдалану,"01,02,03","KR,",,,,,,,,,,,,,,,,,,,,,,,,,,,,,,,,,,,,,,,2,0,,,,,,,,,,,,,,,,,,,,,,,,,,,,03,,,,,,,,,,,01,"11,01",,"05,06,",,,,,,,,,,,7,,7,"01,22",,,,2015-01-01,1108
ст.361 ч.2-1,2,5940,,,1,3610021,FE1R10P1,Злоупотребление должностными полномочиями,Лауазымдыќ ґкiлеттiктерді теріс пайдалану,,"KR,",,,,,,,,,,,,,,,,,,,,,,,,,,,,,,,,,,,,,,,1,0,,,NO,,,,,,,,,,,,,,,,,,,,,,,,,,,,,,,,,,,,,"05,06,09,11,01",,,,,4000,,4000,,1000,,,,4,,4,"01,22",,,,2020-12-30,1109
ст.362 ч.1,2,4820,,,1,3620001,FE1R10P1,Превышение власти или должностных полномочий,Билiктi немесе лауазымдыќ ґкiлеттiктерді асыра пай,,,ALL,,,,,,,,,,,,,,,,,,,,,,,,,,,,,,,,,,,,,,1,0,,,NO,,,NO,,,,,,,,,,,,,,,,,,,,,,,,,,,,,,,,,,"05,06,09,11,01",,,,,3000,,3000,,800,,,,3,,3,,,,,2018-07-30,1110
ст.362 ч.1,2,4740,,,1,3620001,FE1R10P1,Превышение власти или должностных полномочий,Билiктi немесе лауазымдыќ ґкiлеттiктерді асыра пай,,,ALL,,,,,,,,,,,,,,,,,,,,,,,,,,,,,,,,,,,,,,2,0,,,NO,,,NO,,,,,,,,,,,,,,,,,,,,,,,,,,,,,,,,,,"05,06,09,11,01",,,,,3000,,3000,,800,,,,3,,3,,,,,2015-01-01,1111
ст.362 ч.2,2,6750,,,1,3620002,FE1R10P1,(Исключена) Превышение власти или должностных полн,Билiктi немесе лауазымдыќ ґкiлеттiктерді асыра пай,,,ALL,,,,,,,,,,,,,,ALL,,,,,,,,,,,,,,,,,,,,,,,,2,0,,,NO,,,NO,,,,,,,,,,,,,,,,,,,,,,,,,,,,,,,,,,"05,06,11,01",,,,,5000,,5000,,,,,,5,,5,,,,,2015-01-01,1112
ст.362 ч.2,2,6800,,,1,3620002,FE1R10P1,(Исключена) Превышение власти или должностных полн,Билiктi немесе лауазымдыќ ґкiлеттiктерді асыра пай,,,ALL,,,,,,,,,,,,,,ALL,,,,,,,,,,,,,,,,,,,,,,,,3,0,,,NO,,,NO,,,,,,,,,,,,,,,,,,,,,,,,,,,,,,,,,,"05,06,11,01",,,,,5000,,5000,,,,,,5,,5,,,,,2018-07-30,1113
ст.362 ч.3,3,8480,,,1,3620003,FE1R10P1,Превышение власти или должностных полномочий,Билiктi немесе лауазымдыќ ґкiлеттiктерді асыра пай,,,ALL,,,,,,,,,,,,,,,,,,,,,,,,,,,,,,,,,,,,,,1,0,,,NO,,,NO,,,,,,,,,,,,,,,,,,,,,,,,,,,,,,,,,,"11,01",,"05,06,",,,,,,,,,,,7,,7,,02,,5,2018-07-30,1114
ст.362 ч.3,3,8470,,,1,3620003,FE1R10P1,Превышение власти или должностных полномочий,Билiктi немесе лауазымдыќ ґкiлеттiктерді асыра пай,,,ALL,,,,,,,,,,,,,,,,,,,,,,,,,,,,,,,,,,,,,,2,0,,,NO,,,NO,,,,,,,,,,,,,,,,,,,,,,,,,,,,,,,,,,"11,01",,"05,06,",,,,,,,,,,,7,,7,,02,,5,2015-01-01,1115
ст.362 ч.4,3,11210,,,1,3620004,FE1R10P1,Превышение власти или должностных полномочий,Билiктi немесе лауазымдыќ ґкiлеттiктерді асыра пай,"01,02,03","KR,",,,,,,,,,,,,,,,,,,,,02,,,,,,,,,,,,,,,,,,,2,0,,,NO,,,01,02,,,,,,,,,,,,,,,,,,,,,ALL,,,,,,,,,,,,01,,"05,06,11,",,,,,,,,,,,,5,10,,,,,2015-01-01,1116
ст.362 ч.4,3,11330,,,1,3620004,FE1R10P1,Превышение власти или должностных полномочий,Билiктi немесе лауазымдыќ ґкiлеттiктерді асыра пай,"01,02,03,04","KR,",,,,,,,,,,,,,,,,,,,,02,,,,,,,,,,,,,,,,,,,1,0,,,NO,,,01,02,,,,,,,,,,,,,,,,,,,,,ALL,,,,,,,,,,,,01,,"05,06,11,",,,,,,,,,,,,5,10,,,,,2018-07-30,1117
ст.363,0,860,,,2,3630001,FE1R10P1,Присвоение полномочий должностного лица,Лауазымды адамныѕ ґкiлеттiктерін иемденіп алу,,,ALL,,,,,,,,ALL,,,,,,,,,,,,,,,,,,,,,,,,,,,,,,1,0,,,NO,,,,,,,,,,,,,,,,,,,,,,,,,,,,,,,,,,,,,"05,06,09,12",,,,,160,,160,,160,,40,,,,,,,,,2015-01-01,1118
ст.364 ч.1,1,2330,,,1,3640001,FE1R10P1,Незаконное участие в предпринимательской деятельно,Кјсіпкерлік ќызметке заѕсыз ќатысу,,"KR,",ALL,,,,,,,,,,,,,,,,,,,,,,,,,,,,,,,,,,,,,,1,0,,,NO,,,,,,,,,,,,,,,,,,,,,,,,,,,,,,,,,,,,,"05,06,09,11,01",,,,,1000,,1000,,400,,,,1,,1,"01,22",,,,2020-12-30,1119
ст.364 ч.1,1,2320,,,1,3640001,FE1R10P1,Незаконное участие в предпринимательской деятельно,Кјсіпкерлік ќызметке заѕсыз ќатысу,,"KR,",ALL,,,,,,,,,,,,,,,,,,,,,,,,,,,,,,,,,,,,,,1,0,,,NO,,,,,,,,,,,,,,,,,,,,,,,,,,,,,,,,,,,,,"05,06,09,11,01",,,,,1000,,1000,,400,,,,1,,1,"01,22",,,,2018-07-30,1120
ст.364 ч.1,1,2310,,,1,3640001,FE1R10P1,Незаконное участие в предпринимательской деятельно,Кјсіпкерлік ќызметке заѕсыз ќатысу,,"KR,",ALL,,,,,,,,,,,,,,,,,,,,,,,,,,,,,,,,,,,,,,2,0,,,NO,,,,,,,,,,,,,,,,,,,,,,,,,,,,,,,,,,,,,"05,06,09,11,01",,,,,1000,,1000,,400,,,,1,,1,"01,22",,,,2015-01-01,1121
ст.364 ч.2,1,2650,,,1,3640002,FE1R10P1,(Исключена) Незаконное участие в предпринимательск,Кјсіпкерлік ќызметке заѕсыз ќатысу,,"KR,",ALL,,,,,,,,,,,,,,,,,,,,,,,,,,,,,,,,,,,,,,3,0,,,NO,,,,,,,,,,,,,,,,,,,,,,,,,,,,,,,,,,,,,"05,06,11,01",,,,,2000,,2000,,,,,,2,,2,"01,22",,,,2018-07-30,1122
ст.364 ч.2,1,2640,,,1,3640002,FE1R10P1,(Исключена) Незаконное участие в предпринимательск,Кјсіпкерлік ќызметке заѕсыз ќатысу,,"KR,",ALL,,,,,,,,,,,,,,,,,,,,,,,,,,,,,,,,,,,,,,2,0,,,NO,,,,,,,,,,,,,,,,,,,,,,,,,,,,,,,,,,,,,"05,06,11,01",,,,,2000,,2000,,,,,,2,,2,"01,22",,,,2015-01-01,1123
ст.364 ч.3,2,7570,,,1,3640003,FE1R10P1,Незаконное участие в предпринимательской деятельно,Кјсіпкерлік ќызметке заѕсыз ќатысу,,"KR,",ALL,,,,02,,,04,,,,,,,,,03,,,,,,,,,,,,,,,,,,,,,,1,0,,,NO,,,,,,,,,,,,,,,,,,,,,,,,,,,,,,,,,,,,,"05,06,09,11,01",,,,,5000,,5000,,1200,,,,5,,5,"01,22",,,,2020-12-30,1124
ст.364 ч.3,2,5930,,,1,3640003,FE1R10P1,Незаконное участие в предпринимательской деятельно,Кјсіпкерлік ќызметке заѕсыз ќатысу,,"KR,",ALL,,,,02,,,04,,,,,,,,,03,,,,,,,,,,,,,,,,,,,,,,2,0,,,NO,,,,,,,,,,,,,,,,,,,,,,,,,,,,,,,,,,,,,"05,06,09,11,01",,,,,4000,,4000,,1000,,,,4,,4,"01,22",,,,2015-01-01,1125
ст.364 ч.3,2,7510,,,1,3640003,FE1R10P1,Незаконное участие в предпринимательской деятельно,Кјсіпкерлік ќызметке заѕсыз ќатысу,,"KR,",ALL,,,,02,,,04,,,,,,,,,03,,,,,,,,,,,,,,,,,,,,,,1,0,,,NO,,,,,,,,,,,,,,,,,,,,,,,,,,,,,,,,,,,,,"05,06,09,11,01",,,,,5000,,5000,,1200,,,,5,,5,"01,22",,,,2018-07-30,1126
ст.364 ч.4,2,7580,,,1,3640004,FE1R10P1,Незаконное участие в предпринимательской деятельно,Кјсіпкерлік ќызметке заѕсыз ќатысу,,"KR,",ALL,,,,02,,,04,,,,,,,,,03,,,,,,,,,,,,,,,,,,,,,,1,0,,,NO,,,,,,,,,,,,,,,,,,,,,,,,,,,,,,,,,,,,,"05,06,09,11,01",,,,,5000,,5000,,1200,,,,5,,5,"01,22",,,,2020-12-30,1127
ст.364 ч.2-1,1,3900,,,1,3640021,FE1R10P1,Незаконное участие в предпринимательской деятельно,Кјсіпкерлік ќызметке заѕсыз ќатысу,,"KR,",ALL,,,,,,,,,,,,,,,,,,,,,,,,,,,,,,,,,,,,,,1,0,,,NO,,,,,,,,,,,,,,,,,,,,,,,,,,,,,,,,,,,,,"05,06,09,11,01",,,,,2000,,2000,,600,,,,2,,2,"01,22",,,,2020-12-30,1128
ст.365 ч.1,1,3860,,,1,3650001,FE1R10P1,Воспрепятствование законной предпринимательской де,Заѕды кјсіпкерлік ќызметке кедергі жасау,,"KR,",ALL,,,,,,,,,,,,,,,,,,,,,,,,,,,,,,,,,,,,,,2,0,,,NO,,,,,,,,,,,,,,,,,,,,,,,,,,,,,,,,,,,,,"05,06,09,11,01",,,,,2000,,2000,,600,,,,2,,2,"01,22",,,,2020-12-30,1129
ст.365 ч.1,2,5370,,,1,3650001,FE1R10P1,Воспрепятствование занятию законной предпринимател,Заѕды кјсіпкерлік ќызметпен айналысуєа кедергі жас,,"KR,",ALL,,,,,,,,,,,,,,,,,,,,,,,,,,,,,,,,,,,,,,1,0,,,NO,,,,,,,,,,,,,,,,,,,,,,,,,,,,,,,,,,,,,"05,06,09,11,01",,,,,3000,,3000,,800,,,,3,,3,"01,22",,,,2021-09-03,1130
ст.365 ч.1,1,3790,,,1,3650001,FE1R10P1,Воспрепятствование законной предпринимательской де,Заѕды кјсіпкерлік ќызметке кедергі жасау,,"KR,",ALL,,,,,,,,,,,,,,,,,,,,,,,,,,,,,,,,,,,,,,2,0,,,NO,,,,,,,,,,,,,,,,,,,,,,,,,,,,,,,,,,,,,"05,06,09,11,01",,,,,2000,,2000,,600,,,,2,,2,"01,22",,,,2015-01-01,1131
ст.365 ч.2,2,7550,,,1,3650002,FE1R10P1,Воспрепятствование законной предпринимательской де,Заѕды кјсіпкерлік ќызметке кедергі жасау,"01,02,03","KR,",ALL,,,,02,,,,,,,,,,01,,03,,,,,,,,,,,,,,,,,,,,,,2,0,,,NO,,,,,,,,,,,,,,,,,,,,,,,,,,02,,,,,,,,,,,"05,06,09,11,01",,,,,5000,,5000,,1200,,,,5,,5,"01,22",,,,2020-12-30,1132
ст.365 ч.2,2,7490,,,1,3650002,FE1R10P1,Воспрепятствование законной предпринимательской де,Заѕды кјсіпкерлік ќызметке кедергі жасау,"01,02,03","KR,",ALL,,,,02,,,,,,,,,,01,,03,,,,,,,,,,,,,,,,,,,,,,2,0,,,NO,,,,,,,,,,,,,,,,,,,,,,,,,,02,,,,,,,,,,,"05,06,09,11,01",,,,,5000,,5000,,1200,,,,5,,5,"01,22",,,,2015-01-01,1133
ст.365 ч.2,3,7960,,,1,3650002,FE1R10P1,Воспрепятствование занятию законной предпринимател,Заѕды кјсіпкерлік ќызметпен айналысуєа кедергі жас,"02,03,04","KR,",ALL,,,,02,,,,,,,,,,,,03,,,,,,,,,,,,,,,,,,,,,,1,0,,,NO,,,,,,,,,,,,,,,,,,,,,,,,,,02,,,,,,,,,,,"11,01",,"05,06,",,,,,,,,,,,6,,6,"01,22",,,,2021-09-03,1134
ст.365 ч.3,3,10160,,,1,3650003,FE1R10P1,Воспрепятствование занятию законной предпринимател,Заѕды кјсіпкерлік ќызметпен айналысуєа кедергі жас,"01,02,03,04","KR,",ALL,,,,,03,03,,,,,,,,,,,02,,,,,,,,,,,,,,,,,,,,,1,0,,,NO,,,,,,,,,,,,,,,,,,,,,,,,,,03,,,,,,,,,,03,"11,01",,"05,06,09,",,,,,,,,,,,8,,8,"01,22",,,,2021-09-03,1135
ст.365 ч.3,3,8510,,,1,3650003,FE1R10P1,Воспрепятствование законной предпринимательской де,Заѕды кјсіпкерлік ќызметке кедергі жасау,"01,02,03","KR,",ALL,,,,,03,03,,,,,,,,,,,02,,,,,,,,,,,,,,,,,,,,,2,0,,,NO,,,,,,,,,,,,,,,,,,,,,,,,,,03,,,,,,,,,,03,"11,01",,"05,06,09,",,,,,,,,,,,7,,7,"01,22",,,,2015-01-01,1136
ст.365 ч.3,3,8560,,,1,3650003,FE1R10P1,Воспрепятствование законной предпринимательской де,Заѕды кјсіпкерлік ќызметке кедергі жасау,"01,02,03,04","KR,",ALL,,,,,03,03,,,,,,,,,,,02,,,,,,,,,,,,,,,,,,,,,2,0,,,NO,,,,,,,,,,,,,,,,,,,,,,,,,,03,,,,,,,,,,03,"11,01",,"05,06,09,",,,,,,,,,,,7,,7,"01,22",,,,2020-12-30,1137
ст.365 ч.4,3,10210,,,1,3650004,FE1R10P1,Воспрепятствование законной предпринимательской де,Заѕды кјсіпкерлік ќызметке кедергі жасау,,"KR,",ALL,,,,,03,03,,,,,,,,,,,02,,,,,,,,,,,,,,,,,,,,,2,0,,,NO,,,,,,,,,,,,,,,,,,,,,,,,,,,,,,,,,,,,,"11,01",,"05,06,09,",,,,,,,,,,2,8,2,8,"01,22",,,,2020-12-30,1138
ст.365 ч.4,3,12030,,,1,3650004,FE1R10P1,Воспрепятствование занятию законной предпринимател,Заѕды кјсіпкерлік ќызметпен айналысуєа кедергі жас,,"KR,",ALL,,,,,03,03,,,,,,,,,,,02,,,,,,,,,,,,,,,,,,,,,1,0,,,NO,,,,,,,,,,,,,,,,,,,,,,,,,,,,,,,,,,,,,01,,"05,06,09,11",,,,,,,,,,,,6,10,"01,22",,,,2021-09-03,1139
ст.366 ч.1,2,6380,,,1,3660001,FE1R10P1,Получение взятки,Пара алу,,"KR,",ALL,,,,,,,,,,,,,,,,,,,,,,,,,,,,,,,,,,,,,,1,0,,,NO,,,,,,,,,,,,,,,,,,,,,,,,,,,,,,,,,,,,,"05,01",,,,20xN,50xN,,,,,,,,,,5,"01,22",,,,2020-12-30,1140
ст.366 ч.1,2,6370,,,1,3660001,FE1R10P1,Получение взятки,Пара алу,,"KR,",ALL,,,,,,,,,,,,,,,,,,,,,,,,,,,,,,,,,,,,,,2,0,,,NO,,,,,,,,,,,,,,,,,,,,,,,,,,,,,,,,,,,,,"05,01",,,,20xN,50xN,,,,,,,,,,5,"01,22",,,,2015-01-01,1141
ст.366 ч.2,3,9480,,,1,3660002,FE1R10P1,Получение взятки,Пара алу,,"KR,",ALL,,,,,ALL -,,ALL -,,,,,,,ALL -,,,,,,,,,,,,,,,,,,,,,,,,1,0,,,NO,,,,,,,,,,,,,,,,,,,,,,,,,,,,,,,,,,,,,"05,01",,,,50xN,60xN,,,,,,,,,3,7,"01,22",,,,2020-12-30,1142
ст.366 ч.2,3,9470,,,1,3660002,FE1R10P1,Получение взятки,Пара алу,,"KR,",ALL,,,,,ALL -,,ALL -,,,,,,,ALL -,,,,,,,,,,,,,,,,,,,,,,,,2,0,,,NO,,,,,,,,,,,,,,,,,,,,,,,,,,,,,,,,,,,,,"05,01",,,,50xN,60xN,,,,,,,,,3,7,"01,22",,,,2015-01-01,1143
ст.366 ч.3,3,12910,1,,1,3660003,FE1R10P1,Получение взятки,Пара алу,"01,02,03,04","KR,",,,,,02,,,04,,,,,,,,,03,,,,,,,,,,,,,,,,,,,,,,1,0,,,,,,,,,,,,,,,,,,,,,,,,,,,04,,02,,,,,,,,,,,"05,01",,,,60xN,70xN,,,,,,,,,7,12,"01,22",,,,2020-12-30,1144
ст.366 ч.3,3,12900,1,,1,3660003,FE1R10P1,Получение взятки,Пара алу,"01,02,03,04","KR,",,,,,02,,,04,,,,,,,,,03,,,,,,,,,,,,,,,,,,,,,,2,0,,,,,,,,,,,,,,,,,,,,,,,,,,,04,,02,,,,,,,,,,,"05,01",,,,60xN,70xN,,,,,,,,,7,12,"01,22",,,,2015-01-01,1145
ст.366 ч.4,4,13930,1,,1,3660004,FE1R10P1,Получение взятки,Пара алу,,"KR,",,,,,,,,,,,,,,,,,,,,,,,,,,,,,,,,,,,,,,,1,0,,,,,,,,,,,,,,,,,,,,,,,,,,,,,ALL,,,,,,,,,,ALL,"05,01",,,,70xN,80xN,,,,,,,,,10,15,"01,22",,,,2020-12-30,1146
ст.366 ч.4,4,13920,1,,1,3660004,FE1R10P1,Получение взятки,Пара алу,,"KR,",,,,,,,,,,,,,,,,,,,,,,,,,,,,,,,,,,,,,,,2,0,,,,,,,,,,,,,,,,,,,,,,,,,,,,,ALL,,,,,,,,,,ALL,"05,01",,,,70xN,80xN,,,,,,,,,10,15,"01,22",,,,2015-01-01,1147
ст.366 ч.1-1,3,7900,,,1,3660011,FE1R10P1,Получение взятки,Пара алу,,"KR,",ALL,,,,,,,,,,,,,,,,,,,,,,,,,,,,,,,,,,,,,,1,0,,,NO,,,,,,,,,,,,,,,,,,,,,,,,,,,,,,,,,,,,,"05,01",,,,30xN,50xN,,,,,,,,,,6,"01,22",,,,2020-12-30,1148
ст.367 ч.1,2,4060,,,1,3670001,FE1R10P1,Дача взятки,Пара беру,,"KR,",ALL,,,,,,,,,,,,,,,,,,,,,,,,,,,,,,,,,,,,,,2,0,,,NO,,,,,,,,,,,,,,,,,,,,,,,,,,,,,,,,,,,,,"05,01",,,,10xN,20xN,,,,,,,,,,3,22,01,,,2015-01-01,1149
ст.367 ч.1,2,6350,,,1,3670001,FE1R10P1,Дача взятки,Пара беру,,"KR,",ALL,,,,,,,,,,,,,,,,,,,,,,,,,,,,,,,,,,,,,,2,0,,,NO,,,,,,,,,,,,,,,,,,,,,,,,,,,,,,,,,,,,,"05,01",,,,20xN,30xN,,,,,,,,,,5,22,01,,,2020-12-30,1150
ст.367 ч.1,2,6360,,,1,3670001,FE1R10P1,Дача взятки,Пара беру,,"KR,",ALL,,,,,,,,,,,,,,,,,,,,,,,,,,,,,,,,,,,,,,1,0,,,NO,,,,,,,,,,,,,,,,,,,,,,,,,,,,,,,,,,,,,"05,01",,,,20xN,30xN,,,,,,,,,,5,"01,22",,,,2023-10-12,1151
ст.367 ч.2,3,9460,,,1,3670002,FE1R10P1,Дача взятки,Пара беру,,"KR,",ALL,,,,,,,,,,,,,,ALL,,,,,,,,,,,,,,,,,,,,,,,,1,0,,,NO,,,,,,,,,,,,,,,,,,,,,,,,,,,,,,,,,,,,,"05,01",,,,30xN,40xN,,,,,,,,,3,7,"01,22",,,,2023-10-12,1152
ст.367 ч.2,3,9450,,,1,3670002,FE1R10P1,Дача взятки,Пара беру,,"KR,",ALL,,,,,,,,,,,,,,ALL,,,,,,,,,,,,,,,,,,,,,,,,2,0,,,NO,,,,,,,,,,,,,,,,,,,,,,,,,,,,,,,,,,,,,"05,01",,,,30xN,40xN,,,,,,,,,3,7,22,01,,,2020-12-30,1153
ст.367 ч.3,3,12870,,,1,3670003,FE1R10P1,Дача взятки,Пара беру,"01,02,03","KR,",ALL,,,,01,,,03,,,,,,,,,02,,,,,,,,,,,,,,,,,,,,,,2,0,,,NO,,,,,,,,,,,,,,,,,,,,,,,,03,,01,,,,,,,,,,,"05,01",,,,30xN,40xN,,,,,,,,,7,12,"01,22",,,,2020-12-30,1154
ст.367 ч.3,3,12880,,,1,3670003,FE1R10P1,Дача взятки,Пара беру,"01,02,03","KR,",ALL,,,,01,,,03,,,,,,,,,02,,,,,,,,,,,,,,,,,,,,,,1,0,,,NO,,,,,,,,,,,,,,,,,,,,,,,,03,,01,,,,,,,,,,,"05,01",,,,30xN,40xN,,,,,,,,,7,12,"01,22",,,,2023-10-12,1155
ст.367 ч.3,3,12860,,,1,3670003,FE1R10P1,Дача взятки,Пара беру,"01,02,03","KR,",ALL,,,,01,,,03,,,,,,,,,02,,,,,,,,,,,,,,,,,,,,,,2,0,,,NO,,,,,,,,,,,,,,,,,,,,,,,,03,,01,,,,,,,,,,,"05,01",,,,30xN,40xN,,,,,,,,,7,12,"01,22",,,,2015-01-01,1156
ст.367 ч.4,4,13890,,,1,3670004,FE1R10P1,Дача взятки,Пара беру,,"KR,",,,,,,,,,,,,,,,,,,,,,,,,,,,,,,,,,,,,,,,2,0,,,,,,,,,,,,,,,,,,,,,,,,,,,,,ALL,,,,,,,,,,ALL,"05,01",,,,40xN,50xN,,,,,,,,,10,15,"01,22",,,,2020-12-30,1157
ст.367 ч.4,4,13900,,,1,3670004,FE1R10P1,Дача взятки,Пара беру,,"KR,",,,,,,,,,,,,,,,,,,,,,,,,,,,,,,,,,,,,,,,1,0,,,,,,,,,,,,,,,,,,,,,,,,,,,,,ALL,,,,,,,,,,ALL,"05,01",,,,40xN,50xN,,,,,,,,,10,15,"01,22",,,,2023-10-12,1158
ст.367 ч.4,4,13880,,,1,3670004,FE1R10P1,Дача взятки,Пара беру,,"KR,",,,,,,,,,,,,,,,,,,,,,,,,,,,,,,,,,,,,,,,2,0,,,,,,,,,,,,,,,,,,,,,,,,,,,,,ALL,,,,,,,,,,ALL,"05,01",,,,40xN,50xN,,,,,,,,,10,15,"01,22",,,,2015-01-01,1159
ст.368 ч.1,1,2360,,,1,3680001,FE1R10P1,Посредничество во взяточничестве,Параќорлыќќа делдал болу,,"KR,",ALL,,,,,,,,,,,,,,,,,,,,,,,,,,,,,,,,,,,,,,2,0,,,NO,,,,,,,,,,,,,,,,,,,,,,,,,,,,,,,,,,,,,"05,01",,,,5xN,10xN,,,,,,,,,,2,22,01,,,2015-01-01,1160
ст.368 ч.1,2,4070,,,1,3680001,FE1R10P1,Посредничество во взяточничестве,Параќорлыќќа делдал болу,,"KR,",ALL,,,,,,,,,,,,,,,,,,,,,,,,,,,,,,,,,,,,,,2,0,,,NO,,,,,,,,,,,,,,,,,,,,,,,,,,,,,,,,,,,,,"05,01",,,,10xN,20xN,,,,,,,,,,3,22,01,,,2020-12-30,1161
ст.368 ч.1,2,4080,,,1,3680001,FE1R10P1,Посредничество во взяточничестве,Параќорлыќќа делдал болу,,"KR,",ALL,,,,,,,,,,,,,,,,,,,,,,,,,,,,,,,,,,,,,,1,0,,,NO,,,,,,,,,,,,,,,,,,,,,,,,,,,,,,,,,,,,,"05,01",,,,10xN,20xN,,,,,,,,,,3,"01,22",,,,2023-10-12,1162
ст.368 ч.2,3,7870,,,1,3680002,FE1R10P1,Посредничество во взяточничестве,Параќорлыќќа делдал болу,,"KR,",ALL,,,,,,,,,,,,,,ALL,,,,,,,,,,,,,,,,,,,,,,,,2,0,,,NO,,,,,,,,,,,,,,,,,,,,,,,,ALL,,ALL,,,,,,,,,ALL,ALL,"05,01",,,,10xN,20xN,,,,,,,,,,6,"01,22",,,,2015-01-01,1163
ст.368 ч.2,3,7880,,,1,3680002,FE1R10P1,Посредничество во взяточничестве,Параќорлыќќа делдал болу,,"KR,",ALL,,,,,,,,,,,,,,ALL,,,,,,,,,,,,,,,,,,,,,,,,2,0,,,NO,,,,,,,,,,,,,,,,,,,,,,,,ALL,,ALL,,,,,,,,,ALL,ALL,"05,01",,,,20xN,30xN,,,,,,,,,,6,"01,22",,,,2020-12-30,1164
ст.368 ч.2,3,7890,,,1,3680002,FE1R10P1,Посредничество во взяточничестве,Параќорлыќќа делдал болу,,"KR,",ALL,,,,,,,,,,,,,,ALL,,,,,,,,,,,,,,,,,,,,,,,,1,0,,,NO,,,,,,,,,,,,,,,,,,,,,,,,ALL,,ALL,,,,,,,,,ALL,ALL,"05,01",,,,20xN,30xN,,,,,,,,,,6,"01,22",,,,2023-10-12,1165
ст.369 ч.1,1,3800,,,1,3690001,FE1R10P1,Служебный подлог,Ќызметтiк жалєандыќ жасау,,"KR,",,,,,,,,,,,,,,,,,,,,,,,,,,,,,,,,,,,,,,,2,0,,,NO,,,,,,,,,,,,,,,,,,,,,,,,,,,,,,,,,,,,,"05,06,09,11,01",,,,,2000,,2000,,600,,,,2,,2,"01,22",,,,2015-01-01,1166
ст.369 ч.1,1,3820,,,1,3690001,FE1R10P1,Служебный подлог,Ќызметтiк жалєандыќ жасау,,"KR,",,,,,,,,,,,,,,,,,,,,,,,,,,,,,,,,,,,,,,,2,0,,,NO,,,,,,,,,,,,,,,,,,,,,,,,,,,,,,,,,,,,,"05,06,09,11,01",,,,,2000,,2000,,600,,,,2,,2,"01,22",,,,2018-07-30,1167
ст.369 ч.1,1,3870,,,1,3690001,FE1R10P1,Служебный подлог,Ќызметтiк жалєандыќ жасау,,"KR,",,,,,,,,,,,,,,,,,,,,,,,,,,,,,,,,,,,,,,,1,0,,,NO,,,,,,,,,,,,,,,,,,,,,,,,,,,,,,,,,,,,,"05,06,09,11,01",,,,,2000,,2000,,600,,,,2,,2,"01,22",,,,2020-12-30,1168
ст.369 ч.2,2,4390,,,1,3690002,FE1R10P1,(Исключена) Служебный подлог,Ќызметтiк жалєандыќ жасау,,"KR,",,,,,,,,,,,,,,,,,,,,,,,,,,,,,,,,,,,,,,,2,0,,,NO,,,,,,,,,,,,,,,,,,,,,,,,,,,,,,,,,,,,,"05,06,11,01",,,,,3000,,3000,,,,,,3,,3,"01,22",,,,2015-01-01,1169
ст.369 ч.2,2,4420,,,1,3690002,FE1R10P1,(Исключена) Служебный подлог,Ќызметтiк жалєандыќ жасау,,"KR,",,,,,,,,,,,,,,,,,,,,,,,,,,,,,,,,,,,,,,,3,0,,,NO,,,,,,,,,,,,,,,,,,,,,,,,,,,,,,,,,,,,,"05,06,11,01",,,,,3000,,3000,,,,,,3,,3,"01,22",,,,2018-07-30,1170
ст.369 ч.3,2,6630,,,1,3690003,FE1R10P1,Служебный подлог,Ќызметтiк жалєандыќ жасау,,"KR,",,,,,,,,,,,,,,,,,,,,,,,,,,,,,,,,,,,,,,,2,0,,,,,,,,,,,,,,,,,,,,,,,,,,,,,,,,,,,,,,,,"11,01",,"05,06,09,",,,,,,,,,,,5,,5,"01,22",,,,2018-07-30,1171
ст.369 ч.3,2,6620,,,1,3690003,FE1R10P1,Служебный подлог,Ќызметтiк жалєандыќ жасау,,"KR,",,,,,,,,,,,,,,,,,,,,,,,,,,,,,,,,,,,,,,,2,0,,,,,,,,,,,,,,,,,,,,,,,,,,,,,,,,,,,,,,,,"11,01",,"05,06,09,",,,,,,,,,,,5,,5,"01,22",,,,2015-01-01,1172
ст.369 ч.3,2,6640,,,1,3690003,FE1R10P1,Служебный подлог,Ќызметтiк жалєандыќ жасау,,"KR,",,,,,,,,,,,,,,,,,,,,,,,,,,,,,,,,,,,,,,,1,0,,,,,,,,,,,,,,,,,,,,,,,,,,,,,,,,,,,,,,,,"11,01",,"05,06,09,",,,,,,,,,,,5,,5,"01,22",,,,2020-12-30,1173
ст.369 ч.4,3,8570,,,1,3690004,FE1R10P1,Служебный подлог,Ќызметтiк жалєандыќ жасау,,"KR,",,,,,,,,,,,,,,,,,,,,,,,,,,,,,,,,,,,,,,,1,0,,,,,,,,,,,,,,,,,,,,,,,,,,,,,,,,,,,,,,,,"11,01",,"05,06,09,",,,,,,,,,,,7,,7,"01,22",,,,2020-12-30,1174
ст.369 ч.2-1,1,3880,,,1,3690021,FE1R10P1,Служебный подлог,Ќызметтiк жалєандыќ жасау,,"KR,",,,,,,,,,,,,,,,,,,,,,,,,,,,,,,,,,,,,,,,1,0,,,NO,,,,,,,,,,,,,,,,,,,,,,,,,,,,,,,,,,,,,"05,06,09,11,01",,,,,2000,,2000,,600,,,,2,,2,"01,22",,,,2020-12-30,1175
ст.370 ч.1,1,3830,1,,1,3700001,FE1R10P1,Бездействие по службе,Ќызметтегi јрекетсiздiк,,"KR,",,,,,,,,,,,,,,,,,,,,,,,,,,,,,,,,,,,,,,,2,0,,,NO,,,,,,,,,,,,,,,,,,,,,,,,,,,,,,,,,,,,,"05,06,09,11,01",,,,,2000,,2000,,600,,,,2,,2,"01,22",,,,2018-07-30,1176
ст.370 ч.1,1,3810,1,,1,3700001,FE1R10P1,Бездействие по службе,Ќызметтегi јрекетсiздiк,,"KR,",,,,,,,,,,,,,,,,,,,,,,,,,,,,,,,,,,,,,,,2,0,,,NO,,,,,,,,,,,,,,,,,,,,,,,,,,,,,,,,,,,,,"05,06,09,11,01",,,,,2000,,2000,,600,,,,2,,2,"01,22",,,,2015-01-01,1177
ст.370 ч.1,1,3890,1,,1,3700001,FE1R10P1,Бездействие по службе,Ќызметтегi јрекетсiздiк,,"KR,",,,,,,,,,,,,,,,,,,,,,,,,,,,,,,,,,,,,,,,1,0,,,NO,,,,,,,,,,,,,,,,,,,,,,,,,,,,,,,,,,,,,"05,06,09,11,01",,,,,2000,,2000,,600,,,,2,,2,"01,22",,,,2020-12-30,1178
ст.370 ч.2,2,4400,1,,1,3700002,FE1R10P1,(Исключена) Бездействие по службе,Ќызметтегi јрекетсiздiк,,"KR,",,,,,,,,,,,,,,,,,,,,,,,,,,,,,,,,,,,,,,,2,0,,,,,,,,,,,,,,,,,,,,,,,,,,,,,,,,,,,,,,,,"05,06,11,01",,,,,3000,,3000,,,,,,3,,3,"01,22",,,,2015-01-01,1179
ст.370 ч.2,2,4430,1,,1,3700002,FE1R10P1,(Исключена) Бездействие по службе,Ќызметтегi јрекетсiздiк,,"KR,",,,,,,,,,,,,,,,,,,,,,,,,,,,,,,,,,,,,,,,3,0,,,,,,,,,,,,,,,,,,,,,,,,,,,,,,,,,,,,,,,,"05,06,11,01",,,,,3000,,3000,,,,,,3,,3,"01,22",,,,2018-07-30,1180
ст.370 ч.3,2,7520,1,,1,3700003,FE1R10P1,Бездействие по службе,Ќызметтегi јрекетсiздiк,,"KR,",,,,,,,,,,,,,,,,,,,,,,,,,,,,,,,,,,,,,,,2,0,,,,,,,,,,,,,,,,,,,,,,,,,,,,,,,,,,,,,,,,"05,06,09,11,01",,,,,5000,,5000,,1200,,,,5,,5,"01,22",,,,2018-07-30,1181
ст.370 ч.3,2,7500,1,,1,3700003,FE1R10P1,Бездействие по службе,Ќызметтегi јрекетсiздiк,,"KR,",,,,,,,,,,,,,,,,,,,,,,,,,,,,,,,,,,,,,,,2,0,,,,,,,,,,,,,,,,,,,,,,,,,,,,,,,,,,,,,,,,"05,06,09,11,01",,,,,5000,,5000,,1200,,,,5,,5,"01,22",,,,2015-01-01,1182
ст.370 ч.3,2,7560,1,,1,3700003,FE1R10P1,Бездействие по службе,Ќызметтегi јрекетсiздiк,,"KR,",,,,,,,,,,,,,,,,,,,,,,,,,,,,,,,,,,,,,,,1,0,,,,,,,,,,,,,,,,,,,,,,,,,,,,,,,,,,,,,,,,"05,06,09,11,01",,,,,5000,,5000,,1200,,,,5,,5,"01,22",,,,2020-12-30,1183
ст.370 ч.4,3,8540,1,,1,3700004,FE1R10P1,Бездействие по службе,Ќызметтегi јрекетсiздiк,,"KR,",,,,,,,,,,,,,,,,,,,,,,,,,,,,,,,,,,,,,,,2,0,,,,,,,,,,,,,,,,,,,,,,,,,,,,01,,,,,,,,,,,,"11,01",,"05,06,09,",,,,,,,,,,,7,,7,"01,22",,,,2018-07-30,1184
ст.370 ч.4,3,8520,1,,1,3700004,FE1R10P1,Бездействие по службе,Ќызметтегi јрекетсiздiк,,"KR,",,,,,,,,,,,,,,,,,,,,,,,,,,,,,,,,,,,,,,,2,0,,,,,,,,,,,,,,,,,,,,,,,,,,,,01,,,,,,,,,,,,"11,01",,"05,06,09,",,,,,,,,,,,7,,7,"01,22",,,,2015-01-01,1185
ст.370 ч.4,3,8580,1,,1,3700004,FE1R10P1,Бездействие по службе,Ќызметтегi јрекетсiздiк,"01,02","KR,",,,,,,,,,,,,,,,,,,,,,,,,,,,,,,,,,,,,,,,1,0,,,,,,,,,,,,,,,,,,,,,,,,,,,,01,,,,,,,,,,,,"11,01",,"05,06,09,",,,,,,,,,,,7,,7,"01,22",,,,2020-12-30,1186
ст.370 ч.2-1,2,5360,1,,1,3700021,FE1R10P1,Бездействие по службе,Ќызметтегi јрекетсiздiк,,"KR,",,,,,,,,,,,,,,,,,,,,,,,,,,,,,,,,,,,,,,,1,0,,,NO,,,,,,,,,,,,,,,,,,,,,,,,,,,,,,,,,,,,,"05,06,09,11,01",,,,,3000,,3000,,800,,,,3,,3,"01,22",,,,2020-12-30,1187
ст.371 ч.1,1,2170,1,,1,3710001,FE1R10P1,Халатность,Салєырттыќ,,,,,,,,,,,,,,,,,,,,,,,,,,,,,,,,,,,,,,,,,1,0,,,NO,,,,,,,,,,,,,,,,,,ALL,,,,,,,,,,,,,,,,,,,"05,06,09,11,01",,,,,1000,,1000,,400,,,,1,,1,,,,,2015-01-01,1188
ст.371 ч.2,1,5660,1,,1,3710002,FE1R10P1,Халатность,Салєырттыќ,,,,,,,,,,,,,,,,,,,,,,,,,,,,,,,,,,,,,,,,,1,0,,,NO,,,,,,,,,,,,,,,,,,ALL,,,,,,,ALL,,,,,,,,,,,,"05,06,09,11,01",,,,,4000,,4000,,1000,,,,4,,4,02,,,3,2015-01-01,1189
ст.372,1,3140,1,,1,3720001,FE1R10P1,Надругательство над государственными символами,Мемлекеттік рјміздерді ќорлау,,,,,,,,,,,,,,,,,,,,,,,,,,,,,,,,,,,,,,,,,1,0,,,NO,,,,,,,,,,,,,,,,,,,,,,,,,,,,,,,,,,,,,"05,06,09,11,01",,,,,2000,,2000,,600,,,,2,,2,,,,,2015-01-01,1190
ст.373 ч.1 (исключена),1,2590,1,,1,3730001,FE1R10P1,Публичное оскорбление и иное посягательство на чес,Ќазаќстан Республикасыныѕ Тўѕєыш Президентін – Елб,,,,,,,,,,,,,,,,,,,,,,,,,,,,,,,,,,,,,,,,,3,0,,,NO,,,,,,,,,,,,,,,,,,,,,,,,,,,,,,,,,,,,,"05,06,11,01",,,,,2000,,2000,,,,,,2,,2,,,,,2023-07-24,1191
ст.373 ч.1 (исключена),1,2450,1,,1,3730001,FE1R10P1,Публичное оскорбление и иное посягательство на чес,Ќазаќстан Республикасыныѕ Тўѕєыш Президентін – Елб,,,,,,,,,,,,,,,,,,,,,,,,,,,,,,,,,,,,,,,,,2,0,,,NO,,,,,,,,,,,,,,,,,,,,,,,,,,,,,,,,,,,,,"05,06,11,01",,,,,2000,,2000,,,,,,2,,2,,,,,2015-01-01,1192
ст.373 ч.2 (исключена),2,4290,1,,1,3730002,FE1R10P1,Публичное оскорбление и иное посягательство на чес,Ќазаќстан Республикасыныѕ Тўѕєыш Президентін – Елб,,,,,,,,,,,,,,,,,,,,,,,,,,,,,,,,,,,,,,,,,2,0,,,NO,,,,,,,,,,,,,,,,,,,,,,,,,,,,,,,,,,,,,"05,06,11,01",,,,,3000,,3000,,,,,,3,,3,,,,,2015-01-01,1193
ст.373 ч.2 (исключена),2,4350,1,,1,3730002,FE1R10P1,Публичное оскорбление и иное посягательство на чес,Ќазаќстан Республикасыныѕ Тўѕєыш Президентін – Елб,,,,,,,,,,,,,,,,,,,,,,,,,,,,,,,,,,,,,,,,,3,0,,,NO,,,,,,,,,,,,,,,,,,,,,,,,,,,,,,,,,,,,,"05,06,11,01",,,,,3000,,3000,,,,,,3,,3,,,,,2023-07-24,1194
ст.373 ч.3 (исключена),2,6760,1,,1,3730003,FE1R10P1,Публичное оскорбление и иное посягательство на чес,Ќазаќстан Республикасыныѕ Тўѕєыш Президентін – Елб,,,,,,,,,,,,,,,,,,,,,,,,,,,,,,,,,,,,,,,,,2,0,,,NO,,,,,,,,,,,,,,,,,,,,,,,,,,,,,,,,,,,,,"05,06,11,01",,,,,5000,,5000,,,,,,5,,5,,,,,2015-01-01,1195
ст.373 ч.3 (исключена),2,6830,1,,1,3730003,FE1R10P1,Публичное оскорбление и иное посягательство на чес,Ќазаќстан Республикасыныѕ Тўѕєыш Президентін – Елб,,,,,,,,,,,,,,,,,,,,,,,,,,,,,,,,,,,,,,,,,3,0,,,NO,,,,,,,,,,,,,,,,,,,,,,,,,,,,,,,,,,,,,"05,06,11,01",,,,,5000,,5000,,,,,,5,,5,,,,,2023-07-24,1196
ст.374 (исключена),2,6840,1,,1,3740001,FE1R10P1,Нарушение гарантий неприкосновенности Первого През,Ќазаќстан Республикасыныѕ Тўѕєыш Президентіне – Ел,,1,,,,,,,,,,,,,,,,,,,,,,,,,,,,,,,,,,,,,,,3,0,,,NO,,,,,,,,,,,,,,,,,,,,,,,,,,,,,,,,,,,,,"05,06,11,01",,,,,5000,,5000,,,,,,5,,5,,,,,2023-07-24,1197
ст.374 (исключена),2,6770,1,,1,3740001,FE1R10P1,Нарушение гарантий неприкосновенности Первого През,Ќазаќстан Республикасыныѕ Тўѕєыш Президентіне – Ел,,1,,,,,,,,,,,,,,,,,,,,,,,,,,,,,,,,,,,,,,,2,0,,,NO,,,,,,,,,,,,,,,,,,,,,,,,,,,,,,,,,,,,,"05,06,11,01",,,,,5000,,5000,,,,,,5,,5,,,,,2015-01-01,1198
ст.375 ч.1,1,2460,1,,1,3750001,FE1R10P1,Посягательство на честь и достоинство Президента Р,Ќазаќстан Республикасы Президентiнiѕ абыройы мен ќ,,,,,,,,,,,,,,,,,,,,,,,,,,,,,,,,,,,,,,,,,1,0,,,NO,,,,,,,,,,,,,,,,,,,,,,,,,,,,,,,,,,,,,"05,06,11,01",,,,,2000,,2000,,,,,,2,,2,,,,,2015-01-01,1199
ст.375 ч.2,2,4300,1,,1,3750002,FE1R10P1,Посягательство на честь и достоинство Президента Р,Ќазаќстан Республикасы Президентiнiѕ абыройы мен ќ,,,,,,,,,,,,,,,,,ALL,,,,,,,,,,,,,,,,,,,,,,,,1,0,,,NO,,,,,,,,,,,,,,,,,,,,,,,,,,,,,,,,,,,,,"05,06,11,01",,,,,3000,,3000,,,,,,3,,3,,,,,2015-01-01,1200
ст.375 ч.3,2,6780,1,,1,3750003,FE1R10P1,Посягательство на честь и достоинство Президента Р,Ќазаќстан Республикасы Президентiнiѕ абыройы мен ќ,,,,,,,,,,,,,,,,,,,,,,,,,,,,,,,,,,,,,,,,,1,0,,,,,,,,,,,,,,,,,,,,,,,,,,,,,,,,,ALL,,,,,,,"05,06,11,01",,,,,5000,,5000,,,,,,5,,5,,,,,2015-01-01,1201
ст.376 ч.1,0,1630,1,,2,3760001,FE1R10P1,Посягательство на честь и достоинство депутата Пар,Ќазаќстан Республикасы Парламенті депутатыныѕ абыр,,1,,,,,,,,,,,,,,,,,,,,,,,,,,,,,,,,,,,,,,,1,0,,,NO,,,,,,,,,,,,,,,,,,,,,,,,,,,,,,,,,,,,,"05,06,09,12",,,,,200,,200,,200,,50,,,,,,,,,2015-01-01,1202
ст.376 ч.2,1,2470,1,,1,3760002,FE1R10P1,Посягательство на честь и достоинство депутата Пар,Ќазаќстан Республикасы Парламенті депутатыныѕ абыр,,1,,,,,,,,,,,,,,,,,,,,,,,,,,,,,,,,,,,,,,,1,0,,,NO,,,,,,,,,,,,,,,,,,,,,,,,,,,,,,,,,,,,,"05,06,11,01",,,,,2000,,2000,,,,,,2,,2,,,,,2015-01-01,1203
ст.376 ч.3,2,4310,1,,1,3760003,FE1R10P1,Посягательство на честь и достоинство депутата Пар,Ќазаќстан Республикасы Парламенті депутатыныѕ абыр,,,,,,,,,,,,,,,,,,,,,,,,,,,,,,,,,,,,,,,,,1,0,,,,,,,,,,,,,,,,,,,,,,,,,,,,,,,,,ALL,,,,,,,"05,06,11,01",,,,,3000,,3000,,,,,,3,,3,,,,,2015-01-01,1204
ст.377 ч.1,1,2480,1,,1,3770001,FE1R10P1,Воспрепятствование деятельности Конституционного С,Ќазаќстан Республикасы Конституциялыќ Кеѕесiнiѕ ќы,,1,,,,,,,,,,,,,,,,,,,,,,,,,,,,,,,,,,,,,,,1,0,,,NO,,,,,,,,,,,,,,,,,,,,,,,,,,,,,,,,,,,,,"05,06,11,01",,,,,2000,,2000,,,,,,2,,2,,,,,2015-01-01,1205
ст.377 ч.2,2,4380,1,,1,3770002,FE1R10P1,Воспрепятствование деятельности Конституционного С,Ќазаќстан Республикасы Конституциялыќ Кеѕесiнiѕ ќы,,,,,,,,,,,,,,,,,,,,,,,,,,,,,,,,,,,,ALL,,,,,1,0,,,NO,,,,,,,,,,,,,,,,,,,,,,,,,,,,,,,,,,,ALL,,"05,06,11,01",,,,,3000,,3000,,,,,,3,,3,,02,,3,2015-01-01,1206
ст.378 ч.1,0,270,1,,2,3780001,FE1R10P1,Оскорбление представителя власти,Билік ґкiлiн ќорлау,,,,,,,,,,,,,,,,,,,,,,,,,,,,,,,,,,,,,,,,,1,0,,,NO,,,,,,,,,,,,,,,,,,,,,,,,,,,,,,,,,,,,,"05,06,09,12",,,,,80,,80,,80,,20,,,,,,,,,2015-01-01,1207
ст.378 ч.2,0,870,1,,2,3780002,FE1R10P1,Оскорбление представителя власти,Билік ґкiлiн ќорлау,,,,,,,,,,,,,,,,,,,,,,,,,,,,,,,,,,,,,,,,,1,0,,,NO,,,,,,,,,,,,,,,,,,,,,,,,,,,,,,,,,,,,,"05,06,09,12",,,,,160,,160,,160,,40,,,,,,,,,2015-01-01,1208
ст.379 ч.1,1,3150,1,,1,3790001,FE1R10P1,Неповиновение представителю власти,Билік ґкіліне баєынбау,,1,,,,,,,,,,,,,,,,,,,,,,,,,,,,,,,,,,,,,,,2,0,,,NO,,,,,,,,,,,,,,,,,,,,,,,,,,,,,,,,,ALL,,,,"05,06,09,11,01",,,,,2000,,2000,,600,,,,2,,2,,,,,2015-01-01,1209
ст.379 ч.1,1,3300,1,,1,3790001,FE1R10P1,Неповиновение представителю власти,Билік ґкіліне баєынбау,,1,,,,,,,,,,,,,,,,,,,,,,,,,,,,,,,,,,,,,,,1,0,,,NO,,,,,,,,,,,,,,,,,,,,,,,,,,,,,,,,,ALL,,,,"05,06,09,11,01",,,,,2000,,2000,,600,,,,2,,2,,,,,2017-07-14,1210
ст.379 ч.2,1,2570,1,,1,3790002,FE1R10P1,(Исключена) Неповиновение представителю власти,Билік ґкіліне баєынбау,,,,,,,,,,,,,,,,,,,,,,,,,,,,,,,,,,,,,,,,,3,0,,,,,,,,,,,,,,,,,,,,,,,,,,,02,,01,,,,,,,,,,,"05,06,11,01",,,,,2000,,2000,,,,,,2,,2,,,,,2017-07-14,1211
ст.379 ч.2,1,2490,1,,1,3790002,FE1R10P1,(Исключена) Неповиновение представителю власти,Билік ґкіліне баєынбау,,,,,,,,,,,,,,,,,,,,,,,,,,,,,,,,,,,,,,,,,2,0,,,,,,,,,,,,,,,,,,,,,,,,,,,02,,01,,,,,,,,,,,"05,06,11,01",,,,,2000,,2000,,,,,,2,,2,,,,,2015-01-01,1212
ст.380 ч.1,1,3940,1,,1,3800001,FE1R10P1,Применение насилия в отношении представителя власт,Билік ґкiлiне ќатысты кїш ќолдану,,,,,,,,,,ALL,,,,,,,,,,,,,,,,,,,,,,,,,,,,,,,2,0,,,NO,,,ALL,,,,,,,,,,,,,,,,,,,,,,,,,,,ALL,,,,,,,"05,06,09,11,01",,,,,2000,,2000,,800,,,,2,,2,,,,,2015-01-01,1213
ст.380 ч.1,2,4830,1,,1,3800001,FE1R10P1,Применение насилия в отношении представителя власт,Билік ґкiлiне ќатысты кїш ќолдану,,,,,,,,,,ALL,,,,,,,,,,,,,,,,,,,,,,,,,,,,,,,2,0,,,NO,,,ALL,,,,,,,,,,,,,,,,,,,,,,,,,,,ALL,,,,,,,"05,06,09,11,01",,,,,3000,,3000,,800,,,,3,,3,,,,,2017-07-14,1214
ст.380 ч.1,1,3320,1,,1,3800001,FE1R10P1,Угроза или насильственные действия в отношении пре,Билік ґкіліне ќатысты ќорќыту немесе кїш кґрсету ј,,,,,,,,,,ALL,,,,,,,,,,,,,,,,,,,,,,,,,,,,,,,1,0,,,NO,,,ALL,,,,,,,,,,,,,,,,,,,,,,,,,,,ALL,,,,,,,"05,06,09,11,01",,,,,2000,,2000,,600,,,,2,,2,,,,,2022-09-11,1215
ст.380 ч.2,2,4860,1,,1,3800002,FE1R10P1,Угроза или насильственные действия в отношении пре,Билік ґкіліне ќатысты ќорќыту немесе кїш кґрсету ј,"01,02,03,04",,,,,,,,,ALL,,,,,,,,,,,,,,,,,,,,,,,,,,,,,,,1,0,,,NO,,,ALL,,,,,,,,,,,,,,,,,,,,,,,01,,,,,,,"02,03",,,01,"05,06,09,11,01",,,,,3000,,3000,,800,,,,3,,3,,,,,2022-09-11,1216
ст.380 ч.2,3,11320,1,,1,3800002,FE1R10P1,Применение насилия в отношении представителя власт,Билік ґкiлiне ќатысты кїш ќолдану,,,,,,,,,,ALL,,,,,,,,,,,,,,,,,,,,,,,,,,,,,,,2,0,,,NO,,,ALL,,,,,,,,,,,,,,,,,,,,,,,01,,,,,,,"02,03",,,01,01,,"05,06,11,",,,,,,,,,,,,5,10,,,,,2015-01-01,1217
ст.380 ч.3,3,12450,1,,1,3800003,FE1R10P1,Применение насилия в отношении представителя власт,Билік ґкiлiне ќатысты кїш ќолдану,"01,02,03,04,05,06,07,08,09",,,,,,,,,ALL,,,,,,,,,,,,,,,,,,,,,,,,,,,,,,,2,0,,,NO,,,ALL,,,,01,,,,07,,,,,,,,,,,,,,,,,,,,,,,,,,01,,"05,06,11,",,,,,,,,,,,,7,12,,,,,2017-07-14,1218
ст.380 ч.3,2,5950,1,,1,3800003,FE1R10P1,Угроза или насильственные действия в отношении пре,Билік ґкіліне ќатысты ќорќыту немесе кїш кґрсету ј,,,,,,,,,,ALL,,,,,,,,,,,,,,,,,,,,,,,,,,,,,,,1,0,,,NO,,,ALL,,,,,,,,,,,,,,,,,,,,,,,,,,,,,,,,,,"05,06,09,11,01",,,,,4000,,4000,,1000,,,2,4,2,4,,,,,2022-09-11,1219
ст.380 ч.4,3,9590,1,,1,3800004,FE1R10P1,Угроза или насильственные действия в отношении пре,Билік ґкіліне ќатысты ќорќыту немесе кїш кґрсету ј,"01,02,03,04,05,06,07,08",,,,,,,,,ALL,,,,,,,,,,,,,,,,,,,,,,,,,,,,,,,1,0,,,NO,,,ALL,,,,01,,,,06,,,,,,,,,,,,,05,,03,,04,02,,,,"07,08",,,03,"01,11",,"05,06,",,,,,,,,,,3,7,3,7,,,,,2022-09-11,1220
ст.380 ч.5,3,12480,1,,1,3800005,FE1R10P1,Угроза или насильственные действия в отношении пре,Билік ґкіліне ќатысты ќорќыту немесе кїш кґрсету ј,,,,,,,,,,ALL,,,,,,,,,,,,,,,,,,,,,,,,,,,,,,,1,0,,,NO,,,ALL,,,,,,,,,,,,,,,,,ALL,,,,,,,,,,,,,,,,,01,,"05,06,11,",,,,,,,,,,,,7,12,,,,,2022-09-11,1221
ст.380 ч.6,4,13470,1,,1,3800006,FE1R10P1,Угроза или насильственные действия в отношении пре,Билік ґкіліне ќатысты ќорќыту немесе кїш кґрсету ј,"01,02,03,04,05,06,07,08,09",,,,,,,,,ALL,,,,,,,,,,,,,,,,,,,,,,,,,,,,,,,1,0,,,NO,,,ALL,,,,01,,,,07,,,,,,,,,ALL,,,,06,,04,,05,02,,03,,"08,09",,,04,01,,"05,06,11,",,,,,,,,,,,,10,15,,,,,2022-09-11,1222
ст.380-1 ч.1,4,13560,1,,1,3800101,FE1R10P1,Посягательство на жизнь сотрудника правоохранитель,Посягательство на жизнь сотрудника правоохранитель,,,,,,,,,,ALL,,,,,,,,,,,,,,,,,,,,,,,,,,,,,,,1,0,,,NO,,,ALL,,,,,,,,,,,,,,,,,ALL,,,,,,,,,,ALL,,,,,,,01,,"05,06,11,",,,,,,,,,,,,10,15,,01,,,2017-07-14,1223
ст.380-1 ч.2,4,14550,1,,1,3800102,FE1R10P1,Посягательство на жизнь сотрудника правоохранитель,Посягательство на жизнь сотрудника правоохранитель,"01,02,03,04,05,06,07,08,09,10",,,,,,,,,ALL,,,,,,,,,,,,,,,,,,,,,,,,,,,,,,,1,0,,,NO,,,ALL,,,,01,03,03,,09,,,,,,,,,ALL,,,,08,,06,,07,"02,03",,04,05,"10,11",,,06,"01,03",,"05,06,11,",,,,,,,,,,,,15,20,01,,,,2017-07-14,1224
ст.380-2 ч.1,2,4850,1,,1,3800201,FE1R10P1,Применение насилия в отношении государственного ин,Применение насилия в отношении государственного ин,,,,,,,,,,ALL,,,,,,,,,,,,,,,,,,,,,,,,,,,,,,,1,0,,,NO,,,ALL,,,,,,,,,,,,,,,,,,,,,,,,,,,ALL,,,,,,,"05,06,09,11,01",,,,,3000,,3000,,800,,,,3,,3,,,,,2020-01-11,1225
ст.380-2 ч.2,3,11390,1,,1,3800202,FE1R10P1,Применение насилия в отношении государственного ин,Применение насилия в отношении государственного ин,,,,,,,,,,ALL,,,,,,,,,,,,,,,,,,,,,,,,,,,,,,,1,0,,,NO,,,ALL,,,,,,,,,,,,,,,,,,,,,,,04,,,02,,,,,,,,01,,"05,06,09,11,",,,,,,,,,,,,5,10,,,,,2020-01-11,1226
ст.380-2 ч.3,3,12470,1,,1,3800203,FE1R10P1,Применение насилия в отношении государственного ин,Применение насилия в отношении государственного ин,"01,02,03,04,05,06,07,08,09",,,,,,,,,ALL,,,,,,,,,,,,,,,,,,,,,,,,,,,,,,,1,0,,,NO,,,ALL,,,,,,,,,,,,,,,,,ALL,,,,06,,,,05,,,03,,"08,09",,,,01,,"05,06,09,11,",,,,,,,,,,,,7,12,,,,,2020-01-11,1227
ст.380-3 ч.1,1,2660,1,,1,3800301,FE1R10P1,Угроза или применение насилия в отношении медицинс,Медициналыќ ќызметкерге немесе жедел медициналыќ ж,,,,,,,,,,ALL,,,,,,,,,,,,,,,,,,,,,,,,,,,,,,,1,0,,,NO,,,ALL,,,,,,,,,,,,,,,,,,,,,,,,,,,ALL,,,,,,,"05,06,09,11,01",,,,200,500,200,500,,300,,,,2,,2,,,,,2026-03-07,1228
ст.380-3 ч.2,2,5430,1,,1,3800302,FE1R10P1,Угроза или применение насилия в отношении медицинс,Медициналыќ ќызметкерге немесе жедел медициналыќ ж,"01,02,03,04,05",,,,,,,,,ALL,,,,,,,,,,,,,,,,,,,,,,,,,,,,,,,1,0,,,NO,,,ALL,,,,,,,,,,,,,,,,,,,,,03,,02,,,,,,,"04,05",,,,"11,01",,"05,06,09,",,,,,,,,,,2,3,2,3,,,,,2026-03-07,1229
ст.380-3 ч.3,2,5440,1,,1,3800303,FE1R10P1,Угроза или применение насилия в отношении медицинс,Медициналыќ ќызметкерге немесе жедел медициналыќ ж,,,,,,,,,,ALL,,,,,,,,,,,,,,,,,,,,,,,,,,,,,,,1,0,,,NO,,,ALL,,,,,,,,,,,,,,,,,,,,,,,,,,,,,,,,,,"05,06,09,11,01",,,,500,1000,500,1000,,600,,,2,3,2,3,,,,,2026-03-07,1230
ст.380-3 ч.4,3,9620,1,,1,3800304,FE1R10P1,Угроза или применение насилия в отношении медицинс,Медициналыќ ќызметкерге немесе жедел медициналыќ ж,"01,02,03,04,05",,,,,,,,,ALL,,,,,,,,,,,,,,,,,,,,,,,,,,,,,,,1,0,,,NO,,,ALL,,,,,,,,,,,,,,,,,,,,,03,,02,,,,,,,"04,05",,,,"11,01",,"05,06,09,",,,,,,,,,,3,7,3,7,,,,,2026-03-07,1231
ст.380-3 ч.5,3,11450,1,,1,3800305,FE1R10P1,Угроза или применение насилия в отношении медицинс,Медициналыќ ќызметкерге немесе жедел медициналыќ ж,,,,,,,,,,ALL,,,,,,,,,,,,,,,,,,,,,,,,,,,,,,,1,0,,,NO,,,ALL,,,,,,,,,,,,,,,,,,,,,,,,,,,,,,,,,,01,,"05,06,09,11,",,,,,,,,,,,,5,10,,,,,2026-03-07,1232
ст.380-3 ч.6,3,12500,1,,1,3800306,FE1R10P1,Угроза или применение насилия в отношении медицинс,Медициналыќ ќызметкерге немесе жедел медициналыќ ж,"01,02,03,04,05",,,,,,,,,ALL,,,,,,,,,,,,,,,,,,,,,,,,,,,,,,,1,0,,,NO,,,ALL,,,,,,,,,,,,,,,,,,,,,03,,02,,,,,,,"04,05",,,,01,,"05,06,09,11,",,,,,,,,,,,,7,12,,,,,2026-03-07,1233
ст.381,0,880,,,2,3810001,FE1R10P1,Воспрепятствование деятельности прокурора и неиспо,Прокурордыѕ ќызметiне кедергi жасау жјне оныѕ заѕд,,1,,,,,,,,,,,,,,,,,,,,,,,,,,,,,,,,,,,,,,,1,0,,,NO,,,,,,,,,,,,,,,,,,,,,,,,,,,,,,,,,,,,,"05,06,09,12",,,,,160,,160,,160,,40,,,,,,,,,2015-01-01,1234
ст.382 ч.1,0,890,1,,2,3820001,FE1R10P1,"Разглашение сведений о мерах безопасности, применя",Жауапты мемлекеттiк лауазымды атќаратын лауазымды,,1,,,,,,,,,,,,,,,,,,,,,,,,,,,,,,,,,,,,,,,1,0,,,NO,,,,,,,,,,,,,,,,,,,,,,,,,,,,,,,,,,,,,"05,06,09,12",,,,,160,,160,,160,,40,,,,,,,,,2015-01-01,1235
ст.382 ч.2,2,7100,1,,1,3820002,FE1R10P1,"Разглашение сведений о мерах безопасности, применя",Жауапты мемлекеттiк лауазымды атќаратын лауазымды,,1,,,,,,,,,,,,,,,,,,,,,,,,,,,,,,,,,,,,,,,1,0,,,NO,,,,,,,,,,,,,,,,,,,,,,,,,ALL,,,,,,,,,,,,"05,06,09,11,01",,,,,5000,,5000,,1200,,,,5,,5,,,,,2015-01-01,1236
ст.383,0,450,1,,2,3830001,FE1R10P1,Приобретение или сбыт официальных документов и гос,Ресми ќўжаттарды жјне мемлекеттiк наградаларды ием,,,,,,,,,,,,,,,,,,,,,,,,,,,,,,,,,,,,,,,,,1,0,,,NO,,,,,,,,,,,,,,,,,,,,,,,,,,,,,,,,,,,,,"05,06,09,12",,,,,120,,120,,120,,30,,,,,,,,,2015-01-01,1237
ст.384 ч.1,0,280,,,2,3840001,FE1R10P1,"Незаконное изъятие документов, похищение, уничтоже","Ќўжаттарды заѕсыз алып ќою, ќўжаттарды, мґртабанда",,,,,,,,,,,,,,,,,,,,,,,,,,,,,,,,,,,,,,,,,1,0,,,NO,,,,,,,,,,,,,,,,,,,,,,,,,,,,,,,,,,,,,"05,06,09,12",,,,,80,,80,,80,,20,,,,,,,,,2015-01-01,1238
ст.384 ч.2,0,460,,,2,3840002,FE1R10P1,"Незаконное изъятие документов, похищение, уничтоже","Ќўжаттарды заѕсыз алып ќою, ќўжаттарды, мґртабанда",,,,,,,ALL,ALL,,,,,,,,,,,,,,,,,,,,,,,,,,,,,,,,,1,0,,,NO,,,,,,,,,,,,,,,,,,,,,,,,,,,,,,,,,,,,,"05,06,09,12",,,,,120,,120,,120,,30,,,,,,,,,2015-01-01,1239
ст.384 ч.3,0,900,,,2,3840003,FE1R10P1,"Незаконное изъятие документов, похищение, уничтоже","Ќўжаттарды заѕсыз алып ќою, ќўжаттарды, мґртабанда",,,,,,,,,,,,,,,,,,,,,,,,,,,,,,,,,,,,,,,,,1,0,,,,,,,,,,,,,,,,,,,,,,,,,,,,,,,,,,,,,,,,"05,06,09,12",,,,,160,,160,,160,,40,,,,,,,,,2015-01-01,1240
ст.385 ч.1,1,3160,,,1,3850001,FE1R10P1,"Подделка, изготовление или сбыт поддельных докумен","Жалєан ќўжаттарды, мґртабандарды, мґрлердi, бланкі",,,,,,,,,,,,,,,,,,,,,,,,,,,,,,,,,,,,,,,,,1,0,,,NO,,,,,,,,,,,,,,,,,,,,,,,,,,,,,,,,,,,,,"05,06,09,11,01",,,,,2000,,2000,,600,,,,2,,2,,,,,2015-01-01,1241
ст.385 ч.2,2,5690,,,1,3850002,FE1R10P1,"Подделка, изготовление или сбыт поддельных докумен","Жалєан ќўжаттарды, мґртабандарды, мґрлердi, бланкі",,,,,,,,,,,,,,,,,,,,,,,,,,,,,,,,,,,,,,,,,1,0,,,NO,,,,,,,,,,,,,,,,,,,,,,,,ALL,,ALL,,,,,,,,,,,"05,06,09,11,01",,,,,4000,,4000,,1000,,,,4,,4,,,,,2015-01-01,1242
ст.385 ч.3,0,910,,,2,3850003,FE1R10P1,"Подделка, изготовление или сбыт поддельных докумен","Жалєан ќўжаттарды, мґртабандарды, мґрлердi, бланкі",,,,,,,,,,,,,,,,,,,,,,,,,,,,,,,,,,,,,,,,,1,0,,,,,,,,,,,,,,,,,,,,,,,,,,,,,,,,,,,,,,,,"05,06,09,12",,,,,160,,160,,160,,40,,,,,,,,,2015-01-01,1243
ст.386 ч.1,1,3170,,,1,3860001,FE1R10P1,"Подделка, уничтожение идентификационного номера тр",Кґлік ќўралыныѕ сјйкестендіру нґмірін ќолдан жасау,,,,,,,,,,,,,,,,,,,,,,,,,,,,,,,,,,,,,,,,,1,0,,,NO,,,,,,,,,,,,,,,,,,,,,,,,,,,,,,,,,,,,,"05,06,09,11,01",,,,,2000,,2000,,600,,,,2,,2,,,,,2015-01-01,1244
ст.386 ч.2,2,7110,,,1,3860002,FE1R10P1,"Подделка, уничтожение идентификационного номера тр",Кґлік ќўралыныѕ сјйкестендіру нґмірін ќолдан жасау,,,,,,,,,,,,,,,,,,,,,,,,,,,,,,,,,,,,,,,,,1,0,,,NO,,,,,,,,,,,,,,,,,,,,,,,,,,ALL,,,,,,,,,,ALL,"05,06,09,11,01",,,,,5000,,5000,,1200,,,,5,,5,,,,,2015-01-01,1245
ст.387 ч.1,1,2250,,,1,3870001,FE1R10P1,Уклонение от воинской службы,Јскери ќызметтен жалтару,,1,,,,,,,,,,,,,,,,,,,,,,,,,,,,,,,,,,,,,,,1,0,,,NO,,,,,,,,,,,,,,,,,,,,,,,,,,,,,,,,,,,,,"05,06,09,11,01",,,,,1000,,1000,,400,,,,1,,1,,,,,2015-01-01,1246
ст.387 ч.2,2,4750,,,1,3870002,FE1R10P1,Уклонение от воинской службы,Јскери ќызметтен жалтару,"01,02,03",1,,,,,,,,,,,,,,,,,,,,,,,,,,,,,,,,,,,,,,,1,0,,,NO,,,,,,,,,,,,,,,,,,,,,,,,,,,,,,,,,,,,,"05,06,09,11,01",,,,,3000,,3000,,800,,,,3,,3,,,,,2015-01-01,1247
ст.388 ч.1,2,7120,,,1,3880001,FE1R10P1,Уклонение от призыва по мобилизации,Жўмылдыруєа шаќырудан жалтару,,1,,,,,,,,,,,,,,,,,,,,,,,,,,,,,,,,,,,,,,,1,0,,,NO,,,,,,,,,,,,,,,,,,,,,,,,,,,,,,,,,,,,,"05,06,09,11,01",,,,,5000,,5000,,1200,,,,5,,5,,,,,2015-01-01,1248
ст.388 ч.2,3,11220,,,1,3880002,FE1R10P1,Уклонение от призыва по мобилизации,Жўмылдыруєа шаќырудан жалтару,,,,,,,,,,,,,,,,,,,,,,,,,,,,,,,,,,,,,,,,,1,0,,,NO,,,,,,,,,,,,,,,,,,,,,,,,,,,,,,,,,,,,,01,,"05,06,11,",,,,,,,,,,,,5,10,,,,,2015-01-01,1249
ст.388-1 ч.1,2,6820,,,1,3880101,FE1R10P1,Умышленное невыполнение мобилизационных заданий ил,"Жўмылдыру, соєыс жаєдайы кезеѕінде жјне соєыс уаќы",,1,,,,,,,,,,,,,,,,,,,,,,,,,,,,,,,,,,,,,,,1,0,,,NO,,,,,,,,,,,,,,,,,,,,,,,,,,,,,,,,,,,,,"05,06,11,01",,,,,5000,,5000,,,,,,5,,5,,,,,2020-06-05,1250
ст.388-1 ч.2,3,11410,,,1,3880102,FE1R10P1,Умышленное невыполнение мобилизационных заданий ил,"Жўмылдыру, соєыс жаєдайы кезеѕінде жјне соєыс уаќы",,,,,,,,,,,,,,,,,,,,,,,,,,,,,,,,,,,,,,,,,1,0,,,NO,,,,,,,,,,,,,,,,,,,,,,,,,ALL,,,,,,,,,,,,01,,"05,06,11,",,,,,,,,,,,,5,10,,,,,2020-06-05,1251
ст.389 ч.1,0,290,,2,2,3890001,FE1R10P1,Самоуправство,Ґзiнше билiк ету,,1,,,,,,,,,,,,,,,,,,,,,,,,,,,,,,,,,,,,,,,1,0,,,NO,,,NO,,,,,,,,,,,,,,,,,,,,,,,,,,,,,,,,,,"05,06,09,12",,,,,80,,80,,80,,20,,,,,,,,,2015-01-01,1252
ст.389 ч.2,0,920,,,2,3890002,FE1R10P1,Самоуправство,Ґзiнше билiк ету,,,,,,,,,,,,,,,,,,,,,,,,,,,,,,,,,,,,,,,,,1,0,,,NO,,,NO,,,,,,,,,,,,,,,,,,,,,,,,,,,,,,,,,,"05,06,09,12",,,,,160,,160,,160,,40,,,,,,,,,2015-01-01,1253
ст.389 ч.3,2,4760,,,1,3890003,FE1R10P1,Самоуправство,Ґзiнше билiк ету,,,,,,,,,,,,,,,,,,,,,,,,,,,,,,,,,,,,,,,,,1,0,,,NO,,,,,,,,,,,,,,,,,,,,,,,,,,ALL,,,,,,,,,,,"05,06,09,11,01",,,,,3000,,3000,,800,,,,3,,3,,,,,2015-01-01,1254
ст.389 ч.4,3,8910,,,1,3890004,FE1R10P1,Самоуправство,Ґзiнше билiк ету,,,,,,,,,,,,,,,,,,,,,,,,,,,,,,,,,,,,,,,,,1,0,,,NO,,,,,,,,,,,,,,,,,,,,,,,,,ALL,,,,,,,,,,,,01,,"05,06,11,",,,,,,,,,,,,3,7,,,,,2015-01-01,1255
ст.390 ч.1,0,300,,,2,3900001,FE1R10P1,Самовольное присвоение звания представителя власти,Билік ґкiлiнiѕ немесе жауапты мемлекеттiк лауазымд,,,,,,,,,,,,,,,,,,,,,,,,,,,,,,,,,,,,,,,,,1,0,,,NO,,,,,,,,,,,,,,,,,,,,,,,,,,,,,,,,,,,,,"05,06,09,12",,,,,80,,80,,80,,20,,,,,,,,,2015-01-01,1256
ст.390 ч.2,1,3180,,,1,3900002,FE1R10P1,Самовольное присвоение звания представителя власти,Билік ґкiлiнiѕ немесе жауапты мемлекеттiк лауазымд,,,,,,,,ALL -,,,,,,,,,,,,,,,,,,,,,,,,,,,,,,,,,1,0,,,NO,,,,,,,,,,,,,,,,,,,,,,,,,,,,,,,,,,,,,"05,06,09,11,01",,,,,2000,,2000,,600,,,,2,,2,,,,,2015-01-01,1257
ст.390 ч.3,2,7130,,,1,3900003,FE1R10P1,Самовольное присвоение звания представителя власти,Билік ґкiлiнiѕ немесе жауапты мемлекеттiк лауазымд,,,,,,,,,,,,,,,,,,,,,,,,,,,,,,,,,,,,,,,,,1,0,,,,,,,,,,,,,,,,,,,,,,,,,,,,,,,,,,,,,,,,"05,06,09,11,01",,,,,5000,,5000,,1200,,,,5,,5,,,,,2015-01-01,1258
ст.391,0,470,,,2,3910001,FE1R10P1,Незаконный подъем Государственного Флага Республик,Ќазаќстан Республикасыныѕ Мемлекеттiк Туын заѕсыз,,1,,,,,,,,,,,,,,,,,,,,,,,,,,,,,,,,,,,,,,,1,0,,,NO,,,,,,,,,,,,,,,,,,,,,,,,,,,,,,,,,,,,,"05,06,09,12",,,,,120,,120,,120,,30,,,,,,,,,2015-01-01,1259
ст.392 ч.1,1,2080,,,1,3920001,FE1R10P1,Умышленное незаконное пересечение Государственной,Ќазаќстан Республикасыныѕ Мемлекеттiк шекарасын ќа,,,,,,,,,,,,,,,,,,,,,,,,,,,,,,,,,,,,,,,,,1,0,,,NO,,,NO,,,,,,,,,,,,,,,,,,,,,,,,,,,,,,,,,,"05,01",,"11,",,,1000,,,,,,,,,,1,,04,,,2015-01-01,1260
ст.392 ч.2,2,6230,,,1,3920002,FE1R10P1,Умышленное незаконное пересечение Государственной,Ќазаќстан Республикасыныѕ Мемлекеттiк шекарасын ќа,,,,,,,ALL -,,,,,,,,,,ALL -,,,,,,,,,,,,,,,,,,,,,,,,1,0,,,NO,,,,,,,,,,,,,,,,,,,,,,,,,,ALL,,,,,,,,,,ALL,01,,"05,06,11,",,,,,,,,,,,,,5,,04,,,2015-01-01,1261
ст.392 ч.1-1,2,4090,,,1,3920011,FE1R10P1,Умышленное незаконное пересечение Государственной,Ќазаќстан Республикасыныѕ Мемлекеттiк шекарасын ќа,"01,02,03",,,,,,,,,,,,,,,,,,,,,,,,,,,,,,,,,,,,,,,,1,0,,,NO,,,NO,,,,,,,,,,,,,,,,,,,,,02,,01,,,,,,,,,,,"05,01",,,,,3000,,,,,,,,,,3,,04,,,2025-09-16,1262
ст.393,0,560,,,2,3930001,FE1R10P1,Невыполнение решения о выдворении,Шыєарып жiберу туралы шешiмдi орындамау,,1,,,,,,,,,,,,,,,,,,,,,,,,,,,,,,,,,,,,,,,2,0,,,NO,,,,,,,,,,,,,,,,,,,,,,,,,,,,,,,,,,,,,"05,12",,,,,160,,,,,,40,,,,,04,,,,2015-01-01,1263
ст.393,0,570,,,2,3930001,FE1R10P1,(Исключена) Невыполнение решения о выдворении,Шыєарып жiберу туралы шешiмдi орындамау,,1,,,,,,,,,,,,,,,,,,,,,,,,,,,,,,,,,,,,,,,3,0,,,NO,,,,,,,,,,,,,,,,,,,,,,,,,,,,,,,,,,,,,"05,12",,,,,160,,,,,,40,,,,,04,,,,2019-02-02,1264
ст.394 ч.1,2,5150,,,1,3940001,FE1R10P1,Организация незаконной миграции,Заѕсыз кґші-ќонды ўйымдастыру,,,,,,,,,,,,,,,,,,,,,,,,,,,,,,,,,,,,,,,,,1,0,,,NO,,,,,,,,,,,,,,,,,,,,,,,,,,,,,,,,,,,,,"05,06,09,11,01",,,,,3000,,3000,,800,,,,3,,3,04,,,,2025-09-16,1265
ст.394 ч.1,1,3190,,,1,3940001,FE1R10P1,Организация незаконной миграции,Заѕсыз кґші-ќонды ўйымдастыру,,,,,,,,,,,,,,,,,,,,,,,,,,,,,,,,,,,,,,,,,2,0,,,NO,,,,,,,,,,,,,,,,,,,,,,,,,,,,,,,,,,,,,"05,06,09,11,01",,,,,2000,,2000,,600,,,,2,,2,,,,,2015-01-01,1266
ст.394 ч.2,2,7260,,,1,3940002,FE1R10P1,Организация незаконной миграции,Заѕсыз кґші-ќонды ўйымдастыру,,,,,,,,,,ALL -,,,,,,,,,,,,,,,,,,,,,,,,,,,,,,,2,0,,,NO,,,,,,,,,,,,,,,,,,,,,,,,ALL,,ALL,,,,,,,,,,,"05,06,09,11,01",,,,,5000,,5000,,1200,,,,5,,5,,02,,3,2015-01-01,1267
ст.394 ч.2,3,9760,,,1,3940002,FE1R10P1,Организация незаконной миграции,Заѕсыз кґші-ќонды ўйымдастыру,,,,,,,,,,ALL -,,,,,,,,,,,,,,,,,,,,,,,,,,,,,,,1,0,,,NO,,,,,,,,,,,,,,,,,,,,,,,,ALL,,ALL,,,,,,,,,,,"05,06,11,01",,,,,7000,,7000,,,,,3,7,3,7,04,02,,7,2025-09-16,1268
ст.394 ч.3,3,11800,,,1,3940003,FE1R10P1,Организация незаконной миграции,Заѕсыз кґші-ќонды ўйымдастыру,,,,,,,,,,,,,,,,,,,,,,,,,,,,,,,,,,,,,,,,,1,0,,,,,,,,,,,,,,,,,,,,,,,,,,,,ALL,ALL,,,,,,,,,,ALL,01,,"05,06,11,",,,,,,,,,,,,5,10,04,,,,2025-09-16,1269
ст.394 ч.3,3,8920,,,1,3940003,FE1R10P1,Организация незаконной миграции,Заѕсыз кґші-ќонды ўйымдастыру,,,,,,,,,,,,,,,,,,,,,,,,,,,,,,,,,,,,,,,,,2,0,,,,,,,,,,,,,,,,,,,,,,,,,,,,ALL,ALL,,,,,,,,,,ALL,01,,"05,06,11,",,,,,,,,,,,,3,7,,,,,2015-01-01,1270
ст.395,0,1640,,,2,3950001,FE1R10P1,Неоднократное нарушение правил привлечения и испол,Ќазаќстан Республикасында шетелдік жўмыс кїшін тар,,1,,,,,,,,,,,,,,,,,,,,,,,,,,,,,,,,,,,,,,,1,0,,,NO,,,,,,,,,,,,,,,,,,,,,,,,ALL,,,,,,,,,,,,,"05,06,09,12",,,,,200,,200,,200,,50,,,,,,,,,2015-01-01,1271
ст.396 ч.1,1,3200,,,1,3960001,FE1R10P1,Противоправное изменение Государственной границы Р,Ќазаќстан Республикасыныѕ Мемлекеттiк шекарасын ќў,,1,,,,,,,,,,,,,,,,,,,,,,,,,,,,,,,,,,,,,,,1,0,,,NO,,,,,,,,,,,,,,,,,,,,,,,,,,,,,,,,,,,,,"05,06,09,11,01",,,,,2000,,2000,,600,,,,2,,2,,,,,2015-01-01,1272
ст.396 ч.2,2,5700,,,1,3960002,FE1R10P1,Противоправное изменение Государственной границы Р,Ќазаќстан Республикасыныѕ Мемлекеттiк шекарасын ќў,,1,,,,,,,,,,,,,,,,,,,,,,,,,,,,,,,,,,,,,,,1,0,,,NO,,,,,,,,,,,,,,,,,,,,,,,,ALL,ALL,,,,,,,,,,,,"05,06,09,11,01",,,,,4000,,4000,,1000,,,,4,,4,,,,,2015-01-01,1273
ст.397,0,930,,,2,3970001,FE1R10P1,Незаконное пользование эмблемами и знаками Красног,"Ќызыл Жарты ай, Ќызыл Крест, Ќызыл Кристалл эмблем",,,,,,,,,,,,,,,,,,,,,,,,,,,,,,,,,,,,,,,,,1,0,,,NO,,,,,,,,,,,,,,,,,,,,,,,,,,,,,,,,,,,,,"05,06,09,12",,,,,160,,160,,160,,40,,,,,,,,,2015-01-01,1274
ст.398 ч.1,0,100,,,2,3980001,FE1R10P1,"Нарушение правил охраны линий и сооружений связи,","Байланыс желiлерi мен ќўрылыстарын, сондай-аќ мемл",,1,,,,,,,,,,,,,,,,,,,,,,,,,,,,,,,,,,,,,,,1,0,,,NO,,,,,,,,,,,,,,,,,,,,,,,,,,,,,,,,,,,,,"05,06,09",,,,,80,,80,,80,,,,,,,,,,,2015-01-01,1275
ст.398 ч.2,0,480,,,2,3980002,FE1R10P1,"Нарушение правил охраны линий и сооружений связи,","Байланыс желiлерi мен ќўрылыстарын, сондай-аќ мемл",,,,,,,,,,,,,,,,,,,,,,,,,,,,,,,,,,,,,,,,,1,0,,,,,,,,,,,,,,,,,,,,,,,,,,,,,,,,,,,,,,,,"05,06,09,12",,,,,120,,120,,120,,30,,,,,,,,,2015-01-01,1276
ст.398 ч.3,2,4770,,,1,3980003,FE1R10P1,"Нарушение правил охраны линий и сооружений связи,","Байланыс желiлерi мен ќўрылыстарын, сондай-аќ мемл",,,,,,,,,,,,,,,,,,,,,,,,,,,,,,,,,,,,,,,,,1,0,,,,,,,,,,,,,,,,,,,,,,,,,,,,ALL,,,,,,,,,,,,"05,06,09,11,01",,,,,3000,,3000,,800,,,,3,,3,,,,,2015-01-01,1277
ст.399 ч.1,1,3210,,,1,3990001,FE1R10P1,"Незаконные изготовление, производство, приобретени",Аќпаратты жасырын алудыѕ арнайы техникалыќ ќўралда,,,,,,,,,,,,,,,,,,,,,,,,,,,,,,,,,,,,,,,,,1,0,,,NO,,,,,,,,,,,,,,,,,,,,,,,,,,,,,,,,,,,,,"05,06,09,11,01",,,,,2000,,2000,,600,,,,2,,2,,,,,2015-01-01,1278
ст.399 ч.2,2,5710,,,1,3990002,FE1R10P1,"Незаконные изготовление, производство, приобретени",Аќпаратты жасырын алудыѕ арнайы техникалыќ ќўралда,,,,,,,,,,,,,,,,,,,,,,,,,,,,,,,,,,,,,,,,,1,0,,,,,,,,,,,,,,,,,,,,,,,,,,,,,ALL,,,,,,,,,,,"05,06,09,11,01",,,,,4000,,4000,,1000,,,,4,,4,,,,,2015-01-01,1279
ст.399 ч.3,3,8930,,,1,3990003,FE1R10P1,"Незаконные изготовление, производство, приобретени",Аќпаратты жасырын алудыѕ арнайы техникалыќ ќўралда,,,,,,,,,,,,,,,,,,,,,,,,,,,,,,,,,,,,,,,,,1,0,,,,,,,,,,,,,,,,,,,,,,,,,,,,,ALL,,,,,,,,,,ALL,01,,"05,06,11,",,,,,,,,,,,,3,7,,,,,2015-01-01,1280
ст.400,0,1650,,,2,4000001,FE1R10P1,Нарушение порядка организации и проведения собрани,"Жиналыстарды, митингілердi, пикеттерді, кґше шерул",,,,,,,,,,,,,,,,,,,,,,,,,,,,,,,,,,,,,,,,,1,0,,,NO,,,,,,,,,,,,,,,,,,,,,,,,,,,,,,,,,,,,,"05,06,09,12",,,,,200,,200,,200,,50,,,,,,,,,2015-01-01,1281
ст.401,1,3220,,,1,4010001,FE1R10P1,"Руководство запрещенной забастовкой, воспрепятство",Соєыс уаќытында немесе тґтенше жаєдай кезінде тыйы,,1,,,,,,,,,,,,,,,,,,,,,,,,,,,,,,,,,,,,,,,1,0,,,NO,,,,,,,,,,,,,,,,,,,,,,,,,,,,,,,,,ALL,,,,"05,06,09,11,01",,,,,2000,,2000,,600,,,,2,,2,,,,,2015-01-01,1282
ст.402 ч.1,1,2270,,,1,4020001,FE1R10P1,"Действия, провоцирующие к продолжению участия в за",Сот заѕсыз деп таныєан ереуілге ќатысуды жалєастыр,,,,,,,,,,,,,,,,,,,,,,,,,,,,,,,,,,,,,,,,,1,0,,,NO,,,,,,,,,,,,,,,,,,,,,,,,,,,,,,,,,,,,,"05,06,09,11,01",,,,,1000,,1000,,400,,,,1,,1,,02,,1,2015-01-01,1283
ст.402 ч.2,2,5030,,,1,4020002,FE1R10P1,"Действия, провоцирующие к продолжению участия в за",Сот заѕсыз деп таныєан ереуілге ќатысуды жалєастыр,,,,,ALL,,,,,,,,,,,,,,,,,,,,,,,,,,,,,,,,,,,,1,0,,,NO,,,,,,,,,,,,,,,,,,,,,,,,,,,,,,,,,,,,,"05,06,09,11,01",,,,,3000,,3000,,800,,,,3,,3,,02,,3,2015-01-01,1284
ст.403 ч.1,0,980,,,2,4030001,FE1R10P1,Незаконное вмешательство членов общественных объед,Ќоєамдыќ бiрлестiктер мїшелерiнiѕ мемлекеттiк орга,,1,,,,,,,,,,,,,,,,,,,,,,,,,,,,,,,,,,,,,,,1,0,,,NO,,,,,,,,,,,,,,,,,,,,,,,,,,,,,,,,,,,,,"05,06,09,12",,,,,160,,160,,160,,40,,,,,,02,,1,2015-01-01,1285
ст.403 ч.2,0,1980,,,2,4030002,FE1R10P1,Незаконное вмешательство членов общественных объед,Ќоєамдыќ бiрлестiктер мїшелерiнiѕ мемлекеттiк орга,,1,,,,,,,,,,,,,,,,,,,,,,,,,,,,,,,,,,,,,,,1,0,,,NO,,,,,,,,,,,,,,,,,,,,,,,,,,,,,,,,,,,,,"05,06,09,12",,,,,200,,200,,200,,50,,,,,02,,,3,2015-01-01,1286
ст.404 ч.1,3,8100,,,1,4040001,FE1R10P1,"Создание, руководство и участие в деятельности нез","Заѕсыз ќоєамдыќ жјне басќа да бiрлестiктер ќўру, о",,1,,,,,,,,,,,,,,,,,,,,,,,,,,,,,,,,,,,,,,,1,0,,,NO,,,,,,,,,,,,,,,,,,,,,,,,,,,,,,,,,,,,,"05,06,11,01",,,,,6000,,6000,,,,,,6,,6,02,,,6,2015-01-01,1287
ст.404 ч.2,3,9370,,,1,4040002,FE1R10P1,"Создание, руководство и участие в деятельности нез","Заѕсыз ќоєамдыќ жјне басќа да бiрлестiктер ќўру, о",,"EKS,",,,,,,,,,,,,,,,,,,,,,,,,,,,,,,,,,,,,,,,1,0,,,,,,,,,,,,,,,,,,,,,,,,,,,,,,,,,,,,,,,,01,,"05,06,11,",,,,,,,,,,,,3,7,02,,,3,2015-01-01,1288
ст.404 ч.3,3,8010,,,1,4040003,FE1R10P1,"Создание, руководство и участие в деятельности нез","Заѕсыз ќоєамдыќ жјне басќа да бiрлестiктер ќўру, о",,"EKS,",,,,,,,,,,,,,,,,,,,,,,,,,,,,,,,,,,,,,,,1,0,,,,,,,,,,,,,,,,,,,,,,,,,,,,,,,,,,,,,,,,"05,06,11,01",,,,,6000,,6000,,,,,,6,,6,,,,,2015-01-01,1289
ст.405 ч.1,3,8080,,,1,4050001,FE1R10P1,Организация и участие в деятельности общественного,Ќоєамдыќ немесе дiни бiрлестiктiѕ не ґзге де ўйымн,,"EKS,",,,,,,,,,,,,,,,,,,,,,,,,,,,,,,,,,,,,,,,1,0,,,NO,,,,,,,,,,,,,,,,,,,,,,,,,,,,,,,,,,,,,"05,06,11,01",,,,,6000,,6000,,,,,,6,,6,,"02,04",,5,2015-01-01,1290
ст.405 ч.2,1,2620,,,1,4050002,FE1R10P1,Организация и участие в деятельности общественного,Ќоєамдыќ немесе дiни бiрлестiктiѕ не ґзге де ўйымн,,"1,EKS,",,,,,,,,,,,,,,,,,,,,,,,,,,,,,,,,,,,,,,,1,0,,,NO,,,,,,,,,,,,,,,,,,,,,,,,,,,,,,,,,,,,,"05,06,11,01",,,,,2000,,2000,,,,,,2,,2,,"02,04",,3,2015-01-01,1291
ст.406,0,1660,1,,2,4060001,FE1R10P1,Оказание содействия политическим партиям и професс,Шет мемлекеттердiѕ саяси партиялары мен кјсiптiк о,,,,,,,,,,,ALL,,,,,,,,,,,,,,,,,,,,,,,,,,,,,,1,0,,,NO,,,,,,,,,,,,,,,,,,,,,,,,,,,,,,,,,,,,,"05,06,09,12",,,,,200,,200,,200,,50,,,,,,,,,2015-01-01,1292
ст.407 ч.1,1,3230,,,1,4070001,FE1R10P1,Воспрепятствование осуществлению правосудия и прои,Сот тґрелiгiн жїзеге асыруєа жјне сотќа дейінгі те,,,,,,,,,,,ALL,,,,,,,,,,,,,,,,,,,,,,,,,,,,,,1,0,,,NO,,,,,,,,,,,,,,,,,,,,,,,,,,,,,,,,,,,,,"05,06,09,11,01",,,,,2000,,2000,,600,,,,2,,2,,,,,2015-01-01,1293
ст.407 ч.2,0,940,,,2,4070002,FE1R10P1,Воспрепятствование осуществлению правосудия и прои,Сот тґрелiгiн жїзеге асыруєа жјне сотќа дейінгі те,,,,,,,,,,,ALL,,,,,,,,,,,,,,,,,,,,,,,,,,,,,,1,0,,,NO,,,,,,,,,,,,,,,,,,,,,,,,,,,,,,,,,,,,,"05,06,09,12",,,,,160,,160,,160,,40,,,,,,,,,2015-01-01,1294
ст.407 ч.3,2,5040,,,1,4070003,FE1R10P1,Воспрепятствование осуществлению правосудия и прои,Сот тґрелiгiн жїзеге асыруєа жјне сотќа дейінгі те,,,,,,,,,,,ALL,,,,,,,,,,,,,,,,,,,,,,,,,,,,,,1,0,,,NO,,,,,,,,,,,,,,,,,,,,,,,,,,,,,,,,,,,ALL,,"05,06,09,11,01",,,,,3000,,3000,,800,,,,3,,3,,02,,3,2015-01-01,1295
ст.408,4,14460,,,1,4080001,FE1R10P1,"Посягательство на жизнь лица, осуществляющего прав",Сот тґрелiгiн немесе сотќа дейінгі тергеп-тексеруд,,1,,,,,,,,,ALL,,,,,,,,,,,,,,,,,,,,,,,,,,,,,,1,0,,,NO,,,,,,,,,,,,,,,,,,,,ALL,,,,,,,,,,ALL,,,,,,,"01,03",,"05,06,11,",,,,,,,,,,,,15,20,,,,,2015-01-01,1296
ст.409 ч.1,2,4780,,,1,4090001,FE1R10P1,Угроза или насильственные действия в связи с осуще,Сот тґрелiгiн немесе сотќа дейінгі тергеп-тексеруд,,,,,,,,,,,ALL,,,,,,,,,,,,,,,,,,,,,,,,,,,,,,1,0,,,NO,,,NO,,,,,,,,,,,,,,,,,,,,,,,,,,,ALL,,,,,,,"05,06,09,11,01",,,,,3000,,3000,,800,,,,3,,3,,,,,2015-01-01,1297
ст.409 ч.2,1,3240,,,1,4090002,FE1R10P1,Угроза или насильственные действия в связи с осуще,Сот тґрелiгiн немесе сотќа дейінгі тергеп-тексеруд,,,,,,,,,,,ALL,,,,,,,,,,,,,,,,,,,,,,,,,,,,,,1,0,,,NO,,,NO,,,,,,,,,,,,,,,,,,,,,,,,,,05,,,,,,,,"05,06,09,11,01",,,,,2000,,2000,,600,,,,2,,2,,,,,2015-01-01,1298
ст.409 ч.3,2,6920,,,1,4090003,FE1R10P1,Угроза или насильственные действия в связи с осуще,Сот тґрелiгiн немесе сотќа дейінгі тергеп-тексеруд,,,,,,,,,,,ALL,,,,,,,,,,,,,,,,,,,,,,,,,,,,,,1,0,,,NO,,,ALL,,,,,,,,,,,,,,,,,,,,,,,01,,,,,,,"02,03",,,01,"09,11,01",,"05,06,",,,,,,,1200,,,,5,,5,,,,,2015-01-01,1299
ст.409 ч.4,3,11230,,,1,4090004,FE1R10P1,Угроза или насильственные действия в связи с осуще,Сот тґрелiгiн немесе сотќа дейінгі тергеп-тексеруд,,,,,,,,,,,,,,,,,,,,,,,,,,,,,,,,,,,,,,,,,1,0,,,NO,,,ALL,,,,,,,,,,,,,,,,,,,,,,,,,,,,03,,,,,,01,,"05,06,11,",,,,,,,,,,,,5,10,,,,,2015-01-01,1300
ст.410 ч.1,0,950,,,2,4100001,FE1R10P1,Неуважение к суду,Сотты ќўрметтемеу,,,,,,,,,,,ALL,,,,,,,,,,,,,,,,,,,,,,,,,,,,,,1,0,,,NO,,,,,,,,,,,,,,,,,,,,,,,,,,,,,,,,,,,,,"05,06,09,12",,,,,160,,160,,160,,40,,,,,,,,,2015-01-01,1301
ст.410 ч.2,0,1670,,,2,4100002,FE1R10P1,Неуважение к суду,Сотты ќўрметтемеу,,,,,,,,,,,ALL,,,,,,,,,,,,,,,,,,,,,,,,,,,,,,1,0,,,NO,,,,,,,,,,,,,,,,,,,,,,,,,,,,,,,,,,,,,"05,06,09,12",,,,,200,,200,,200,,50,,,,,,,,,2015-01-01,1302
ст.411 ч.1,1,3250,,,1,4110001,FE1R10P1,"Клевета в отношении судьи, присяжного заседателя,","Судьяєа, алќабиге, прокурорєа, сотќа дейінгі терге",,,,,,,,,,,,,,,,,,,,,,,,,,,,,,,,,,,,,,,,,1,0,,,NO,,,,,,,,,,,,,,,,,,,,,,,,,,,,,,ALL,,,,,,,"05,06,09,11,01",,,,,2000,,2000,,600,,,,2,,2,,,,,2015-01-01,1303
ст.411 ч.2,1,3260,,,1,4110002,FE1R10P1,"Клевета в отношении судьи, присяжного заседателя,","Судьяєа, алќабиге, прокурорєа, сотќа дейінгі терге",,,,,,,,,,,,,,,,,,,,,,,,,,,,,,,,,,,,,,,,,1,0,,,,,,,,,,,,,,,,,,,,,,,,,,,,,,,,,,,,,,,,"05,06,09,11,01",,,,,2000,,2000,,600,,,,2,,2,,,,,2015-01-01,1304
ст.411 ч.3,2,5720,,,1,4110003,FE1R10P1,"Клевета в отношении судьи, присяжного заседателя,","Судьяєа, алќабиге, прокурорєа, сотќа дейінгі терге",,,,,,,,,,,,,,,,,,,,,,,,,,,,,,,,,,,,,,,,,1,0,,,,,,,,,,,,,,,,,,,,,,,,,,,,ALL,,,,,,,,,,,,"05,06,09,11,01",,,,,4000,,4000,,1000,,,,4,,4,,,,,2015-01-01,1305
ст.412 ч.1,3,8490,,,1,4120001,FE1R10P1,Привлечение заведомо невиновного к уголовной ответ,Кґрiнеу кiнјсiз адамды ќылмыстыќ жауаптылыќќа тарт,,,,,,,,,,,ALL,,,,,,,,,,,,,,,,,,,,,,,,,,,,,,1,0,,,NO,,,,,,,,,,,,,,,,,,,,,,,,,,,,,,,,,,,,,"11,01",,"05,06,",,,,,,,,,,,7,,7,02,,,5,2020-01-11,1306
ст.412 ч.1,3,7950,,,1,4120001,FE1R10P1,Привлечение заведомо невиновного к уголовной ответ,Кґрiнеу кiнјсiз адамды ќылмыстыќ жауаптылыќќа тарт,,,,,,,,,,,ALL,,,,,,,,,,,,,,,,,,,,,,,,,,,,,,2,0,,,NO,,,,,,,,,,,,,,,,,,,,,,,,,,,,,,,,,,,,,"11,01",,"05,06,",,,,,,,,,,,6,,6,02,,,3,2015-01-01,1307
ст.412 ч.2,3,11830,,,1,4120002,FE1R10P1,Привлечение заведомо невиновного к уголовной ответ,Кґрiнеу кiнјсiз адамды ќылмыстыќ жауаптылыќќа тарт,,,,,,,,,,,ALL,,,,,,,,,,,,,,,,,,,,,,,,,,,,,,2,0,,,NO,,,,,,,,,,,,,,,,,,,,,,,,,ALL,,,,,,,,,,,,01,,"05,06,11,",,,,,,,,,,,,5,10,02,,,5,2015-01-01,1308
ст.412 ч.2,3,12200,,,1,4120002,FE1R10P1,Привлечение заведомо невиновного к уголовной ответ,Кґрiнеу кiнјсiз адамды ќылмыстыќ жауаптылыќќа тарт,,,,,,,,,,,ALL,,,,,,,,,,,,,,,,,,,,,,,,,,,,,,1,0,,,NO,,,,,,,,,,,,,,,,,,,,,,,,,ALL,,,,,,,,,,,,01,,"05,06,11,",,,,,,,,,,,,7,10,02,,,7,2020-01-11,1309
ст.412-1 ч.1,2,7770,,,1,4120101,FE1R10P1,Провокация преступления,Ќылмыс жасауєа арандату,,,,,,,,,,,ALL,,,,,,,,,,,,,,,,,,,,,,,,,,,,,,1,0,,,NO,,,,,,,,,,,,,,,,,,,,,,,,,,,,,,,,,,,,,01,,"05,06,11,",,,,,,,,,,,,3,5,02,,,7,2020-10-17,1310
ст.412-1 ч.2,3,11850,,,1,4120102,FE1R10P1,Провокация преступления,Ќылмыс жасауєа арандату,,,,,,,,,,,ALL,,,,,,,,,,,,,,,,,,,,,,,,,,,,,,1,0,,,NO,,,,,,,,,,,,,,,,,,,,,,,,,,,,,,,,,,,,,01,,"05,06,11,",,,,,,,,,,,,5,10,02,,,10,2020-10-17,1311
ст.412-1 ч.3,3,13150,,,1,4120103,FE1R10P1,Провокация преступления,Ќылмыс жасауєа арандату,"01,02",,,,,,,,,,ALL,,,,,,,,,,,,,,,,,,,,,,,,,,,,,,1,0,,,NO,,,,,,,,,,,,,,,,,,,,,,,,,01,02,,,,,,,,,,02,01,,"05,06,11,",,,,,,,,,,,,10,12,02,,,10,2020-10-17,1312
ст.413,3,9710,,,1,4130001,FE1R10P1,Заведомо незаконное освобождение от уголовной отве,Ќылмыстыќ жауаптылыќтан кґрiнеу заѕсыз босату,,,,,,,,,,,ALL,,,,,,,,,,,,,,,,,,,,,,,,,,,,,,1,0,,,NO,,,,,,,,,,,,,,,,,,,,,,,,,,,,,,,,,,,,,"11,01",,"05,06,",,,,,,,,,,3,7,3,7,02,,,5,2015-01-01,1313
ст.414 ч.1,2,6910,,,1,4140001,FE1R10P1,"Заведомо незаконные задержание, заключение под стр","Кґрiнеу заѕсыз ўстап алу, кїзетпен ќамауєа алу нем",,,,,,,,,,,,,,,,,,,,,,,,,,,,,,,,,,,,,,,,,1,0,,,NO,,,,,,,,,,,,,,,,,,,,,,,,,,,,,,,,,,,,,"05,06,09,11,01",,,,,5000,,5000,,1000,,,,5,,5,02,,,5,2020-01-11,1314
ст.414 ч.1,2,5290,,,1,4140001,FE1R10P1,"Заведомо незаконные задержание, заключение под стр","Кґрiнеу заѕсыз ўстап алу, кїзетпен ќамауєа алу нем",,,,,,,,,,,,,,,,,,,,,,,,,,,,,,,,,,,,,,,,,2,0,,,NO,,,,,,,,,,,,,,,,,,,,,,,,,,,,,,,,,,,,,"05,06,09,11,01",,,,,3000,,3000,,800,,,,3,,3,02,,,3,2015-01-01,1315
ст.414 ч.2,2,7010,,,1,4140002,FE1R10P1,"Заведомо незаконные задержание, заключение под стр","Кґрiнеу заѕсыз ўстап алу, кїзетпен ќамауєа алу нем",,,,,,,,,,,,,,,,,,,,,,,,,,,,,,,,,,,,,,,,,2,0,,,NO,,,,,,,,,,,,,,,,,,,,,,,,,,,,,,,,,,,,,"05,06,09,11,01",,,,,3000,,3000,,1200,,,,5,,5,02,,,3,2015-01-01,1316
ст.414 ч.2,3,8660,,,1,4140002,FE1R10P1,"Заведомо незаконные задержание, заключение под стр","Кґрiнеу заѕсыз ўстап алу, кїзетпен ќамауєа алу нем",,,,,,,,,,,,,,,,,,,,,,,,,,,,,,,,,,,,,,,,,1,0,,,NO,,,,,,,,,,,,,,,,,,,,,,,,,,,,,,,,,,,,,"05,06,09,11,01",,,,,5000,,5000,,1200,,,,7,,7,02,,,6,2020-01-11,1317
ст.414 ч.3,3,10900,,,1,4140003,FE1R10P1,"Заведомо незаконные задержание, заключение под стр","Кґрiнеу заѕсыз ўстап алу, кїзетпен ќамауєа алу нем",,,,,,,,,,,,,,,,,,,,,,,,,,,,,,,,,,,,,,,,,1,0,,,NO,,,,,,,,,,,,,,,,,,,,,,,,,ALL,,,,,,,,,,,,01,,"05,06,11,",,,,,,,,,,,,3,10,02,,,7,2020-01-11,1318
ст.414 ч.3,3,10520,,,1,4140003,FE1R10P1,"Заведомо незаконные задержание, заключение под стр","Кґрiнеу заѕсыз ўстап алу, кїзетпен ќамауєа алу нем",,,,,,,,,,,,,,,,,,,,,,,,,,,,,,,,,,,,,,,,,2,0,,,NO,,,,,,,,,,,,,,,,,,,,,,,,,ALL,,,,,,,,,,,,01,,"05,06,11,",,,,,,,,,,,,3,8,02,,,5,2015-01-01,1319
ст.414 ч.4,0,1010,,,2,4140004,FE1R10P1,"Заведомо незаконные задержание, заключение под стр","Кґрiнеу заѕсыз ўстап алу, кїзетпен ќамауєа алу нем",,,,,,,,,,,,,,,,,,,,,,,,,,,,,,,,,,,,,,,,,2,0,,,NO,,,,,,,,,,,,,,,,,,,,,,,,,,,,,,,,,,,,,"05,06,09,12",,,,,160,,160,,160,,40,,,,,,02,,2,2015-01-01,1320
ст.414 ч.4,0,2010,,,2,4140004,FE1R10P1,"Заведомо незаконные задержание, заключение под стр","Кґрiнеу заѕсыз ўстап алу, кїзетпен ќамауєа алу нем",,,,,,,,,,,,,,,,,,,,,,,,,,,,,,,,,,,,,,,,,1,0,,,NO,,,,,,,,,,,,,,,,,,,,,,,,,,,,,,,,,,,,,"05,06,09,12",,,,,200,,200,,260,10,50,,,,,,02,,3,2020-01-11,1321
ст.415,2,5790,,,1,4150001,FE1R10P1,Принуждение к даче показаний,Айєаќтар беруге мјжбїрлеу,,,,,,,,,,,ALL,,,,,,,,,,,,,,,,,,,,,,,,,,,,,,2,0,,,NO,,,,,,,,,,,,,,,,,,,,,,,,,,,,,,,,,,,,,"05,06,09,11,01",,,,,4000,,4000,,1000,,,,4,,4,,02,,3,2015-01-01,1322
ст.415,2,5580,,,1,4150001,FE1R10P1,Принуждение к даче показаний,Айєаќтар беруге мјжбїрлеу,,,,,,,,,,,ALL,,,,,,,,,,,,,,,,,,,,,,,,,,,,,,1,0,,,NO,,,,,,,,,,,,,,,,,,,,,,,,,,,,,,,,,,,,,"05,06,11,01",,,,,5000,,5000,,,,,,4,,4,,02,,3,2020-01-11,1323
ст.416 ч.1,1,3270,,,1,4160001,FE1R10P1,Фальсификация доказательств и оперативно-розыскных,Дјлелдемелерді жјне жедел-іздестіру материалдарын,,,,,,,,,,,ALL,,,,,,,,,,,,,,,,,,,,,,,,,,,,,,2,0,,,NO,,,,,,,,,,,,,,,,,,,,,,,,,,,,,,,,,,,,,"05,06,09,11,01",,,,,2000,,2000,,600,,,,2,,2,,,,,2015-01-01,1324
ст.416 ч.1,2,5390,,,1,4160001,FE1R10P1,Фальсификация доказательств и оперативно-розыскных,Дјлелдемелерді жјне жедел-іздестіру материалдарын,,,,,,,,,,,ALL,,,,,,,,,,,,,,,,,,,,,,,,,,,,,,1,0,,,NO,,,,,,,,,,,,,,,,,,,,,,,,,,,,,,,,,,,,,"05,06,09,11,01",,,,,3000,,3000,,1000,,,,3,,3,,,,,2020-01-11,1325
ст.416 ч.2,2,5300,,,1,4160002,FE1R10P1,Фальсификация доказательств и оперативно-розыскных,Дјлелдемелерді жјне жедел-іздестіру материалдарын,,,,,,,,,,,ALL,,,,,,,,,,,,,,,,,,,,,,,,,,,,,,2,0,,,NO,,,,,,,,,,,,,,,,,,,,,,,,,,,,,,,,,,,,,"05,06,09,11,01",,,,,3000,,3000,,800,,,,3,,3,02,,,3,2015-01-01,1326
ст.416 ч.2,2,7030,,,1,4160002,FE1R10P1,Фальсификация доказательств и оперативно-розыскных,Дјлелдемелерді жјне жедел-іздестіру материалдарын,,,,,,,,,,,ALL,,,,,,,,,,,,,,,,,,,,,,,,,,,,,,1,0,,,NO,,,,,,,,,,,,,,,,,,,,,,,,,,,,,,,,,,,,,"05,06,09,11,01",,,,,4000,,4000,,1200,,,,5,,5,02,,,5,2020-01-11,1327
ст.416 ч.3,2,5870,,,1,4160003,FE1R10P1,Фальсификация доказательств и оперативно-розыскных,Дјлелдемелерді жјне жедел-іздестіру материалдарын,,,,,,,,,,,,,,,,,,,,,,,,,,,,,,,,,,,,,,,,,2,0,,,,,,,,,,,,,,,,,,,,,,,,,,,,,,,,,,,,,,,,"05,06,09,11,01",,,,,4000,,4000,,1000,,,,4,,4,02,,,3,2015-01-01,1328
ст.416 ч.3,3,8000,,,1,4160003,FE1R10P1,Фальсификация доказательств и оперативно-розыскных,Дјлелдемелерді жјне жедел-іздестіру материалдарын,,,,,,,,,,,,,,,,,,,,,,,,,,,,,,,,,,,,,,,,,1,0,,,,,,,,,,,,,,,,,,,,,,,,,,,,,,,,,,,,,,,,"05,06,11,01",,,,,5000,,5000,,,,,,6,,6,02,,,6,2020-01-11,1329
ст.416 ч.4,3,8630,,,1,4160004,FE1R10P1,Фальсификация доказательств и оперативно-розыскных,Дјлелдемелерді жјне жедел-іздестіру материалдарын,,,,,,,,,,,,,,,,,,,,,,,,,,,,,,,,,,,,,,,,,1,0,,,,,,,,,,,,,,,,,,,,,,,,,,,,,,,,,,,,,,,,"05,06,11,01",,,,,6000,,6000,,,,,,7,,7,02,,,7,2020-01-11,1330
ст.416 ч.4,2,6870,,,1,4160004,FE1R10P1,Фальсификация доказательств и оперативно-розыскных,Дјлелдемелерді жјне жедел-іздестіру материалдарын,,,,,,,,,,,,,,,,,,,,,,,,,,,,,,,,,,,,,,,,,2,0,,,,,,,,,,,,,,,,,,,,,,,,,,,,,,,,,,,,,,,,"05,06,11,01",,,,,5000,,5000,,,,,,5,,5,02,,,3,2015-01-01,1331
ст.416 ч.5,3,10540,,,1,4160005,FE1R10P1,Фальсификация доказательств и оперативно-розыскных,Дјлелдемелерді жјне жедел-іздестіру материалдарын,,,,,,,,,,,,,,,,,,,,,,,,,,,,,,,,,,,,,,,,,1,0,,,,,,,,,,,,,,,,,,,,,,,,,,,,,,,,,,,,,,,,01,,"05,06,11,",,,,,,,,,,,,3,8,02,,,7,2020-01-11,1332
ст.416 ч.5,3,9680,,,1,4160005,FE1R10P1,Фальсификация доказательств и оперативно-розыскных,Дјлелдемелерді жјне жедел-іздестіру материалдарын,,,,,,,,,,,,,,,,,,,,,,,,,,,,,,,,,,,,,,,,,2,0,,,,,,,,,,,,,,,,,,,,,,,,,,,,,,,,,,,,,,,,"11,01",,"05,06,",,,,,,,,,,3,7,3,7,02,,,3,2015-01-01,1333
ст.416 ч.6,3,10130,,,1,4160006,FE1R10P1,Фальсификация доказательств и оперативно-розыскных,Дјлелдемелерді жјне жедел-іздестіру материалдарын,,,,,,,,,,,,,,,,,,,,,,,,,,,,,,,,,,,,,,,,,2,0,,,,,,,,,,,,,,,,,,,,,,,,,,,,ALL,,,,,,,,,,,,"11,01",,"05,06,",,,,,,,,,,5,7,5,7,02,,,3,2015-01-01,1334
ст.416 ч.6,3,11840,,,1,4160006,FE1R10P1,Фальсификация доказательств и оперативно-розыскных,Дјлелдемелерді жјне жедел-іздестіру материалдарын,,,,,,,,,,,,,,,,,,,,,,,,,,,,,,,,,,,,,,,,,1,0,,,,,,,,,,,,,,,,,,,,,,,,,,,,ALL,,,,,,,,,,,,01,,"05,06,11,",,,,,,,,,,,,5,10,02,,,8,2020-01-11,1335
ст.417 ч.1,2,7140,,,1,4170001,FE1R10P1,Провокация коммерческого подкупа либо взяточничест,Парамен коммерциялыќ сатып алуєа не параќорлыќќа а,,1,,,,,,,,,,,,,,,,,,,,,,,,,,,,,,,,,,,,,,,2,0,,,NO,,,,,,,,,,,,,,,,,,,,,,,,,,,,,,,,,,,,,"05,06,09,11,01",,,,,5000,,5000,,1200,,,,5,,5,,,,,2015-01-01,1336
ст.417 ч.1,3,8050,,,1,4170001,FE1R10P1,Провокация коммерческого подкупа либо взяточничест,Парамен коммерциялыќ сатып алуєа не параќорлыќќа а,,,,,,,,,,,,,,,,,,,,,,,,,,,,,,,,,,,,,,,,,1,0,,,NO,,,,,,,,,,,,,,,,,,,,,,,,,,,,,,,,,,,,,"05,06,11,01",,,,,6000,,6000,,,,,,6,,6,,,,,2020-01-11,1337
ст.417 ч.2,3,10530,,,1,4170002,FE1R10P1,Провокация коммерческого подкупа либо взяточничест,Парамен коммерциялыќ сатып алуєа не параќорлыќќа а,,,,,,,,,,,,,,,,,,,,,,,,,,,,,,,,,,,,,,,,,1,0,,,NO,,,,,,,,,,,,,,,,,,,,,,,,,,,,,,,,,,,,,01,,"05,06,11",,,,,,,,,,,,3,8,02,,,5,2020-01-11,1338
ст.417 ч.2,3,9690,,,1,4170002,FE1R10P1,Провокация коммерческого подкупа либо взяточничест,Парамен коммерциялыќ сатып алуєа не параќорлыќќа а,,,,,,,,,,,,,,,,,,,,,,,,,,,,,,,,,,,,,,,,,2,0,,,NO,,,,,,,,,,,,,,,,,,,,,,,,,,,,,,,,,,,,,"11,01",,"05,06,",,,,,,,,,,3,7,3,7,02,,,3,2015-01-01,1339
ст.418 ч.1,3,8170,,,1,4180001,FE1R10P1,"Вынесение заведомо неправосудных приговора, решени","Кґрiнеу јдiлетсiз сот їкiмiн, шешiмiн немесе ґзге",,,,,,,,,,,,,,,,,,,,,,,,,,,,,,,,,,,,,,,,,1,0,,,NO,,,,,,,,,,,,,,,,,,,,,,,,,,,,,,,,,,,,,01,,"05,06,11,",,,,,,,,,,,,2,6,02,,,5,2015-01-01,1340
ст.418 ч.2,3,12000,,,1,4180002,FE1R10P1,"Вынесение заведомо неправосудных приговора, решени","Кґрiнеу јдiлетсiз сот їкiмiн, шешiмiн немесе ґзге",,,,,,,,,,,,,,,,,,,,,,,,,,,,,,,,,,,,,,,,,1,0,,,NO,,,,,,,,,,,,,,,,,,,,,,,,,ALL,,,,,,,,,,,,01,,"05,06,11,",,,,,,,,,,,,6,10,02,,,10,2015-01-01,1341
ст.419 ч.1,0,150,,,2,4190001,FE1R10P1,Заведомо ложный донос,Кґрiнеу жалєан сґз жеткiзу,,,,,,,,,,,,,,,,,,,,,,,,,,,,,,,,,,,,,,,,,2,0,,,NO,,,,,,,,,,,,,,,,,,,,,,,,,,,,,,,,,,,,,"05,06,09",,,,,160,,160,,160,,,,,,,,,,,2015-01-01,1342
ст.419 ч.1,0,170,,,2,4190001,FE1R10P1,Заведомо ложный донос,Кґрiнеу жалєан сґз жеткiзу,,,,,,,,,,,,,,,,,,,,,,,,,,,,,,,,,,,,,,,,,1,0,,,NO,,,,,,,,,,,,,,,,,,,,,,,,,,,,,,,,,,,,,"05,06,09",,,,,200,,200,,200,,,,,,,,,,,2020-01-11,1343
ст.419 ч.2,2,6900,,,1,4190002,FE1R10P1,Заведомо ложный донос,Кґрiнеу жалєан сґз жеткiзу,,,,,,,,,,,,,,,,,,,,,,,,,,,,,,,,,,,,,,,,,1,0,,,,,,,,,,,,,,,,,,,,,,,,,,,,,,,,,,,,,,,,"05,06,09,11,01",,,,,4000,,4000,,1000,,,,5,,5,,,,,2020-01-11,1344
ст.419 ч.2,2,4790,,,1,4190002,FE1R10P1,Заведомо ложный донос,Кґрiнеу жалєан сґз жеткiзу,,,,,,,,,,,,,,,,,,,,,,,,,,,,,,,,,,,,,,,,,2,0,,,,,,,,,,,,,,,,,,,,,,,,,,,,,,,,,,,,,,,,"05,06,09,11,01",,,,,3000,,3000,,800,,,,3,,3,,,,,2015-01-01,1345
ст.419 ч.3,3,9570,,,1,4190003,FE1R10P1,Заведомо ложный донос,Кґрiнеу жалєан сґз жеткiзу,,,,,,,,,,,,,,,,,,,,,,,,,,,,,,,,,,,,,,,,,2,0,,,,,,,,,,,,,,,,,,,,,,,,,,,,,,,,,,,,,,,,"11,01",,"05,06,",,,,,,,,,,3,7,3,7,,,,,2015-01-01,1346
ст.419 ч.3,3,10410,,,1,4190003,FE1R10P1,Заведомо ложный донос,Кґрiнеу жалєан сґз жеткiзу,,,,,,,,,,,,,,,,,,,,,,,,,,,,,,,,,,,,,,,,,1,0,,,,,,,,,,,,,,,,,,,,,,,,,,,,,,,,,,,,,,,,01,,"05,06,11",,,,,,,,,,,,3,8,,,,,2020-01-11,1347
ст.419 ч.4,3,11240,,,1,4190004,FE1R10P1,Заведомо ложный донос,Кґрiнеу жалєан сґз жеткiзу,,,,,,,,,,,,,,,,,,,,,,,,,,,,,,,,,,,,,,,,,2,0,,,,,,,,,,,,,,,,,,,,,,,,,,,,,ALL,,,,,,,,,,ALL,01,,"05,06,11,",,,,,,,,,,,,5,10,,,,,2015-01-01,1348
ст.419 ч.4,3,12270,,,1,4190004,FE1R10P1,Заведомо ложный донос,Кґрiнеу жалєан сґз жеткiзу,,,,,,,,,,,,,,,,,,,,,,,,,,,,,,,,,,,,,,,,,1,0,,,,,,,,,,,,,,,,,,,,,,,,,,,,,ALL,,,,,,,,,,ALL,01,,"05,06,11,",,,,,,,,,,,,5,12,,,,,2020-01-11,1349
ст.420 ч.1,3,7910,,,1,4200001,FE1R10P1,"Заведомо ложные показания, заключения эксперта, сп","Сарапшыныѕ, маманныѕ кґрiнеу жалєан айєаќтары, ќор",,,,,,,,,,,,,,,,,,,,,,,,,,,,,,,,,,,,,,,,,1,0,,,NO,,,,,,,,,,,,,,,,,,,,,,,,,,,,,,,,,,,,,"11,01",,"05,06,",,,,,,,,,,,6,,6,,,,,2015-01-01,1350
ст.420 ч.2,3,11250,,,1,4200002,FE1R10P1,"Заведомо ложные показания, заключения эксперта, сп","Сарапшыныѕ, маманныѕ кґрiнеу жалєан айєаќтары, ќор",,,,,,,,,,,,,,,,,,,,,,,,,,,,,,,,,,,,,,,,,1,0,,,NO,,,,,,,,,,,,,,,,,,,,,,,,,,,,,,,,,,,,,01,,"05,06,11,",,,,,,,,,,,,5,10,,,,,2015-01-01,1351
ст.421,2,7150,,,1,4210001,FE1R10P1,Отказ свидетеля или потерпевшего от дачи показаний,Кујніѕ немесе жјбiрленушiнiѕ айєаќтар беруден бас,,,,,,,,,,,,,,,,,,,,,,,,,,,,,,,,,,,,,,,,,1,0,,,NO,,,,,,,,,,,,,,,,,,,,,,,,,,,,,,,,,,,,,"05,06,09,11,01",,,,,5000,,5000,,1200,,,,5,,5,,,,,2015-01-01,1352
ст.422 ч.1,2,5730,,,1,4220001,FE1R10P1,Подкуп или принуждение к даче ложных показаний или,Жалєан айєаќтар беруді немесе айєаќтар беруден жал,,,,,,,,,,,,,,,,,,,,,,,,,,,,,,,,,,,,,,,,,1,0,,,NO,,,NO,,,,,,,,,,,,,,,,,,,,,,,,,,,,,,,,,,"05,06,09,11,01",,,,,4000,,4000,,1000,,,,4,,4,,,,,2015-01-01,1353
ст.422 ч.2,2,7160,,,1,4220002,FE1R10P1,Подкуп или принуждение к даче ложных показаний или,Жалєан айєаќтар беруді немесе айєаќтар беруден жал,,,,,,,,,ALL -,,,,,,,,,,,,,,,,,,,,,,,,,,,,,,,,1,0,,,NO,,,NO,,,,,,,,,,,,,,,,,,,,,,,,,,,,,,,,,,"05,06,09,11,01",,,,,5000,,5000,,1200,,,,5,,5,,,,,2015-01-01,1354
ст.422 ч.3,3,7920,1,,1,4220003,FE1R10P1,Подкуп или принуждение к даче ложных показаний или,Жалєан айєаќтар беруді немесе айєаќтар беруден жал,,,,,,,,,,,,,,,,,,,,,,,,,,,,,,,,,,,,,,,,,1,0,,,NO,,,ALL,,,,,,,,,,,,,,,,,,,,,,,,,,,,,,,,,,"11,01",,"05,06,",,,,,,,,,,,6,,6,,,,,2015-01-01,1355
ст.422 ч.4,3,10190,1,,1,4220004,FE1R10P1,Подкуп или принуждение к даче ложных показаний или,Жалєан айєаќтар беруді немесе айєаќтар беруден жал,,,,,,,,,,,,,,,,,,,,,,,,,,,,,,,,,,,,,,,,,1,0,,,NO,,,,,,,,,,,,,,,,,,,,,,,,,,ALL,,,,,,,,,,ALL,01,,"05,06,11,",,,,,,,,,,,,2,8,,,,,2015-01-01,1356
ст.423,1,3280,,,1,4230001,FE1R10P1,Разглашение данных досудебного производства или за,Разглашение данных досудебного производства или за,,,,,,,,,,,,,,,,,,,,,,,,,,,,,,,,,,,,,,,,,1,0,,,NO,,,,,,,,,,,,,,,,,,,,,,,,,,,,,,,,,,,,,"05,06,09,11,01",,,,,2000,,2000,,600,,,,2,,2,,,,,2015-01-01,1357
ст.424 ч.1,2,4800,,,1,4240001,FE1R10P1,"Разглашение сведений о мерах безопасности, применя",Мемлекеттік ќорєауєа жататын адамдарєа ќатысты ќол,,,,,,,,,,,,,,,,,,,,,,,,,,,,,,,,,,,,,,,,,1,0,,,NO,,,,,,,,,,,,,,,,,,,,,,,,,,,,,,,,,,,,,"05,06,09,11,01",,,,,3000,,3000,,800,,,,3,,3,,,,,2015-01-01,1358
ст.424 ч.2,3,8020,,,1,4240002,FE1R10P1,"Разглашение сведений о мерах безопасности, применя",Мемлекеттік ќорєауєа жататын адамдарєа ќатысты ќол,,,,,,,,,,,,,,,,,,,,,,,,,,,,,,,,,,,,,,,,,1,0,,,NO,,,,,,,,,,,,,,,,,,,,,,,,,ALL,,,,,,,,,,,ALL,"05,06,11,01",,,,,6000,,6000,,,,,,6,,6,,,,,2015-01-01,1359
ст.425 ч.1,1,3290,,,1,4250001,FE1R10P1,"Незаконные действия в отношении имущества, подверг",Тізімдеме жасалєан немесе тыйым салынєан не тјркiл,,,,,,,,,,,,,,,,,,,,,,,,,,,,,,,,,,,,,,,,,1,0,,,NO,,,,,,,,,,,,,,,,,,,,,,,,,,,,,,,,,,,,,"05,06,09,11,01",,,,,2000,,2000,,600,,,,2,,2,,,,,2015-01-01,1360
ст.425 ч.2,2,7170,,,1,4250002,FE1R10P1,"Незаконные действия в отношении имущества, подверг",Тізімдеме жасалєан немесе тыйым салынєан не тјркiл,,,,,,,,,,,,,,,,,,,,,,,,,,,,,,,,,,,,,,,,,1,0,,,,,,,,,,,,,,,,,,,,,,,,,,,,,,,,,,,,,,,,"05,06,09,11,01",,,,,5000,,5000,,1200,,,,5,,5,,,,,2015-01-01,1361
ст.425 ч.3,2,5640,,,1,4250003,FE1R10P1,"Незаконные действия в отношении имущества, подверг",Тізімдеме жасалєан немесе тыйым салынєан не тјркiл,"01,02",,,,,,,,,,,,,,,,,,,,,,,,,,,,,,,,,,,,,,,,1,0,,,,,,,,,,,,,,,,,,,,,,,,,,,02,,01,,,,,,,,,,,"05,06,09,11,01",,,,,3000,,3000,,1000,,,,4,,4,01,02,,3,2020-01-11,1362
ст.425 ч.4,3,8780,,,1,4250004,FE1R10P1,"Незаконные действия в отношении имущества, подверг",Тізімдеме жасалєан немесе тыйым салынєан не тјркiл,,,,,,,,,,,,,,,,,,,,,,,,,,,,,,,,,,,,,,,,,1,0,,,,,,,,,,,,,,,,,,,,,,,,,,,,,,,,,,,,,,,,"11,01",,"05,06,09,",,,,,,,,,,2,7,2,7,01,,,,2020-01-11,1363
ст.425 ч.5,3,12730,,,1,4250005,FE1R10P1,"Незаконные действия в отношении имущества, подверг",Тізімдеме жасалєан немесе тыйым салынєан не тјркiл,,,,,,,,,,,,,,,,,,,,,,,,,,,,,,,,,,,,,,,,,1,0,,,,,,,,,,,,,,,,,,,,,,,,,,,,,01,,,,,,,,,,01,01,,"05,06,09,11",,,,,,,,,,,,7,12,01,,,,2020-01-11,1364
ст.426 ч.1,2,3990,,,1,4260001,FE1R10P1,"Побег из мест лишения свободы, из-под ареста или и","Бас бостандыєынан айыру орындарынан, ќамаќтан неме",,,,,,,,,,,,,,,,,,,,,,,,,,,,,,,,,,,,,,,,,1,0,,,NO,,,,,,,,,,,,,,,,,,,,,,,,,,,,,,,,,,,,,01,,"05,06,11,",,,,,,,,,,,,,3,,,,,2015-01-01,1365
ст.426 ч.2,3,8180,,,1,4260002,FE1R10P1,"Побег из мест лишения свободы, из-под ареста или и","Бас бостандыєынан айыру орындарынан, ќамаќтан неме","01,02,03",,,,,01,01,,,ALL,,,,,,,,,,,,03,,,,,,,,,,,,,,,,,,,1,0,,,NO,,,02>,03,,,,,,,,,,,,,,,,,,,,,,01,,,,,,,,,,,01,,"05,06,11,",,,,,,,,,,,,3,6,,,,,2015-01-01,1366
ст.427 ч.1,1,2340,1,,1,4270001,FE1R10P1,Уклонение от отбывания наказания в виде лишения св,Бас бостандыєынан айыру тїрiндегi жазаны ґтеуден ж,,,,,,,,,,,ALL,,,,,,,,,,,,,,,,,,,,,,,,,,,,,,1,0,,,NO,,,,,,,,,,,,,,,,,,,,,,,,,,,,,,,,,,,,,01,,"05,06,11,",,,,,,,,,,,,,2,,,,,2015-01-01,1367
ст.427 ч.2,1,2070,1,,1,4270002,FE1R10P1,Уклонение от отбывания наказания в виде лишения св,Бас бостандыєынан айыру тїрiндегi жазаны ґтеуден ж,,,,,,,,,,,ALL,,,,,,,,,,,,,,,,,,,,,,,,,,,,,,1,0,,,NO,,,,,,,,,,,,,,,,,,,,,,,,,,,,,,,,,,,,,01,,"05,06,11,",,,,,,,,,,,,,1,,,,,2015-01-01,1368
ст.428 ч.1,2,4000,,,1,4280001,FE1R10P1,Неповиновение законным требованиям администрации у,Ќылмыстыќ-атќару мекемесі јкімшілігініѕ заѕды тала,,,,,,,,,,,,,,,,,,,,,,,,,,,,,,,,,,,,,,,,,2,0,,,NO,,,,,,,,,,,,,,,,,,,,,,,,,,,,,,,,,,,,,01,,"05,06,11,09,",,,,,,,,,,,,,3,,,,,2015-01-01,1369
ст.428 ч.1,2,4010,,,1,4280001,FE1R10P1,Неповиновение законным требованиям администрации у,Ќылмыстыќ-атќару мекемесі јкімшілігініѕ заѕды тала,,,,,,,,,,,,,,,,,,,,,,,,,,,,,,,,,,,,,,,,,1,0,,,NO,,,,,,,,,,,,,,,,,,,,,,,,,,,,,,,,,,,,,01,,"05,06,11,09,",,,,,,,,,,,,,3,,,,,2018-07-30,1370
ст.428 ч.2,3,9860,,,1,4280002,FE1R10P1,Неповиновение законным требованиям администрации у,Ќылмыстыќ-атќару мекемесі јкімшілігініѕ заѕды тала,,,,,,,,,,,,,,,,,ALL,,,,,,,,,,,,,,,,,,,,,,,,2,0,,,NO,,,,,,,,,,,,,,,,,,,,,,,,,,,,,,,,,,,,,01,,"05,06,11,",,,,,,,,,,,,4,7,,,,,2015-01-01,1371
ст.428 ч.2,3,9870,,,1,4280002,FE1R10P1,(Исключена) Неповиновение законным требованиям адм,Ќылмыстыќ-атќару мекемесі јкімшілігініѕ заѕды тала,,,,,,,,,,,,,,,,,ALL,,,,,,,,,,,,,,,,,,,,,,,,3,0,,,NO,,,,,,,,,,,,,,,,,,,,,,,,,,,,,,,,,,,,,01,,"05,06,11,",,,,,,,,,,,,4,7,,,,,2018-07-30,1372
ст.428 ч.3,3,11260,,,1,4280003,FE1R10P1,Неповиновение законным требованиям администрации у,Ќылмыстыќ-атќару мекемесі јкімшілігініѕ заѕды тала,,,,,,,,,,,,,,,,,,,,,,,,,,,,,,,,,,,,,,,,,2,0,,,NO,,,,,,,,,,,,,,,,,,,,,,,,,ALL,ALL,,,,,,,,,,,01,,"05,06,11,",,,,,,,,,,,,5,10,,,,,2015-01-01,1373
ст.428 ч.3,3,11340,,,1,4280003,FE1R10P1,Неповиновение законным требованиям администрации у,Ќылмыстыќ-атќару мекемесі јкімшілігініѕ заѕды тала,,,,,,,,,,,,,,,,,,,,,,,,,,,,,,,,,,,,,,,,,1,0,,,NO,,,,,,,,,,,,,,,,,,,,,,,,,ALL,ALL,,,,,,,,,,,01,,"05,06,11,",,,,,,,,,,,,5,10,,,,,2018-07-30,1374
ст.428-1 ч.1,1,2350,,,1,4280101,FE1R10P1,Умышленное уничтожение или повреждение системы вид,Ќылмыстыќ-атќару (пенитенциарлыќ) жїйесі мекемелер,,,,,,,,,,,,,,,,,,,,,,,,,,,,,,,,,,,,,,,,,1,0,,,NO,,,,,,,,,,,,,,,,,,,,,,,,,,,,,,,,,,,,,01,,"05,06,11,09,",,,,,,,,,,,,,2,,,,,2024-06-15,1375
ст.428-1 ч.2,2,7620,,,1,4280102,FE1R10P1,Умышленное уничтожение или повреждение системы вид,Ќылмыстыќ-атќару (пенитенциарлыќ) жїйесі мекемелер,,,,,,,,,,,,,,,,,,,,,,,,,,,,,,,,,,,,,,,,,1,0,,,NO,,,,,,,,,,,,,,,,,,,,,,,,,,,,,,,,,,,ALL,,01,,"05,06,11,09,",,,,,,,,,,,,2,5,,,,,2024-06-15,1376
ст.428-1 ч.3,3,10020,,,1,4280103,FE1R10P1,Умышленное уничтожение или повреждение системы вид,Ќылмыстыќ-атќару (пенитенциарлыќ) жїйесі мекемелер,,,,,,,,,,,,,,,,,,,,,,,,,,,,,,,,,,,,,,,,,1,0,,,NO,,,,,,,,,,,,,,,,,,,,,,,,,,ALL,,,,,,,,,,,01,,"05,06,11,09,",,,,,,,,,,,,5,7,,,,,2024-06-15,1377
ст.429 ч.1,2,7610,,,1,4290001,FE1R10P1,Угроза применения насилия в отношении сотрудника у,Ќоєамнан оќшаулауды ќамтамасыз ететін мекеменіѕ ќы,,,,,,,,,,,,,,,,,,,,,,,,,,,,,,,,,,,,,,,,,1,0,,,NO,,,,,,,,,,,,,,,,,,,,,,,,,,,,,,,,,,,,,01,,"05,06,11,",,,,,,,,,,,,2,5,,,,,2015-01-01,1378
ст.429 ч.2,3,8940,,,1,4290002,FE1R10P1,Угроза применения насилия в отношении сотрудника у,Ќоєамнан оќшаулауды ќамтамасыз ететін мекеменіѕ ќы,,,,,,,,,,,,,,,,,,,,,,,,,,,,,,,,,,,,,,,,,1,0,,,,,,,,,,,,,,,,,,,,,,,,,,,,,,,,,,,,,,,,01,,"05,06,11,",,,,,,,,,,,,3,7,,,,,2015-01-01,1379
ст.429 ч.3,3,12090,,,1,4290003,FE1R10P1,Угроза применения насилия в отношении сотрудника у,Ќоєамнан оќшаулауды ќамтамасыз ететін мекеменіѕ ќы,,,,,,,,,,,,,,,,,,,,,,,,,,,,,,,,,,,,,,,,,1,0,,,,,,,,,,,,,,,,,,,,,,,ALL,,,,,,ALL,,,,,,,,,,,01,,"05,06,11,",,,,,,,,,,,,7,10,,,,,2015-01-01,1380
ст.429 ч.4,4,14360,,,1,4290004,FE1R10P1,Угроза применения насилия в отношении сотрудника у,Ќоєамнан оќшаулауды ќамтамасыз ететін мекеменіѕ ќы,,,,,,,,,,,,,,,,,,,,,,,,,,,,,,,,,,,,,,,,,1,0,,,,,,,,,,,,,,,,,,,,,,,ALL,,,,,,,,,,,,,,,,,"01,03",,"05,06,11,",,,,,,,,,,,,10,20,,,,,2015-01-01,1381
ст.430 ч.1,2,4470,,,1,4300001,FE1R10P1,"Неисполнение приговора суда, решения суда или иног","Сот їкімін, сот шешімін немесе ґзге де сот актісін",,,,,,,,,,,,,,,,,,,,,,,,,,,,,,,,,,,,,,,,,2,0,,,NO,,,,,,,,,,,,,,,,,,,,,,,,,,,,,,,,,,,,,"09,11,01",,"05,06,",,,,,,,800,,,,3,,3,,,,,2015-01-01,1382
ст.430 ч.1,2,4480,,,1,4300001,FE1R10P1,"Неисполнение приговора суда, решения суда или иног","Сот їкімін, сот шешімін немесе ґзге де сот актісін",,,,,,,,,,,,,,,,,,,,,,,,,,,,,,,,,,,,,,,,,1,0,,,NO,,,,,,,,,,,,,,,,,,,,,,,,,,,,,,,,,,,,,"09,11,01",,"05,06,",,,,,,,800,,,,3,,3,,,,,2023-10-12,1383
ст.430 ч.2,2,6940,,,1,4300002,FE1R10P1,"Неисполнение приговора суда, решения суда или иног","Сот їкімін, сот шешімін немесе ґзге де сот актісін",,,,,,,,,,,,,,,,,,,,,,,,,,,,,,,,,,,,,,,,,2,0,,,,,,,,,,,,,,,,,,,,,,,,,,,,,,,,,,,,,,ALL,,"09,11,01",,"05,06,",,,,,,,1200,,,,5,,5,02,,,5,2015-01-01,1384
ст.430 ч.2,2,6950,,,1,4300002,FE1R10P1,"Неисполнение приговора суда, решения суда или иног","Сот їкімін, сот шешімін немесе ґзге де сот актісін",,,,,,,,,,,,,,,,,,,,,,,,,,,,,,,,,,,,,,,,,1,0,,,,,,,,,,,,,,,,,,,,,,,,,,,,,,,,,,,,,,ALL,,"09,11,01",,"05,06,",,,,,,,1200,,,,5,,5,02,,,5,2023-10-12,1385
ст.430 ч.3,3,10140,,,1,4300003,FE1R10P1,"Неисполнение приговора суда, решения суда или иног","Сот їкімін, сот шешімін немесе ґзге де сот актісін",,,,,,,,,,,,,,,,,,,,,,,,,,,,,,,,,,,,,,,,,2,0,,,,,,,,,,,,,,,,,,,,,,,,,,,,,,,,,,,,,,,,"11,01",,"05,06,",,,,,,,,,,5,7,5,7,02,,,5,2015-01-01,1386
ст.430 ч.3,3,10150,,,1,4300003,FE1R10P1,"Неисполнение приговора суда, решения суда или иног","Сот їкімін, сот шешімін немесе ґзге де сот актісін",,,,,,,,,,,,,,,,,,,,,,,,,,,,,,,,,,,,,,,,,1,0,,,,,,,,,,,,,,,,,,,,,,,,,,,,,,,,,,,,,,,,"11,01",,"05,06,",,,,,,,,,,5,7,5,7,02,,,5,2023-10-12,1387
ст.430 ч.4,3,7930,,,1,4300004,FE1R10P1,"Неисполнение приговора суда, решения суда или иног","Сот їкімін, сот шешімін немесе ґзге де сот актісін",,,,,,,,,,,,,,,,,,,,,,,,,,,,,,,,,,,,,,,,,1,0,,,,,,,,,,,,,,,,,,,,,,,,,,,,,,,,,,,,,,,,"11,01",,"05,06,",,,,,,,,,,,6,,6,,,,,2023-10-12,1388
ст.431,1,2260,,,1,4310001,FE1R10P1,"Уклонение от административного надзора, установлен",Бас бостандыєынан айыру орындарынан босатылєан ада,,,,,,,,,,,,,,,,,,,,,,,,,,,,,,,,,,,,,,,,,1,0,,,NO,,,,,,,,,,,,,,,,,,,,,,,,,,,,,,,,,,,,,"05,06,09,11,01",,,,,1000,,1000,,400,,,,1,,1,,,,,2015-01-01,1389
ст.432,3,8030,,,1,4320001,FE1R10P1,Укрывательство преступления,Укрывательство преступления,,,,,,,,,,,,,,,,,,,,,,,,,,,,,,,,,,,,,,,,,2,0,,,NO,,,,,,,,,,,,,,,,,,,,,,,,,,,,,,,,,,,,,"05,06,11,01",,,,,6000,,6000,,,,,,6,,6,,,,,2015-01-01,1390
ст.432,3,8060,,,1,4320001,FE1R10P1,"Заранее необещанное укрывательство коррупционного,","Заранее необещанное укрывательство коррупционного,",,,,,,,,,,,,,,,,,,,,,,,,,,,,,,,,,,,,,,,,,1,0,,,NO,,,,,,,,,,,,,,,,,,,,,,,,,,,,,,,,,,,,,"05,06,11,01",,,,,6000,,6000,,,,,,6,,6,,,,,2020-01-11,1391
ст.433 ч.1,1,3730,,,1,4330001,FE1R10P1,Укрытие уголовного правонарушения,Ќылмыстыќ ќўќыќ бўзушылыќты жасыру,,,,,,,,,,,ALL,,,,,,,,,,,,,,,,,,,,,,,,,,,,,,1,0,,,NO,,,,,,,,,,,,,,,,,,,,,,,,,,,,,,,,,,,,,"05,06,09,11,01",,,,,2000,,2000,,600,,,,2,,2,02,,,3,2015-01-01,1392
ст.433 ч.2,2,7430,,,1,4330002,FE1R10P1,Укрытие уголовного правонарушения,Ќылмыстыќ ќўќыќ бўзушылыќты жасыру,,,,,,,02,,,,ALL,,,,,,ALL,,,,,,,,,,,,,,,,,,,,,,,,1,0,,,NO,,,,,,,,,,,,,,,,,,,,,,,,,,,,,,,,,,,,,"05,06,09,11,01",,,,,5000,,5000,,1200,,,,5,,5,02,,,5,2015-01-01,1393
ст.433 ч.3,3,9720,1,,1,4330003,FE1R10P1,Укрытие уголовного правонарушения,Ќылмыстыќ ќўќыќ бўзушылыќты жасыру,"01,02",,,,,,,,,,,,,,,,,,,,,,,,,,,,,,,,,,,,,,,,1,0,,,,,,,,,,,,,,,,,,,,,,,,,,,,01,02,,,,,,,,,,,"11,01",,"05,06,",,,,,,,,,,3,7,3,7,02,,,5,2015-01-01,1394
ст.433 ч.4,3,10980,1,,1,4330004,FE1R10P1,Укрытие уголовного правонарушения,Ќылмыстыќ ќўќыќ бўзушылыќты жасыру,,,,,,,,,,,,,,,,,,,,,,,,,,,,,,,,,,,,,,,,,1,0,,,,,,,,,,,,,,,,,,,,,,,,,,,,,,,,,,,,,,,,01,,"05,06,11,",,,,,,,,,,,,4,10,02,,,5,2015-01-01,1395
ст.434,3,8040,,,1,4340001,FE1R10P1,Недонесение о преступлении,Ќылмыс туралы хабарламау,,1,,,,,,,,,ALL,,,,,,,,,,,,,,,,,,,,,,,,,,,,,,2,0,,,NO,,,,,,,,,,,,,,,,,,,,,,,,,,,,,,,,,,,,,"05,06,11,01",,,,,6000,,6000,,,,,,6,,6,,,,,2015-01-01,1396
ст.434,3,8070,,,1,4340001,FE1R10P1,Недонесение о достоверно известном готовящемся или,Недонесение о достоверно известном готовящемся или,,1,,,,,,,,,ALL,,,,,,,,,,,,,,,,,,,,,,,,,,,,,,1,0,,,NO,,,,,,,,,,,,,,,,,,,,,,,,,,,,,,,,,,,,,"05,06,11,01",,,,,6000,,6000,,,,,,6,,6,,,,,2020-01-11,1397
ст.435 ч.1,1,2730,3,,1,4350001,FE1R10P1,Воспрепятствование законной деятельности адвокатов,Адвокаттар мен ґзге де адамдардыѕ адамныѕ жјне аза,,1,,,,,,,,,,,,,,,,,,,,,,,,,,,,,,,,,,,,,,,2,0,,,NO,,,,,,,,,,,,,,,,,,,,,,,,,,,,,,,,,,,,,"05,06,09,11,01",,,,,1000,,1000,,600,,,,2,,2,,,,,2015-01-01,1398
ст.435 ч.1,2,4560,3,,1,4350001,FE1R10P1,Воспрепятствование законной деятельности адвокатов,Адвокаттар мен ґзге де адамдардыѕ адамныѕ жјне аза,,1,,,,,,,,,,,,,,,,,,,,,,,,,,,,,,,,,,,,,,,1,0,,,NO,,,,,,,,,,,,,,,,,,,,,,,,,,,,,,,,,,,,,"05,06,09,11,01",,,,,2000,,2000,,800,,,,3,,3,,,,,2020-01-11,1399
ст.435 ч.2,2,6890,3,,1,4350002,FE1R10P1,Воспрепятствование законной деятельности адвокатов,Адвокаттар мен ґзге де адамдардыѕ адамныѕ жјне аза,,1,,,,,,,,,,,,,,,,,,,,,,,,,,,,,,,,,,,,,,,1,0,,,NO,,,,,,,,,,,,,,,,,,,,,,,,,,,,,,,,,,,ALL,,"05,06,09,11,01",,,,,3000,,3000,,1000,,,,5,,5,,02,,5,2020-01-11,1400
ст.435 ч.2,2,4580,3,,1,4350002,FE1R10P1,Воспрепятствование законной деятельности адвокатов,Адвокаттар мен ґзге де адамдардыѕ адамныѕ жјне аза,,1,,,,,,,,,,,,,,,,,,,,,,,,,,,,,,,,,,,,,,,2,0,,,NO,,,,,,,,,,,,,,,,,,,,,,,,,,,,,,,,,,,ALL,,"05,06,09,11,01",,,,,2000,,2000,,800,,,,3,,3,,02,,3,2015-01-01,1401
ст.436,0,310,3,,2,4360001,FE1R10P1,Воспрепятствование гражданину исполнять обязанност,Азаматтыѕ алќаби міндетін орындауына кедергі жасау,,1,,,,,,,,,,,,,,,,,,,,,,,,,,,,,,,,,,,,,,,1,0,,,NO,,,,,,,,,,,,,,,,,,,,,,,,,,,,,,,,,,,,,"05,06,09,12",,,,,80,,80,,80,,20,,,,,,,,,2015-01-01,1402
ст.437 ч.1,0,350,3,,2,4370001,FE1R10P1,Неповиновение или иное неисполнение приказа,Бўйрыќќа баєынбау немесе оны ґзгедей орындамау,,,,,,,,,,,ALL,,,,,,,,,,,,,,,,,,,,,,,,,,,,,,1,0,,,NO,,,,,,,,,,,,,,,,,,,,,,,,,,,,,,,,,,,,,"05,06,12",,,,,120,,120,,,,30,,,,,,,,,2015-01-01,1403
ст.437 ч.2,2,6120,3,,1,4370002,FE1R10P1,Неповиновение или иное неисполнение приказа,Бўйрыќќа баєынбау немесе оны ґзгедей орындамау,,,,,,,,,,,ALL,,,,,,,,,,,,,,,,,,,,,,,,,,,,,,1,0,,,NO,,,,,,,,,,,,,,,,,,,,,,,,,ALL,ALL,,,,,,,,,,,01,,"05,06,11,",,,,,,,,,,,,,5,,,,,2015-01-01,1404
ст.437 ч.3,4,13170,3,,1,4370003,FE1R10P1,Неповиновение или иное неисполнение приказа,Бўйрыќќа баєынбау немесе оны ґзгедей орындамау,,,,,,,,ALL -,,,ALL,,,,,ALL -,,,,,,,,,,,,,,,,,,,,ALL -,,,,,1,0,,,NO,,,,,,,,,,,,,,,,,,,,,,,,,,ALL,,,,,,,ALL,,,ALL,01,,"05,06,11,",,,,,,,,,,,,5,15,,,,,2015-01-01,1405
ст.437 ч.4,4,14830,3,,1,4370004,FE1R10P1,Неповиновение или иное неисполнение приказа,Бўйрыќќа баєынбау немесе оны ґзгедей орындамау,,,,,,,,,,,ALL,,,,,,,,,,,,,,,,,,,,,,,,,,,,,,1,0,,,NO,,,,,,,,,,,,,,,,,,,,,,,,,,,,,,,,,,,,,"01,03,02",,"05,06,11,",,,,,,,,,,,,15,20,,,,,2015-01-01,1406
ст.437 ч.5,0,1250,3,,2,4370005,FE1R10P1,Неповиновение или иное неисполнение приказа,Бўйрыќќа баєынбау немесе оны ґзгедей орындамау,,,,,,,,,,,,,,,,,,,,,,,,,,,,,,,,,,,,,,,,,1,0,,,,,,,,,,,,,,,,,,,,,ALL,,,,,,,ALL,,,,,,,,,,,,"05,06,12",,,,,200,,200,,,,50,,,,,,,,,2015-01-01,1407
ст.437 ч.6,3,10850,3,,1,4370006,FE1R10P1,Неповиновение или иное неисполнение приказа,Бўйрыќќа баєынбау немесе оны ґзгедей орындамау,,,,,,,,,,,,,,,,,,,,,,,,,,,,,,,,,,,,,,,,,1,0,,,,,,,,,,,,,,,,,,,,,,,,,,,,,,,,,,,,ALL,,,,01,,"05,06,11,",,,,,,,,,,,,3,10,,,,,2015-01-01,1408
ст.437 ч.7 (исключена),0,30,,,2,4370007,FE1R10P1,(Исключена) Неповиновение или иное неисполнение пр,Бўйрыќќа баєынбау немесе оны ґзгедей орындамау,,,,,,,,,,,,,,,,,,,,,,,,,,,,,,,,,,,,,,,,,3,0,,,,,,,,,,,,,,,,,,,,,,,,,,,,,,,,,,,,,,,,,,,,,,,,,,,,,,,,,,,,2015-01-01,1409
ст.438 ч.1,0,1300,3,,2,4380001,FE1R10P1,Сопротивление начальнику или принуждение его к нар,Бастыќќа ќарсылыќ кґрсету немесе оны ќызметтiк мiн,,1,,,,,,,,,ALL,,,,,,,,,,,,,,,,,,,,,,,,,,,,,,1,0,,,NO,,,,,,,,,,,,,,,,,,,,,,,,,,,,,,,,,,,,,"05,06,12",,,,,200,,200,,,,50,,,,,,,,,2015-01-01,1410
ст.438 ч.2,3,10860,3,,1,4380002,FE1R10P1,Сопротивление начальнику или принуждение его к нар,Бастыќќа ќарсылыќ кґрсету немесе оны ќызметтiк мiн,"01,02,03,",1,,,,01,01,,,ALL,ALL,,,,,,,,,,,02,,,,,,,,,,,,,,,,,,,1,0,,,NO,,,,02,,,,,,,,,,,,,,,,03,,,,,03,01,,,,,,,,,,,01,,"05,06,11,",,,,,,,,,,,,3,10,,,,,2015-01-01,1411
ст.438 ч.3,4,14370,3,,1,4380003,FE1R10P1,Сопротивление начальнику или принуждение его к нар,Бастыќќа ќарсылыќ кґрсету немесе оны ќызметтiк мiн,,,,,,,,,,,ALL,,,,,,,,,,,,,,,,,,,,,,,,,,,,,,1,0,,,NO,,,,,,,,,,,,,,,,,,,,,,,,,ALL,ALL,,,,,,,ALL,,,ALL,"01,03",,"05,06,11,",,,,,,,,,,,,10,20,,,,,2015-01-01,1412
ст.438 ч.4,4,14840,3,,1,4380004,FE1R10P1,Сопротивление начальнику или принуждение его к нар,Бастыќќа ќарсылыќ кґрсету немесе оны ќызметтiк мiн,,,,,,,,ALL -,,,ALL,,,,,ALL -,,,,,,,,,,,,,,,,,,,,,,,,,1,0,,,NO,,,,,,,,,,,,,,,,,,,,,,,,,ALL,,,,,,,,,,,,"01,03,02",,"05,06,11,",,,,,,,,,,,,15,20,,,,,2015-01-01,1413
ст.438 ч.1-1,2,5450,3,,1,4380011,FE1R10P1,Сопротивление начальнику или принуждение его к нар,Бастыќќа ќарсылыќ кґрсету немесе оны ќызметтiк мiн,,,,,,,,,,,ALL,,,,,,,,,,,,,,,,,,,,,,,,,,,,,,1,0,,,NO,,,,,,,,,,,,,,,,,,,,,,,,,,,,,,,,,,,,,01,,,,,,,,,,,,,,,4,,,,,2025-09-16,1414
ст.439 ч.1,1,2120,3,,1,4390001,FE1R10P1,Насильственные действия в отношении начальника,Бастыќќа ќатысты кїш ќолдану јрекеттерi,,1,,,,,,,,,,,,,,,,,,,,,,,,,,,,,,,,,,,,,,,1,0,,,NO,,,,,,,,,,,,,,,,,,,,,,,,,,,,,,,,,,,,,"05,06,11,01",,,,,1000,,1000,,,,,,1,,1,,,,,2015-01-01,1415
ст.439 ч.2,3,10870,3,,1,4390002,FE1R10P1,Насильственные действия в отношении начальника,Бастыќќа ќатысты кїш ќолдану јрекеттерi,"01,02,03",,,,,01,01,,,,,,,,,,,,,,,02,,,,,,,,,,,,,,,,,,,1,0,,,NO,,,,02,,,,,,,,,,,,,,,,03,,,,,03,01,,,,,,,,,,,01,,"05,06,11,",,,,,,,,,,,,3,10,,,,,2015-01-01,1416
ст.439 ч.3,4,14380,3,,1,4390003,FE1R10P1,Насильственные действия в отношении начальника,Бастыќќа ќатысты кїш ќолдану јрекеттерi,,,,,,ALL -,ALL -,,,,,,,,,,,,,,,,,,,,,,,,,,,,,,,,,,1,0,,,NO,,,,,,,,,,,,,,,,,,,,,,,,,ALL,ALL,,,,,,,ALL,,,ALL,"01,03",,"05,06,11,",,,,,,,,,,,,10,20,,,,,2015-01-01,1417
ст.439 ч.4,4,14850,3,,1,4390004,FE1R10P1,Насильственные действия в отношении начальника,Бастыќќа ќатысты кїш ќолдану јрекеттерi,,,,,,,,,,,,,,,,,,,,,,,,,,,,,,,,,,,,ALL -,,,,,1,0,,,NO,,,,,,,,,,,,,,,,,,,,,,,,,ALL,,,,,,,,,,,,"01,03,02",,"05,06,11,",,,,,,,,,,,,15,20,,,,,2015-01-01,1418
ст.439 ч.1-1,2,5460,3,,1,4390011,FE1R10P1,Насильственные действия в отношении начальника,Бастыќќа ќатысты кїш ќолдану јрекеттерi,,,,,,,,,,,,,,,,,,,,,,,,,,,,,,,,,,,,,,,,,1,0,,,NO,,,,,,,,,,,,,,,,,,,,,,,,,,,,,,,,,,,,,01,,,,,,,,,,,,,,,4,,,,,2025-09-16,1419
ст.440 ч.1,0,590,3,,2,4400001,FE1R10P1,Нарушение уставных правил взаимоотношений между во,Јскери ќызметшiлер арасында баєыныштылыќ ќатынаста,,,,,,,,,,,,,,,,,,,,,,,,,,,,,,,,,,,,,,,,,1,0,,,NO,,,,,,ALL,,,,,,,,,,,,,,,,,,,,,,,,,,,,,,,"05,06,12",,,,,160,,160,,,,40,,,,,,,,,2015-01-01,1420
ст.440 ч.2,0,1310,3,,2,4400002,FE1R10P1,Нарушение уставных правил взаимоотношений между во,Јскери ќызметшiлер арасында баєыныштылыќ ќатынаста,,,,,,,ALL -,,,,,,,,,,,,,,,,,,,,,,,,,,,,,,,,,,1,0,,,NO,,,,,,ALL,,,,,,,,,,,,,,,,,,ALL,,,,,,,,,,,,,"05,06,12",,,,,200,,200,,,,50,,,,,,,,,2015-01-01,1421
ст.440 ч.3,3,10580,3,,1,4400003,FE1R10P1,Нарушение уставных правил взаимоотношений между во,Јскери ќызметшiлер арасында баєыныштылыќ ќатынаста,"01,02,03,04",,,,,01,01,,,,,,,,,,,,,,,03,,,,,,,,,,,,,,ALL -,,,,,1,0,,,NO,,,,03,,ALL,01,,,,,,,,,,,,,03,,,,,04,02,,,,,,,,,,,01,,"05,06,11,",,,,,,,,,,,,4,8,,,,,2015-01-01,1422
ст.440 ч.4,3,12940,3,,1,4400004,FE1R10P1,Нарушение уставных правил взаимоотношений между во,Јскери ќызметшiлер арасында баєыныштылыќ ќатынаста,,,,,,,,,,,,,,,,,,,,,,,,,,,,,,,,,,,,,,,,,1,0,,,NO,,,,,,ALL,,,,,,,,,,,,,,,,,,,ALL,ALL,,,,,,,,,,ALL,01,,"05,06,11,",,,,,,,,,,,,8,12,,,,,2015-01-01,1423
ст.440 ч.2-1,2,4230,3,,1,4400021,FE1R10P1,Нарушение уставных правил взаимоотношений между во,Јскери ќызметшiлер арасында баєыныштылыќ ќатынаста,,,,,,,ALL -,,,,,,,,,,,,,,,,,,,,,,,,,,,,,,,,,,1,0,,,NO,,,,,,ALL,,,,,,,,,,,,,,,,,,,,,,,,,,,,,,,"05,06,11,01",,,,,500,,500,,,,,,3,,3,,,,,2025-09-16,1424
ст.441 ч.1,2,4240,3,,1,4410001,FE1R10P1,Самовольное оставление части или места службы,Бґлімді немесе ќызмет орнын ґз бетімен тастап кету,,1,,,,,,,,,,,,,,,,,,,,,,,,,,,,,,,,,,,,,,,1,0,,,NO,,,,,,,,,,,,,,,,,,,,,,,,,,,,,,,,,,,,,"05,06,11,01",,,,,2000,,2000,,,,,,3,,3,,,,,2015-01-01,1425
ст.441 ч.2,2,6130,3,,1,4410002,FE1R10P1,Самовольное оставление части или места службы,Бґлімді немесе ќызмет орнын ґз бетімен тастап кету,,,,,,,,,,,,,,,,,,,,,,,,,,,,,,,,,,,,ALL -,,,,,1,0,,,NO,,,,,,,,,,,,,,,,,,,,,,,,,,ALL,,,,,,,,,,,01,,"05,06,11,",,,,,,,,,,,,,5,,,,,2015-01-01,1426
ст.441 ч.3,3,11270,3,,1,4410003,FE1R10P1,Самовольное оставление части или места службы,Бґлімді немесе ќызмет орнын ґз бетімен тастап кету,,,,,,,,,,,,,,,,,,,,,,,,,,,,,,,,,,,,,,,,,1,0,,,NO,,,,,,,,,,,,,,,,,,,,,,,,,,,,,,,,,ALL,,,,01,,"05,06,11,",,,,,,,,,,,,5,10,,,,,2015-01-01,1427
ст.441 ч.4,4,13440,,,1,4410004,FE1R10P1,Самовольное оставление части или места службы,Бґлімді немесе ќызмет орнын ґз бетімен тастап кету,,,,,,,,,,,,,,,,,,,,,,,,,,,,,,,,,,,,,,,,,1,0,,,,,,,,,,,,,,,,,,,,,,,,,,,,,,,,,,,,,,,,01,,"05,06,11,",,,,,,,,,,,,10,15,,,,,2015-01-01,1428
ст.441 ч.5 (исключена),0,40,,,2,4410005,FE1R10P1,(Исключена) Самовольное оставление части или места,Бґлімді немесе ќызмет орнын ґз бетімен тастап кету,,,,,,,,,,,,,,,,,,,,,,,,,,,,,,,,,,,,,,,,,3,0,,,,,,,,,,,,,,,,,,,,,,,,,,,,,,,,,,,,,,,,,,,,,,,,,,,,,,,,,,,,2015-01-01,1429
ст.442 ч.1,2,6140,3,,1,4420001,FE1R10P1,Дезертирство,Ќашќындыќ,,,,,,,,,,,,,,,,,,,,,,,,,,,,,,,,,,,,,,,,,1,0,,,NO,,,,,,,,,,,,,,,,,,,,,,,,,,,,,,,,,,,,,01,,"05,06,11,",,,,,,,,,,,,,5,,,,,2015-01-01,1430
ст.442 ч.2,3,8950,3,,1,4420002,FE1R10P1,Дезертирство,Ќашќындыќ,,,,,,,,,,,,,,,,,,,,,,,,,,,,,,,,,,,,,,,,,1,0,,,NO,,,,,,,,,,,,,,,,,,,,,,,,,,ALL,,,,,,,,,,,01,,"05,06,11,",,,,,,,,,,,,3,7,,,,,2015-01-01,1431
ст.442 ч.3,4,14390,3,,1,4420003,FE1R10P1,Дезертирство,Ќашќындыќ,,,,,,,,,,,,,,,,,,,,,,,,,,,,,,,,,,,,,,,,,1,0,,,NO,,,,,,,,,,,,,,,,,,,,,,,,,,,,,,,,,ALL,,,,"01,03",,"05,06,11,",,,,,,,,,,,,10,20,,,,,2015-01-01,1432
ст.442 ч.4,4,14710,3,,1,4420004,FE1R10P1,Дезертирство,Ќашќындыќ,,,,,,,,,,,,,,,,,,,,,,,,,,,,,,,,,,,,,,,,,1,0,,,,,,,,,,,,,,,,,,,,,,,,,,,,,,,,,,,,,,,,"01,03,02",,"05,06,11,",,,,,,,,,,,,10,20,,,,,2015-01-01,1433
ст.443 ч.1,0,1320,3,,2,4430001,FE1R10P1,Уклонение или отказ от несения воинской службы,Јскери ќызметті атќарудан жалтару немесе бас тарту,,,,,,,,,,,,,,,,,,,,,,,,,,,,,,,,,,,,,,,,,1,0,,,NO,,,,,,,,,,,,,,,,,,,,,,,,,,,,,,,,,,,,,"05,06,12",,,,,200,,200,,,,50,,,,,,,,,2015-01-01,1434
ст.443 ч.2,4,14400,3,,1,4430002,FE1R10P1,Уклонение или отказ от несения воинской службы,Јскери ќызметті атќарудан жалтару немесе бас тарту,,,,,,,ALL -,,,,,,,,,,,,,,,,,,,,,,,,,,,,,,,,,,1,0,,,NO,,,,,,,,,,,,,,,,,,,,,,,,,,,,,,,,,ALL,,,,"01,03",,"05,06,11,",,,,,,,,,,,,10,20,,,,,2015-01-01,1435
ст.443 ч.3,4,14720,3,,1,4430003,FE1R10P1,Уклонение или отказ от несения воинской службы,Јскери ќызметті атќарудан жалтару немесе бас тарту,,,,,,,,,,,,,,,,,,,,,,,,,,,,,,,,,,,,,,,,,1,0,,,,,,,,,,,,,,,,,,,,,,,,,,,,,,,,,,,,,,,,"01,03,02",,"05,06,11,",,,,,,,,,,,,10,20,,,,,2015-01-01,1436
ст.444 ч.1,1,2500,3,,1,4440001,FE1R10P1,Нарушение правил несения боевого дежурства,Жауынгерлiк кезекшiлiктi атќару ќаєидаларын бўзу,,,,,,,,,,,,,,,,,,,,,,,,,,,,,,,,,,,,,,,,,1,0,,,NO,,,,,,,,,,,,,,,,,,,,,,,,,,,,,,,,,,,,,"05,06,11,01",,,,,2000,,2000,,,,,,2,,2,,,,,2015-01-01,1437
ст.444 ч.2,3,10880,3,,1,4440002,FE1R10P1,Нарушение правил несения боевого дежурства,Жауынгерлiк кезекшiлiктi атќару ќаєидаларын бўзу,,,,,,ALL -,ALL -,,,,,,,,,,,,,,,,,,,,,,,,,,,,,,,,,,1,0,,,NO,,,,,,,,,,,,,,,,,,,,,,,,,ALL,,,,,,,,,,,,01,,"05,06,11,",,,,,,,,,,,,3,10,,,,,2015-01-01,1438
ст.444 ч.3,4,14730,3,,1,4440003,FE1R10P1,Нарушение правил несения боевого дежурства,Жауынгерлiк кезекшiлiктi атќару ќаєидаларын бўзу,,,,,,,,,,,,,,,,,,,,,,,,,,,,,,,,,,,,,,,,,1,0,,,,,,,,,,,,,,,,,,,,,,,,,,,,,,,,,,,,,,,,"01,03,02",,"05,06,11,",,,,,,,,,,,,10,20,,,,,2015-01-01,1439
ст.445 ч.1,1,2510,3,,1,4450001,FE1R10P1,Нарушение правил охраны Государственной границы Ре,Ќазаќстан Республикасыныѕ Мемлекеттік шекарасын кї,,1,,,,,,,,,,,,,,,,,,,,,,,,,,,,,,,,,,,,,,,1,0,,,NO,,,,,,,,,,,,,,,,,,,,,,,,,,,,,,,,,,,,,"05,06,11,01",,,,,2000,,2000,,,,,,2,,2,,,,,2015-01-01,1440
ст.445 ч.2,2,6150,3,,1,4450002,FE1R10P1,Нарушение правил охраны Государственной границы Ре,Ќазаќстан Республикасыныѕ Мемлекеттік шекарасын кї,,,,,,ALL -,ALL -,,,,,,,,,,,,,,,,,,,,,,,,,,,,,,,,,,1,0,,,NO,,,,,,,,,,,,,,,,,,,,,,,,,ALL,ALL,,,,,,,,,,,01,,"05,06,11,",,,,,,,,,,,,,5,,,,,2015-01-01,1441
ст.458 ч.1,0,1260,3,,2,4580001,FE1R10P1,Разглашение секретных сведений военного характера,Јскери сипаттаєы ќўпия мјлiметтердi жария ету неме,,1,,,,,,,,,,,,,,,,,,,,,,,,,,,,,,,,,,,,,,,1,0,,,NO,,,,,,,,,,,,,,,,,,ALL,,,,,,,,,,,,,,,,,,,"05,06,12",,,,,200,,200,,,,50,,,,,,,,,2015-01-01,1442
ст.446 ч.1,1,2520,3,,1,4460001,FE1R10P1,Нарушение уставных правил несения караульной (вахт,Ќарауыл (вахта) ќызметiн атќарудыѕ жарєылыќ ќаєида,,1,,,,,,,,,,,,,,,,,,,,,,,,,,,,,,,,,,,,,,,1,0,,,NO,,,,,,,,,,,,,,,,,,,,,,,,,,,,,,,,,,,,,"05,06,11,01",,,,,2000,,2000,,,,,,2,,2,,,,,2015-01-01,1443
ст.446 ч.2,3,8680,3,,1,4460002,FE1R10P1,Нарушение уставных правил несения караульной (вахт,Ќарауыл (вахта) ќызметiн атќарудыѕ жарєылыќ ќаєида,,,,,,ALL -,ALL -,,,,,,,,,,,,,,,,,,,,,,,,,,,,,,,,,,1,0,,,NO,,,,,,,,,,,,,,,,,,,,,,,,,ALL,ALL,,,,,,,,,,,01,,"05,06,11,",,,,,,,,,,,,2,7,,,,,2015-01-01,1444
ст.447 ч.1,0,1330,3,,2,4470001,FE1R10P1,Нарушение уставных правил несения внутренней служб,Iшкi ќызмет атќарудыѕ немесе гарнизонда патруль бо,,1,,,,,,,,,,,,,,,,,,,,,,,,,,,,,,,,,,,,,,,1,0,,,NO,,,,,,,,,,,,,,,,,,,,,,,,,,,,,,,,,,,,,"05,06,12",,,,,200,,200,,,,50,,,,,,,,,2015-01-01,1445
ст.447 ч.2,2,6160,3,,1,4470002,FE1R10P1,Нарушение уставных правил несения внутренней служб,Iшкi ќызмет атќарудыѕ немесе гарнизонда патруль бо,,,,,,ALL -,ALL -,,,,,,,,,,,,,,,,,,,,,,,,,,,,,,,,,,1,0,,,NO,,,,,,,,,,,,,,,,,,,,,,,,,ALL,ALL,,,,,,,,,,,01,,"05,06,11,",,,,,,,,,,,,,5,,,,,2015-01-01,1446
ст.448 ч.1,0,1340,3,,2,4480001,FE1R10P1,Нарушение правил несения контролерской службы,Баќылаушы ќызметін атќару ќаєидаларын бўзу,,,ALL,,,,,,,,,,,,,,,,,,,,,,,,,,,,,,,,,,,,,,1,0,,,NO,,,,,,,,,,,,,,,,,,,,,,,,,,,,,,,,,,,,,"05,06,12",,,,,200,,200,,,,50,,,,,,,,,2015-01-01,1447
ст.448 ч.2,2,6170,3,,1,4480002,FE1R10P1,Нарушение правил несения контролерской службы,Баќылаушы ќызметін атќару ќаєидаларын бўзу,,,,,,,,,,,,,,,,,,,,,,,,,,,,,,,,,,,,,,,,,1,0,,,NO,,,,,,,,,,,,,,,,,,,,,,,,,ALL,ALL,,,,,,,,,,,01,,"05,06,11,",,,,,,,,,,,,,5,,,,,2015-01-01,1448
ст.449 ч.1,0,180,3,,2,4490001,FE1R10P1,Нарушение правил несения службы по охране обществе,Ќоєамдыќ тјртіпті саќтау жјне ќоєамдыќ ќауіпсіздік,,,,,,,,,,,,,,,,,,,,,,,,,,,,,,,,,,,,,,,,,1,0,,,NO,,,,,,,,,,,,,,,,,,,,,,,,,,,,,,,,,,,,,"05,06,12",,,,,80,,80,,,,20,,,,,,,,,2015-01-01,1449
ст.449 ч.2,2,6180,3,,1,4490002,FE1R10P1,Нарушение правил несения службы по охране обществе,Ќоєамдыќ тјртіпті саќтау жјне ќоєамдыќ ќауіпсіздік,,,,,,,,,,,,,,,,,,,,,,,,,,,,,,,,,,,,,,,,,1,0,,,NO,,,,,,,,,,,,,,,,,,,,,,,,,ALL,ALL,,,,,,,,,,,01,,"05,06,11,",,,,,,,,,,,,,5,,,,,2015-01-01,1450
ст.449 ч.3,3,8960,3,,1,4490003,FE1R10P1,Нарушение правил несения службы по охране обществе,Ќоєамдыќ тјртіпті саќтау жјне ќоєамдыќ ќауіпсіздік,,,,,,,,,,,,,,,,,,,,,,,,,,,,,,,,,,,,,,,,,1,0,,,NO,,,,,,,,,,,,,,,,,,,,,,,,,,,,,,,,,ALL,,,,01,,"05,06,11,",,,,,,,,,,,,3,7,,,,,2015-01-01,1451
ст.450 ч.1,2,5560,3,,1,4500001,FE1R10P1,Злоупотребление властью,Билiктi терiс пайдалану,,"KR,",ALL,,,,,,,,,,,,,,,,,,,,,,,,,,,,,,,,,,,,,,1,0,,,NO,,,,,,,,,,,,,,,,,,,,,,,,,,,,,,,,,,,,,"05,06,11,01",,,,,4000,,4000,,,,,,4,,4,"01,22",,,,2015-01-01,1452
ст.450 ч.2,3,9950,3,,1,4500002,FE1R10P1,Злоупотребление властью,Билiктi терiс пайдалану,,"KR,",ALL,,,,,,,,,,,,,,,,,,,,,,,,,,,,,,,,,,,,,,1,0,,,NO,,,,,,,,,,,,,,,,,,,,,,,,,ALL,,,,,,,,,,,,01,,"05,06,11,",,,,,,,,,,,,4,7,"01,22",,,,2015-01-01,1453
ст.450 ч.3,4,13210,3,,1,4500003,FE1R10P1,Злоупотребление властью,Билiктi терiс пайдалану,,"KR,",ALL,,,,,,,,,,,,,,,,,,,,,,,,,,,,,,,,,,,,,,1,0,,,NO,,,,,,,,,,,,,,,,,,,,,,,,,,,,,,,,,,,,,01,,"05,06,11,",,,,,,,,,,,,7,15,"01,22",,,,2015-01-01,1454
ст.450 ч.4,4,14420,3,,1,4500004,FE1R10P1,Злоупотребление властью,Билiктi терiс пайдалану,,"KR,",ALL,,,,,,,,,,,,,,,,,,,,,,,,,,,,,,,,,,,,,,1,0,,,NO,,,,,,,,,,,,,,,,,,,,,,,,,,,,,,,,,,,,,"01,03",,"05,06,11,",,,,,,,,,,,,10,20,"01,22",,,,2015-01-01,1455
ст.451 ч.1,2,6790,3,,1,4510001,FE1R10P1,Превышение власти,Билiктi асыра пайдалану,,,,,,,,,,,,,,,,,,,,,,,,,,,,,,,,,,,,,,,,,1,0,,,NO,,,,,,,,,,,,,,,,,,,,,,,,,,,,,,,,,,,,,"05,06,11,01",,,,,5000,,5000,,,,,,5,,5,,,,,2015-01-01,1456
ст.451 ч.2,3,10000,3,,1,4510002,FE1R10P1,Превышение власти,Билiктi асыра пайдалану,"00,01,02","KR,",,,,,,,,,,,,,,,,,,,,01,,,,,,,,,,,,,,,,,,,1,0,,,NO,,,,01,,,,,,,,,,,,,,,,,,,,,ALL,,,,,,,,,,,,01,,"05,06,11,",,,,,,,,,,,,5,7,,,,,2015-01-01,1457
ст.451 ч.3,4,13220,3,,1,4510003,FE1R10P1,Превышение власти,Билiктi асыра пайдалану,,,,,,,,,,,,,,,,,,,,,,,,,,,,,,,,,,,,,,,,,1,0,,,NO,,,,,,,,,,,,,,,,,,,,,,,,,,,,,,,,,,,,,01,,"05,06,11,",,,,,,,,,,,,7,15,"01,22",,,,2015-01-01,1458
ст.451 ч.4,4,14410,3,,1,4510004,FE1R10P1,Превышение власти,Билiктi асыра пайдалану,,,,,,,,,,,,,,,,,,,,,,,,,,,,,,,,,,,,,,,,,1,0,,,NO,,,,,,,,,,,,,,,,,,,,,,,,,,,,,,,,,,,,,"01,03",,"05,06,11,",,,,,,,,,,,,10,20,01,22,,,2015-01-01,1459
ст.452 ч.1,2,4410,3,,1,4520001,FE1R10P1,Бездействие власти,Биліктіѕ јрекетсіздігі,,"KR,",,,,,,,,,,,,,,,,,,,,,,,,,,,,,,,,,,,,,,,1,0,,,NO,,,,,,,,,,,,,,,,,,,,,,,,,,,,,,,,,,,,,"05,06,11,01",,,,,3000,,3000,,,,,,3,,3,"01,22",,,,2015-01-01,1460
ст.452 ч.2,3,10640,3,,1,4520002,FE1R10P1,Бездействие власти,Биліктіѕ јрекетсіздігі,,"KR,",,,,,,,,,,,,,,,,,,,,,,,,,,,,,,,,,,,,,,,1,0,,,NO,,,,,,,,,,,,,,,,,,,,,,,,,ALL,,,,,,,,,,,,01,,"05,06,11,",,,,,,,,,,,,4,8,"01,22",,,,2015-01-01,1461
ст.452 ч.3,3,11910,3,,1,4520003,FE1R10P1,Бездействие власти,Биліктіѕ јрекетсіздігі,,"KR,",,,,,,,,,,,,,,,,,,,,,,,,,,,,,,,,,,,,,,,1,0,,,,,,,,,,,,,,,,,,,,,,,,,,,,,,,,,,,,,,,,01,,"05,06,11,",,,,,,,,,,,,5,10,"01,22",,,,2015-01-01,1462
ст.452 ч.4,4,14230,3,,1,4520004,FE1R10P1,Бездействие власти,Биліктіѕ јрекетсіздігі,,"KR,",,,,,,,,,,,,,,,,,,,,,,,,,,,,,,,,,,,,,,,1,0,,,,,,,,,,,,,,,,,,,,,,,,,,,,,,,,,,,,,,,,01,,"05,06,11,",,,,,,,,,,,,10,20,"01,22",,,,2015-01-01,1463
ст.453 ч.1,1,2100,3,,1,4530001,FE1R10P1,Халатное отношение к службе,Ќызметке салєырт ќарау,,,,,,,,,,,,,,,,,,,,,,,,,,,,,,,,,,,,,,,,,1,0,,,NO,,,,,,,,,,,,,,,,,,ALL,,,,,,,,,,,,,,,,,,,"05,06,11,01",,,,,1000,,1000,,,,,,1,,1,,,,,2015-01-01,1464
ст.453 ч.2,1,5960,3,,1,4530002,FE1R10P1,Халатное отношение к службе,Ќызметке салєырт ќарау,,,,,,,,,,,,,,,,,,,,,,,,,,,,,,,,,,,,,,,,,1,0,,,,,,,,,,,,,,,,,,,,,ALL,,,,,,,ALL,,,,,,,,,,,,01,,"05,06,11,",,,,,,,,,,,,,5,,,,,2015-01-01,1465
ст.453 ч.3,2,10830,3,,1,4530003,FE1R10P1,Халатное отношение к службе,Ќызметке салєырт ќарау,,,,,,,,,,,,,,,,,,,,,,,,,,,,,,,,,,,,,,,,,1,0,,,,,,,,,,,,,,,,,,,,,ALL,,,,,,,,,,,,,,,,,,,01,,"05,06,11,",,,,,,,,,,,,3,10,,,,,2015-01-01,1466
ст.454 ч.1,1,2530,3,,1,4540001,FE1R10P1,Оставление погибающего военного корабля,Батып бара жатќан јскери корабльді тастап кету,,,,,,,,,,,,,,,,,,,,,,,,,,,,,,,,,,,,,,,,,1,0,,,NO,,,,,,,,,,,,,,,,,,,,,,,,,,,,,,,,,,,,,"05,06,11,01",,,,,2000,,2000,,,,,,2,,2,,,,,2015-01-01,1467
ст.454 ч.2,3,11280,3,,1,4540002,FE1R10P1,Оставление погибающего военного корабля,Батып бара жатќан јскери корабльді тастап кету,,,,,,,,,,,,,,,,,,,,,,,,,,,,,,,,,,,,,,,,,1,0,,,,,,,,,,,,,,,,,,,,,,,,,,,,,,,,,,,,,,,,01,,"05,06,11,",,,,,,,,,,,,5,10,,,,,2015-01-01,1468
ст.455,4,14750,3,,1,4550001,FE1R10P1,Сдача или оставление противнику средств ведения во,Соєыс жїргiзу ќўралдарын ќарсыласќа беру немесе ќа,,,,,,,,,,,,,,,,,,,,,,,,,,,,,,,,,,,,,,,,,1,0,,,NO,,,,,,,,,,,,,,,,,,,,,,,,,,,,,,,,,,,,,"01,03,02",,"05,06,11,",,,,,,,,,,,,10,20,,05,,,2017-04-27,1469
ст.455,4,14740,3,,1,4550001,FE1R10P1,Сдача или оставление противнику средств ведения во,Соєыс жїргiзу ќўралдарын ќарсыласќа беру немесе ќа,,,,,,,,,,,,,,,,,,,,,,,,,,,,,,,,,,,,,,,,,4,0,,,NO,,,,,,,,,,,,,,,,,,,,,,,,,,,,,,,,,,,,,"01,03,02",,"05,06,11,",,,,,,,,,,,,10,20,,,,,2015-01-01,1470
ст.456,3,11290,3,,1,4560001,FE1R10P1,Добровольная сдача в плен,Тўтќынєа ґз еркiмен берiлу,,1,,,,,,,,,,,,,,,,,,,,,,,,,,,,,,,,,,,,,,,1,0,,,NO,,,,,,,,,,,,,,,,,,,,,,,,,,,,,,,,,,,,,01,,"05,06,11,",,,,,,,,,,,,5,10,,,,,2015-01-01,1471
ст.457,3,11300,3,,1,4570001,FE1R10P1,Мародерство,Мародерлік,,,,,,,,,,,,,,,,,,,,,,,,,,,,,,,,,,,,,,,,,1,0,,,NO,,,,,,,,,,,,,,,,,,,,,,,,,,,,,,,,,,,,,01,,"05,06,11,",,,,,,,,,,,,5,10,,,,,2015-01-01,1472
ст.458 ч.2,1,2540,3,,1,4580002,FE1R10P1,Разглашение секретных сведений военного характера,Јскери сипаттаєы ќўпия мјлiметтердi жария ету неме,,,,,,,,,,,,,,,,,,,,,,,,,,,,,,,,,,,,,,,,,1,0,,,,,,,,,,,,,,,,,,,,,,,,,,,,,,,,,,,,,,,,"05,06,11,01",,,,,2000,,2000,,,,,,2,,2,,,,,2015-01-01,1473
ст.458 ч.3,3,11310,3,,1,4580003,FE1R10P1,Разглашение секретных сведений военного характера,Јскери сипаттаєы ќўпия мјлiметтердi жария ету неме,,,,,,,,,,,,,,,,,,,,,,,,,,,,,,,,,,,,,,,,,1,0,,,,,,,,,,,,,,,,,,,,,,,,,,,,ALL,,,,,,,,,,,,01,,"05,06,11,",,,,,,,,,,,,5,10,,,,,2015-01-01,1474
ст.458 ч.4,3,12440,3,,1,4580004,FE1R10P1,Разглашение секретных сведений военного характера,Јскери сипаттаєы ќўпия мјлiметтердi жария ету неме,,,,,,,,,,,,,,,,,,,,,,,,,,,,,,,,,,,,,,,,,1,0,,,,,,,,,,,,,,,,,,,,,,,,,,,,,,,,,,,,ALL,,,,01,,"05,06,11,",,,,,,,,,,,,7,12,,,,,2015-01-01,1475
ст.458 ч.5,4,14210,3,,1,4580005,FE1R10P1,Разглашение секретных сведений военного характера,Јскери сипаттаєы ќўпия мјлiметтердi жария ету неме,,,,,,,,,,,,,,,,,,,,,,,,,,,,,,,,,,,,,,,,,1,0,,,,,,,,,,,,,,,,,,,,,,,,,,,,,,,,,,,,,,,,01,,"05,06,11,",,,,,,,,,,,,10,20,,,,,2015-01-01,1476
ст.459 ч.1,1,2550,3,,1,4590001,FE1R10P1,Умышленное уничтожение или повреждение военного им,Јскери мїлiктi ќасаќана жою немесе бїлдiру,,,,,,,,,,,,,,,,,,,,,,,,,,,,,,,,,,,,,,,,,1,0,,,NO,,,NO,,,,,,,,,,,,,,,,,,,,,,,,,,,,,,,,,,"05,06,11,01",,,,,2000,,2000,,,,,,2,,2,,,,,2015-01-01,1477
ст.459 ч.2,2,6190,3,,1,4590002,FE1R10P1,Умышленное уничтожение или повреждение военного им,Јскери мїлiктi ќасаќана жою немесе бїлдiру,,,,,,,,,,,,,,,,,,,,,,,,,,,,,,,,,,,,,,,,,1,0,,,NO,,,,,,,,,,,,,,,,,,,,,,,,,ALL,ALL,,,,,,,,,,,01,,"05,06,11,",,,,,,,,,,,,,5,,,,,2015-01-01,1478
ст.459 ч.3,3,12260,3,,1,4590003,FE1R10P1,Умышленное уничтожение или повреждение военного им,Јскери мїлiктi ќасаќана жою немесе бїлдiру,,,,,,,,,,,,,,,,,,,,,,,,,,,,,,,,,,,,,,,,,1,0,,,NO,,,,,,,,,,,,,,,,,,,,,,,,,,,,,,,,,ALL,,,,01,,"05,06,11,",,,,,,,,,,,,5,12,,,,,2015-01-01,1479
ст.459 ч.4,4,14220,3,,1,4590004,FE1R10P1,Умышленное уничтожение или повреждение военного им,Јскери мїлiктi ќасаќана жою немесе бїлдiру,,,,,,,,,,,,,,,,,,,,,,,,,,,,,,,,,,,,,,,,,1,0,,,NO,,,,,,,,,,,,,,,,,,,,,,,,,,,,,,,,,,,,,01,,"05,06,11,",,,,,,,,,,,,10,20,,,,,2015-01-01,1480
ст.460,0,1270,3,,2,4600001,FE1R10P1,Неосторожное уничтожение или повреждение военного,Јскери мїлiктi абайсызда жою немесе бїлдiру,,,,,,,,,,,,,,,,,,,,,,,,,,,,,,,,,,,,,,,,,1,0,,,NO,,,,,,,,,,,,,,,,,,ALL,,,,,,,ALL,,,,,,,,,,,,"05,06,12",,,,,200,,200,,,,50,,,,,,,,,2015-01-01,1481
ст.461,1,2560,3,,1,4610001,FE1R10P1,Утрата военного имущества,Јскери мїлiктi жоєалту,,1,,,,,,,,,ALL,,,,,,,,,,,,,,,,,,,,,,,,,,,,,,1,0,,,NO,,,,,,,,,,,,,,,,,,,,,,,,,,,,,,,,,,,,,"05,06,11,01",,,,,2000,,2000,,,,,,2,,2,,,,,2015-01-01,1482
ст.462 ч.1,1,2400,3,,1,4620001,FE1R10P1,"Нарушение правил обращения с оружием, а также с ве","Ќару-жараќпен, сондай-аќ айналадаєыларєа ќауiп тґн",,,,,,,,,,,,,,,,ALL,,,,,,,,,,,,,,,,,,,,,,,,,1,0,,,NO,,,,,,,,,,,,,,,,,,ALL,,,,,,,ALL,,,,,,,,,,,,"05,06,11,01",,,,,2000,,2000,,,,,,2,,2,,,,,2015-01-01,1483
ст.462 ч.2,1,5970,3,,1,4620002,FE1R10P1,"Нарушение правил обращения с оружием, а также с ве","Ќару-жараќпен, сондай-аќ айналадаєыларєа ќауiп тґн",,,,,,,,,,,,,,,,,,,,,,,,,,,,,,,,,,,,,,,,,1,0,,,,,,,,,,,,,,,,,,,,,ALL,,,,,,,ALL,,,,,,,,,,,,01,,"05,06,11,",,,,,,,,,,,,,5,,,,,2015-01-01,1484
ст.462 ч.3,2,11000,3,,1,4620003,FE1R10P1,"Нарушение правил обращения с оружием, а также с ве","Ќару-жараќпен, сондай-аќ айналадаєыларєа ќауiп тґн",,,,,,,,,,,,,,,,,,,,,,,,,,,,,,,,,,,,,,,,,1,0,,,,,,,,,,,,,,,,,,,,,ALL,,,,,,,ALL,,,,,,,,,,,,01,,"05,06,11,",,,,,,,,,,,,5,10,,,,,2015-01-01,1485
ст.463 ч.1,0,580,3,,2,4630001,FE1R10P1,Нарушение правил вождения или эксплуатации машин,Машиналарды жїргiзу немесе пайдалану ќаєидаларын б,,,,,,,,,,,,,,,,,,,,,,,,,,,,,,,,,,,,,,,,,1,0,,,NO,,,,,,ALL,,,,,,,,,,,,ALL,,,,,,,,,,,,,,,,,,,"05,06,12",,,,,160,,160,,,,40,,,,,02,,,2,2015-01-01,1486
ст.463 ч.2,1,4250,3,,1,4630002,FE1R10P1,Нарушение правил вождения или эксплуатации машин,Машиналарды жїргiзу немесе пайдалану ќаєидаларын б,,,,,,,,,,,,,,,,,,,,,,,,,,,,,,,,,,,,,,,,,1,0,,,,,,,,,ALL,,,,,,,,,,,,ALL,,,,,,,ALL,,,,,,,,,,,,"05,06,11,01",,,,,3000,,3000,,,,,,3,,3,02,,,3,2015-01-01,1487
ст.463 ч.3,1,6040,3,,1,4630003,FE1R10P1,Нарушение правил вождения или эксплуатации машин,Машиналарды жїргiзу немесе пайдалану ќаєидаларын б,,,,,,,,,,,,,,,,,,,,,,,,,,,,,,,,,,,,,,,,,1,0,,,,,,,,,,,,,,,ALL,,,,,,ALL,,,,,,,ALL,,,,,,,,,,,,01,,"05,06,11,",,,,,,,,,,,,,5,02,,,5,2015-01-01,1488
ст.463 ч.4,2,11080,3,,1,4630004,FE1R10P1,Нарушение правил вождения или эксплуатации машин,Машиналарды жїргiзу немесе пайдалану ќаєидаларын б,,,,,,,,,,,,,,,,,,,,,,,,,,,,,,,,,,,,,,,,,1,0,,,NO,,,,,,,,,,,,,ALL,,,,,ALL,,,,,,,ALL,,,,,,,,,,,,01,,"05,06,11,",,,,,,,,,,,,5,10,02,,,10,2015-01-01,1489
ст.464,2,8430,3,,1,4640001,FE1R10P1,Нарушение правил полетов или подготовки к ним,Ўшу немесе оєан дайындалу ќаєидаларын бўзу,,1,,,,,,,,,,,,,,,,,,,,,,,,,,,,,,,,,,,,,,,3,0,,,NO,,,,,,,,,,,,,,,,,,ALL,,,,,,,ALL,,,,,,,,,,,,"11,01",,"05,06,",,,,,,,,,,,7,,7,,02,,10,2015-01-01,1490
ст.464 ч.1,0,1280,3,,2,4640001,FE1R10P1,Нарушение правил полетов или подготовки к ним,Ўшу немесе оєан дайындалу ќаєидаларын бўзу,,1,,,,,,,,,,,,,,,,,,,,,,,,,,,,,,,,,,,,,,,1,0,,,NO,,,,,,,,,,,,,,,,,,ALL,,,,,,,ALL,,,,,,,,,,,,"05,06,12",,,,,200,,200,,,,50,,,,,,,,,2019-05-03,1491
ст.464 ч.2,1,5480,3,,1,4640002,FE1R10P1,Нарушение правил полетов или подготовки к ним,Ўшу немесе оєан дайындалу ќаєидаларын бўзу,,1,,,,,,,,,,,,,,,,,,,,,,,,,,,,,,,,,,,,,,,1,0,,,NO,,,,,,,,,,,,,,,,,,ALL,,,,,,,ALL,,,,,,,,,,,,"11,01",,"05,06,",,,,,,,,,,,4,,4,,02,,3,2019-05-03,1492
ст.464 ч.3,2,10920,3,,1,4640003,FE1R10P1,Нарушение правил полетов или подготовки к ним,Ўшу немесе оєан дайындалу ќаєидаларын бўзу,,1,,,,,,,,,,,,,,,,,,,,,,,,,,,,,,,,,,,,,,,1,0,,,NO,,,,,,,,,,,,,,,,,,ALL,,,,,,,ALL,,,,,,,,,,,,01,,"05,06,11,",,,,,,,,,,,,4,10,,02,,10,2019-05-03,1493
ст.465,2,8440,1,,1,4650001,FE1R10P1,Нарушение правил кораблевождения,Корабль жїргiзу ќаєидаларын бўзу,,,,,,,,,,,,,,,,,,,,,,,,,,,,,,,,,,,,,,,,,1,0,,,,,,,,,,,,,,,,,,,,,ALL,,,,,,,ALL,,,,,,,,,,,,"11,01",,"05,06,",,,,,,,,,,,7,,7,,02,,10,2015-01-01,1494
ст.466 ч.1,0,1290,1,,2,4660001,FE1R10P1,"Вождение машин, кораблевождение, управление военны","Адамныѕ алкогольдік, есірткілік немесе уытќўмарлыќ",,,,,,,,,,,,,,,,,,,,,,,,,,,,,,,,,,,,,,,,,1,0,,,,,,,,,,,,,,,,,,,,,ALL,,,,,,,,,,,,,,,,ALL,,,"05,06,12",,,,,200,,200,,,,50,,,,,02,,,2,2015-01-01,1495
ст.466 ч.2,1,2390,1,,1,4660002,FE1R10P1,"Вождение машин, кораблевождение, управление военны","Адамныѕ алкогольдік, есірткілік немесе уытќўмарлыќ",,,,,,,,,,,,,,,,,,,,,,,,,,,,,,,,,,,,,,,,,1,0,,,,,,,,,ALL,,,,,,,,,,,,ALL,,,,,,,,,,,,,,,,,,,"05,06,11,01",,,,,1000,,1000,,,,,,2,,2,02,,,5,2015-01-01,1496
ст.466 ч.3,1,6660,1,,1,4660003,FE1R10P1,"Вождение машин, кораблевождение, управление военны","Адамныѕ алкогольдік, есірткілік немесе уытќўмарлыќ",,,,,,,,,,,,,,,,,,,,,,,,,,,,,,,,,,,,,,,,,1,0,,,,,,,,,ALL,,,,,,,,,,,,ALL,,,,,,,ALL,,,,,,,,,,,,"05,06,11,01",,,,,3000,,3000,,,,,,5,,5,02,,,6,2015-01-01,1497
ст.466 ч.4,2,11070,1,,1,4660004,FE1R10P1,"Вождение машин, кораблевождение, управление военны","Адамныѕ алкогольдік, есірткілік немесе уытќўмарлыќ",,,,,,,,,,,,,,,,,,,,,,,,,,,,,,,,,,,,,,,,,1,0,,,,,,,,,,,,,,,ALL,,,,,,ALL,,,,,,,ALL,,,,,,,,,,,,01,,"05,06,11,",,,,,,,,,,,,5,10,02,,,7,2015-01-01,1498
ст.466 ч.5,2,12410,1,,1,4660005,FE1R10P1,"Вождение машин, кораблевождение, управление военны","Адамныѕ алкогольдік, есірткілік немесе уытќўмарлыќ",,,,,,,,,,,,,,,,,,,,,,,,,,,,,,,,,,,,,,,,,1,0,,,,,,,,,,,,,,,,ALL,,,,,ALL,,,,,,,,,,,,,,,,,,,01,,"05,06,11,",,,,,,,,,,,,7,12,02,,,10,2015-01-01,1499
